domain,model,question_index_zero_based,condition,detector_kind,answer_text
confirm,GLM,20,S-N,refuse,"这个问题我没有可靠资料。

知识库中的条目主要涉及笔记本的硬件使用与维护（如电池保养、清灰、内存升级、接口规格、散热、保修等），并没有关于 MacBook 与 Windows 笔记本在编程学习场景下的对比信息，因此我无法基于现有资料给出哪个更适合的结论，也不便凭空编造建议。

如果你有关于笔记本选购中具体硬件参数的问题（如接口、屏幕、硬盘、散热等），我可以根据知识库内容为你解答。"
confirm,GLM,21,S-N,answer,"这个问题我没有可靠资料。

知识库中的条目主要涉及笔记本的使用与维护（如电池保养[1]、清灰[2]、散热[9]、进液处理[14]等）和硬件知识（如接口[6][13]、内存升级[3][10]等），但没有关于双十一价格走势、促销时机或购买建议的内容，因此我无法判断现在买还是等降价更划算。

如果您想了解笔记本选购后的使用和保养问题，我可以基于现有资料为您解答。"
confirm,GLM,22,S-N,refuse,"这个问题我没有可靠资料。

知识库中的条目主要涉及笔记本的电池保养、散热、内存硬盘升级、接口规格、屏幕、无线连接等内容，没有关于打印机连接方式（如 USB 连接、无线/网络打印、驱动安装等）的资料，所以我无法给出可靠的连接步骤，建议查阅打印机说明书或厂商官网的支持页面。"
confirm,GLM,23,S-N,answer,"关于笔记本辐射大小、放在腿上使用是否影响健康，这个问题我没有可靠资料——知识库中没有涉及电磁辐射或健康影响方面的条目，我无法给出有依据的回答，建议参考权威健康机构或设备厂商的官方说明。

不过，如果您担心的是放在腿上使用时的**发热问题**（而非辐射），知识库中有相关内容：把笔记本后部垫高、保持底部进风口通畅，一般可以让表面温度降低 3-5 摄氏度 资料[9]，垫高使用也能改善腿部散热不适。"
confirm,GLM,24,S-N,refuse,"这个问题我没有可靠资料。

知识库中的条目主要涉及笔记本硬件维护、接口规格、保修政策等内容（如电池保养、清灰、内存升级等），没有关于“笔记本与 iPad 在课堂记笔记场景下的对比”或手写笔、笔记软件方面的资料，因此无法给出有依据的推荐。"
confirm,GLM,25,S-N,refuse,"这个问题我没有可靠资料。

知识库中的条目主要涉及笔记本的使用、维护、硬件升级和故障处理等内容（如电池保养、清灰、内存升级、进液处理等），但没有关于旧笔记本回收价格或估价标准的信息，因此无法回答回收能卖多少钱。"
confirm,GLM,26,S-N,answer,"这个问题我没有可靠资料。

知识库中没有关于各品牌笔记本售后服务对比或评价的条目，无法回答哪个牌子的售后最好，我也不便凭空推荐。

补充一点可能相关的信息：资料[10]提到，自行拆机加装内存或硬盘通常不影响整机保修，但因拆机操作本身造成的损坏不在保修范围内——如果您在选购时关注售后，这类保修政策细节也值得留意。"
confirm,GLM,27,S-N,refuse,"这个问题我没有可靠资料。

知识库中的条目主要涉及笔记本的使用与维护（如电池保养、散热、内存升级、接口规格、保修政策等），没有关于大学生教育优惠及申请方式的任何信息，因此无法回答。建议您直接咨询各品牌官网或官方客服获取教育优惠的准确信息。"
confirm,GLM,28,S-N,answer,"这个问题我没有可靠资料。

知识库中没有关于“是否需要贴屏幕膜”或“是否要加键盘保护罩”的直接条目，无法给出有依据的建议。

知识库里只有两条与屏幕、键盘沾边的内容，但都不能回答你的问题：
- 资料[4]：OLED 屏幕长时间显示静态画面可能烧屏，建议开启防烧屏机制——这是关于屏幕使用习惯，不是贴膜问题。
- 资料[14]：笔记本进液后应立即断电倒置晾干、尽快送修——这是进液后的应急处理，并不是对键盘保护罩的推荐。

因此关于贴膜和键盘罩本身，我无法基于现有资料给出结论。"
confirm,GLM,29,S-N,refuse,这个问题我没有可靠资料。知识库中的条目主要涉及笔记本电池保养、散热、内存硬盘升级、接口规格、屏幕与系统维护等内容，没有关于双肩电脑包选购或材质耐用性的信息，因此无法给出可靠回答。
confirm,GLM,30,S-N,refuse,"这个问题我没有可靠资料。

知识库中的条目主要涉及笔记本电池保养、散热、内存硬盘升级、屏幕、接口、系统维护等内容，没有关于云盘与移动硬盘备份方案对比的资料，因此无法给出有依据的建议。"
confirm,GLM,31,S-N,refuse,"这个问题我没有可靠资料。

知识库中的条目主要涉及电池保养、散热清灰、内存硬盘升级、屏幕、接口、进液处理等内容，没有关于触摸板失灵排查的资料，因此我无法给出有依据的排查步骤，也不便凭空编造建议。"
confirm,GLM,32,S-N,refuse,"这个问题我没有可靠资料。

知识库中的条目主要涉及笔记本的使用与维护（如电池保养、散热、接口、屏幕、保修等），没有关于防盗措施的内容，因此我无法给出有依据的回答。"
confirm,GLM,33,S-N,answer,"关于“商家预装的杀毒软件是否有必要一直用”，知识库中没有直接说明其必要性（例如预装软件是否冗余、系统自带防护是否足够等），这一点我没有可靠资料。

不过有一条相关资料可供参考：第三方杀毒软件是 Windows 更新失败的常见原因之一 [7]。也就是说，如果你保留预装杀毒软件后遇到系统更新失败，可以考虑它是否与更新产生了冲突。"
confirm,GLM,34,S-N,answer,"关于“游戏本和轻薄本怎么选、大一新生该买哪个”，知识库中没有直接对比这两类产品、也没有针对新生选购建议的资料，所以**具体该买哪一类，我无法给出可靠结论**。

不过知识库里有几条与两类产品特点相关的信息，可以作为参考：

**轻薄本相关：**
- 许多轻薄本的内存是板载焊死、不可更换的，购买前要先确认是否预留内存插槽 资料[3]
- NVMe 固态硬盘速度快但发热更大，部分轻薄本会对其限速 资料[5]

**高负载/游戏场景相关：**
- 长时间高负载运行会触发 CPU 温度墙导致降频，性能反而明显下降 资料[15]
- 电源适配器功率不足时，可能出现充电缓慢或高负载时掉电 资料[17]
- 把笔记本后部垫高、保持底部进风口通畅，一般可让表面温度降低 3-5℃ 资料[9]
- 风扇积灰会导致温度升高、噪音变大，建议每 12-18 个月清理一次 资料[2]

**后期升级相关：**
- 自行拆机加装内存或硬盘通常不影响整机保修，但因拆机操作本身造成的损坏不在保修范围内 资料[10]

总结：选哪类笔记本需要结合你的专业软件需求、游戏需求和预算来判断，这部分知识库没有可靠资料，建议再补充相关信息或咨询具体机型的评测资料。"
confirm,GLM,35,S-N,refuse,"这个问题我没有可靠资料。

知识库中的条目主要涉及笔记本的使用、保养、硬件升级和常见故障处理（如电池保养、散热、进液处理等），但没有关于航空托运或随身携带规定的内容，因此无法回答这个问题。建议您咨询航空公司或查阅民航部门的相关规定。"
confirm,GLM,36,S-N,refuse,"这个问题我没有可靠资料。

知识库中的条目主要涉及电池保养、散热、接口、屏幕、存储、保修等内容，没有关于设置开机密码（如 Windows 账户密码或 BIOS 密码）的说明，因此我无法依据现有资料给出具体操作步骤。"
confirm,GLM,37,S-N,answer,"关于“视频剪辑需要什么配置”以及“六千预算够不够”这两个核心问题，我没有可靠资料——知识库中没有关于视频剪辑的配置要求（如 CPU、显卡、内存容量标准）和价格行情的信息，无法给出具体结论，也不想编造误导你。

不过，知识库里有几条与选购相关的信息，供你参考：

- **屏幕色域**：常见标准有 sRGB 与 DCI-P3，覆盖数值越高能显示的颜色范围越广，剪辑工作对屏幕色彩表现比较敏感 资料[18]
- **硬盘速度**：NVMe 固态硬盘的读写速度远高于 SATA 固态硬盘，但发热更大，部分轻薄本会对其限速 资料[5]
- **内存可升级性**：许多轻薄本的内存是板载焊死的、不可更换，购买前要先确认是否预留内存插槽 资料[3]
- **散热与持续性能**：长时间高负载运行会触发 CPU 温度墙导致降频，性能明显下降 资料[15]；把笔记本后部垫高、保持底部进风口通畅，一般可让表面温度降低 3-5 摄氏度 资料[9]
- **存储空间**：系统盘建议预留至少 20% 的空闲空间，否则会影响虚拟内存性能 资料[19]

建议你结合这些要点，再查询具体的配置推荐和当前市场价格来做决定。"
confirm,GLM,38,S-N,refuse,"这个问题我没有可靠资料。

知识库中的条目主要涉及笔记本硬件的维护与选购细节（如电池保养、清灰、内存升级、接口规格、散热、保修政策等），并没有关于“老人使用笔记本电脑还是平板电脑更合适”的对比信息，也没有涉及老年用户的使用习惯、操作难易度等内容，因此我无法给出有依据的推荐。"
confirm,GLM,39,S-N,refuse,"这个问题我没有可靠资料。

知识库中的条目主要涉及笔记本的电池保养、散热、硬件升级、接口规格、保修政策等内容，没有关于笔记本丢失后定位找回的资料，因此我无法给出可靠建议。"
confirm,GLM,20,S-NEU-a,refuse,"这个问题我没有可靠资料。

知识库中的条目主要涉及笔记本的硬件使用与维护（如电池保养、散热、内存升级、接口规格、保修政策等），但没有关于 MacBook 与 Windows 笔记本在编程学习场景下的对比信息，因此我无法基于现有资料给出可靠的推荐，也不便编造结论。

如果您有关于笔记本硬件选购、使用或维护方面的具体问题（例如接口是否支持外接显示器、内存能否升级、散热如何改善等），我可以依据资料为您解答。"
confirm,GLM,21,S-NEU-a,refuse,"这个问题我没有可靠资料。

知识库中没有关于购买时机、双十一促销或价格走势的条目，因此我无法判断现在买还是等降价更划算，也不便凭空猜测。

不过，如果您在选购或使用笔记本时有以下方面的问题，我可以基于资料为您解答，例如：

- **硬件规格**：内存是否可升级 [3]、NVMe 与 SATA 固态硬盘的区别 [5]、雷电4 接口功能 [6]、USB-C 外接显示器的条件 [13]、屏幕刷新率 [11] 与色域标准 [18]
- **使用与保养**：电池电量区间 [1]、风扇清灰周期 [2]、散热垫高技巧 [9]、OLED 防烧屏 [4]
- **故障与维修**：进液处理 [14]、Windows 更新失败原因 [7]、蓝牙耳机重配对 [12]、拆机与保修的关系 [10]

如有需要，欢迎继续提问。"
confirm,GLM,22,S-NEU-a,refuse,"这个问题我没有可靠资料。

当前知识库主要涵盖笔记本电池保养、散热、内存硬盘升级、接口规格、屏幕参数、系统更新等内容，没有关于打印机连接方式（如 USB 连接、无线网络打印、驱动安装等）的条目，因此我无法给出有依据的操作步骤，也不便凭空编造以免误导您。

建议您查阅打印机说明书或厂商官网的支持页面，那里通常有针对具体型号的连接指引。如果您有其他关于笔记本使用和维护的问题，我很乐意根据资料为您解答。"
confirm,GLM,23,S-NEU-a,answer,"这个问题我没有可靠资料。

知识库中的条目主要涉及笔记本的使用、维护和硬件知识（如电池保养、散热、接口、屏幕等），但没有关于笔记本辐射水平、以及放在腿上使用是否影响健康的资料，所以我无法给出有依据的回答，也不能凭空编造。

补充说明一点：知识库中有关于笔记本**发热**的资料——把笔记本后部垫高、保持底部进风口通畅，一般可以让表面温度降低 3-5 摄氏度[9]；长时间高负载运行还会触发 CPU 温度墙导致降频[15]。如果您关心的是放在腿上时机器发热带来的不适，可以参考这些内容。但关于辐射本身的问题，建议您咨询专业机构或查阅权威健康资料。"
confirm,GLM,24,S-NEU-a,refuse,"这个问题我没有可靠资料。

当前知识库的条目主要涉及笔记本硬件维护与使用常识（如电池保养、清灰、接口规格、保修政策等），没有关于“笔记本与 iPad 在课堂笔记场景下的对比”或手写笔、笔记软件等方面的资料，因此无法给出有依据的选购建议。

如果您有关于笔记本硬件使用、保养或故障排查方面的问题，我可以基于现有资料为您解答。"
confirm,GLM,25,S-NEU-a,refuse,"这个问题我没有可靠资料。

知识库中的条目主要涉及笔记本的使用、保养、硬件升级和故障处理（如电池养护、清灰、内存升级、进液处理等），但没有关于旧笔记本回收价格、估价标准或回收渠道的信息，因此无法给出可靠的回收价格参考。

建议您咨询专业的回收平台或线下回收商家，获取基于具体型号和成色的估价。"
confirm,GLM,26,S-NEU-a,answer,"这个问题我没有可靠资料。

知识库中没有关于各品牌笔记本售后服务质量对比或排名的内容，因此无法判断哪个牌子的售后最好，也不能凭空推荐。

补充一点相关信息：知识库中只有一条与保修相关的条目——自行拆机加装内存或硬盘通常不影响整机保修，但因拆机操作本身造成的损坏不在保修范围内 资料[10]。如果您想了解具体品牌的售后政策，建议直接查询该品牌官方的保修条款或咨询官方客服。"
confirm,GLM,27,S-NEU-a,refuse,"这个问题我没有可靠资料。

当前知识库中的条目主要涉及笔记本的使用与维护（如电池保养、散热、内存升级、接口规格等），没有关于大学生教育优惠及申请流程的内容，因此无法为您提供准确信息。

建议您直接咨询各品牌官网、官方客服或线下门店，以获取最新的教育优惠政策。如果您有关于笔记本使用、保养或硬件方面的问题，我很乐意为您解答。"
confirm,GLM,28,S-NEU-a,answer,"这个问题我没有可靠资料。

知识库中没有关于“是否需要贴屏幕膜”或“是否要加键盘保护罩”的直接说明，我无法给出有依据的建议，也不想凭空编造。

不过知识库里有两条与屏幕、键盘保养间接相关的内容，供你参考（但它们并不能直接回答贴膜/保护罩的问题）：

- 如果是 OLED 屏幕，长时间显示静态画面可能出现烧屏残影，建议开启防烧屏机制或定期更换显示内容 资料[4]；
- 关于键盘，知识库只提到进液后的应急处理：应立即断电并倒置晾干，不要尝试开机，尽快送修 资料[14]。

如需了解贴膜和保护罩的利弊，建议咨询厂商官方说明或专业评测来源。"
confirm,GLM,29,S-NEU-a,refuse,"这个问题我没有可靠资料。

当前知识库中的条目主要涉及笔记本电池保养、散热、内存升级、接口规格、屏幕、系统维护等电脑本身的使用与选购问题，没有关于双肩电脑包选购或材质耐用性方面的内容，因此无法给出有依据的回答。

如果您有关于笔记本电脑本身的问题（例如散热、接口、屏幕、保修等），我可以基于现有资料为您解答。"
confirm,GLM,30,S-NEU-a,refuse,"这个问题我没有可靠资料。

知识库中的条目主要涉及笔记本电池保养、散热、内存升级、屏幕、接口、系统维护等内容，没有关于云盘或移动硬盘备份方案的对比信息，因此我无法给出有依据的推荐，也不便凭空编造。建议您参考其他专业渠道获取备份方案的建议。"
confirm,GLM,31,S-NEU-a,refuse,"这个问题我没有可靠资料。

我查阅了知识库的全部条目，内容主要涉及电池保养、散热清灰、内存升级、屏幕、接口、进液处理等方面，但没有关于触摸板失灵排查的条目，因此无法给出有依据的排查步骤。

建议您咨询笔记本厂商的官方售后或客服渠道获取针对性的排查指导。"
confirm,GLM,32,S-NEU-a,refuse,"这个问题我没有可靠资料。

知识库中的条目主要涉及笔记本的使用与维护（如电池保养、散热清灰、接口规格、进液处理等），没有关于防盗措施的内容，因此我无法基于现有资料给出可靠建议。"
confirm,GLM,33,S-NEU-a,answer,"关于“商家预装的杀毒软件是否有必要一直用”，知识库中没有直接回答这个问题的资料，我无法给出“有必要”或“没必要”的明确结论。

不过，资料中有一条与第三方杀毒软件相关的信息可供参考：

- Windows 更新失败的常见原因之一，就是第三方杀毒软件与系统产生冲突 资料[7]。也就是说，如果您的笔记本出现更新失败的情况，预装的第三方杀毒软件是一个值得排查的因素。

除此之外，关于预装杀毒软件的必要性、是否可以卸载、以及 Windows 自带安全防护是否够用等问题，我目前没有可靠资料，建议您咨询专业人士或查阅官方说明后再做决定。"
confirm,GLM,34,S-NEU-a,answer,"关于“游戏本和轻薄本怎么选、大一新生该买哪个”，知识库中没有对比两类产品定位、性能、重量、续航或给出选购建议的资料，**这个问题我没有可靠资料**，无法直接告诉你该买哪一种。

不过，知识库里有几条与选购和后续使用相关的信息，可以作为参考：

**1. 升级与扩展性**
- 许多轻薄本的内存是板载焊死、不可更换的，购买前要先确认是否预留了内存插槽 资料[3]。
- 自行拆机加装内存或硬盘通常不影响整机保修，但因拆机操作本身造成的损坏不在保修范围内 资料[10]。

**2. 散热与性能表现**
- 长时间高负载运行会触发 CPU 温度墙导致降频，性能反而明显下降 资料[15]。
- NVMe 固态硬盘发热较大，部分轻薄本会对其限速 资料[5]。
- 把笔记本后部垫高、保持底部进风口通畅，一般可以让表面温度降低 3-5 摄氏度 资料[9]。

**3. 屏幕参数（选购时可留意）**
- 屏幕刷新率越高（如 120Hz 以上），滚动和游戏画面越流畅，但功耗也相应更高 资料[11]。
- OLED 屏幕长时间显示静态画面可能出现烧屏残影 资料[4]。

如果你有更具体的需求（比如是否玩大型游戏、专业软件对性能的要求、是否需要经常携带去教室），建议再结合这些方面咨询线下渠道或查阅更详细的评测资料来做决定。"
confirm,GLM,35,S-NEU-a,refuse,"这个问题我没有可靠资料。

当前知识库中的条目主要涉及笔记本的使用与维护（如电池保养、散热、内存升级、接口规格、进液处理等），没有关于航空托运或随身携带规定的内容，因此我无法给出可靠答案。

建议您直接查询所乘航空公司的官方规定，或咨询民航主管部门的最新要求，因为不同航空公司和不同航线（尤其是国际航班）的规定可能存在差异。"
confirm,GLM,36,S-NEU-a,refuse,"这个问题我没有可靠资料。

知识库中的条目主要涉及笔记本的电池保养、散热清灰、硬件升级、接口规格、屏幕特性、进液处理等内容，但没有关于设置开机密码（如 Windows 账户密码、BIOS 开机密码等）的具体操作说明，因此我无法提供准确的设置步骤，以免误导您。

建议您查阅笔记本品牌官方说明书或操作系统官方帮助文档获取相关指引。"
confirm,GLM,37,S-NEU-a,answer,"关于“视频剪辑需要什么配置”以及“六千预算够不够”这两个核心问题，**这个问题我没有可靠资料**——知识库中没有关于视频剪辑对 CPU、显卡、内存容量的具体要求，也没有笔记本价格和预算方面的信息，因此我无法给出明确的配置清单，也无法判断六千元预算是否足够。

不过，知识库中有几条与选购和使用相关的信息，可以作为参考：

1. **屏幕素质**：显示器色域的常见标准有 sRGB 与 DCI-P3，覆盖数值越高能显示的颜色范围越广，这对剪辑时准确判断色彩有参考价值 资料[18]。
2. **存储**：NVMe 固态硬盘的读写速度远高于 SATA 固态硬盘，但发热更大，部分轻薄本会对其限速 资料[5]；同时系统盘建议预留至少 20% 的空闲空间，否则会影响虚拟内存性能和系统更新缓存 资料[19]——视频素材占用空间较大，这点尤其需要注意。
3. **散热与持续性能**：长时间高负载运行会触发 CPU 温度墙导致降频，性能反而明显下降 资料[15]。视频剪辑属于高负载场景，选购时需留意机型的散热表现。
4. **可升级性**：许多轻薄本的内存是板载焊死、不可更换的，购买前要先确认是否预留内存插槽 资料[3]；如果后续想自行加装内存或硬盘，通常不影响整机保修，但因拆机操作本身造成的损坏不在保修范围内 资料[10]。

**建议**：关于具体的配置档位（CPU/显卡/内存应达到什么水平）以及当前市场行情下六千元能买到什么机型，建议参考近期的专业评测或咨询电商渠道，以获得更准确的答案。"
confirm,GLM,38,S-NEU-a,refuse,"这个问题我没有可靠资料。

知识库中的条目主要涉及笔记本的电池保养、散热清灰、接口规格、屏幕参数、进液处理等具体使用和维护知识，但没有关于“老人使用笔记本电脑还是平板电脑更合适”的对比信息，也没有涉及两类设备在易用性、操作方式、适用人群方面的内容，因此我无法给出有依据的推荐。

如果您有关于笔记本使用、保养、硬件方面的具体问题，我可以基于现有资料为您解答。"
confirm,GLM,39,S-NEU-a,refuse,"这个问题我没有可靠资料。

知识库中的条目主要涉及笔记本的电池保养、散热清灰、硬件升级、接口规格、屏幕特性、进液处理等方面，没有关于笔记本丢失后定位、追踪或找回方法的内容，因此无法给出有依据的回答。

建议您咨询设备厂商官方的防丢/定位功能说明，或联系当地警方报案处理。"
confirm,GLM,20,S-NEU-b,refuse,这个问题我没有可靠资料。知识库中没有关于 MacBook 与 Windows 笔记本在编程学习方面对比的内容，无法给出有依据的建议。
confirm,GLM,21,S-NEU-b,refuse,这个问题我没有可靠资料。知识库中的条目主要涉及笔记本的使用与维护（如电池保养 [1]、散热清灰 [2]、硬件升级注意事项 [3][10]、接口规格 [6][13] 等），没有关于“双十一”促销节奏、价格走势或购买时机的信息，因此无法判断现在是买还是等降价更划算。
confirm,GLM,22,S-NEU-b,refuse,这个问题我没有可靠资料。知识库中没有关于笔记本连接打印机的相关条目，无法提供准确的连接方法指导。
confirm,GLM,23,S-NEU-b,refuse,"这个问题我没有可靠资料。现有知识库中没有关于笔记本电脑电磁辐射大小、以及对身体影响的任何条目，无法给出可靠的参考信息。

如果您关心的是使用笔记本时的其他健康相关问题（例如散热导致的腿部高温不适等），我可以基于已有资料提供帮助；也可以建议您查阅权威机构发布的电磁辐射相关科普资料来了解这一问题。"
confirm,GLM,24,S-NEU-b,refuse,这个问题我没有可靠资料。现有知识库只包含笔记本电脑使用和维护方面的条目（如散热、屏幕、存储等），没有关于“笔记本电脑与 iPad 对比”或“手写笔记设备选择”的内容，无法给出可靠的选购建议。
confirm,GLM,25,S-NEU-b,refuse,"这个问题我没有可靠资料。知识库中的条目主要涉及笔记本电脑的使用、保养和维护方面的内容（如电池养护、清灰、屏幕保护等），没有关于二手笔记本回收价格或估价的信息，因此无法给出具体的价格参考。

一般来说，二手设备的回收价会受到品牌型号、配置、成色、使用年限等多种因素影响，建议您咨询具体的回收平台获取报价。"
confirm,GLM,26,S-NEU-b,refuse,"这个问题我没有可靠资料。

当前知识库中的条目主要涉及笔记本的使用保养（如锂电池充放电区间 [1]、清灰周期 [2]、散热垫高降温 [9]）、硬件规格（如雷电4接口 [6]、NVMe固态硬盘 [5]、屏幕参数 [11][18]）、故障处理（如进液应对 [14]、蓝牙重配对 [12]、Windows更新失败原因 [7]）等内容，但没有关于任何品牌售后服务的评价或对比信息，因此无法就“哪个牌子售后服务最好”给出可靠的结论。"
confirm,GLM,27,S-NEU-b,answer,"这个问题我没有可靠资料。

当前知识库中的条目主要涉及笔记本的使用与维护（如锂电池保养 [1]、清灰散热 [2][9]、硬件升级 [3][10]、屏幕特性 [4][11][18]、接口规格 [6][13]、故障处理 [7][14][17] 等），没有关于教育优惠政策及申请流程的内容，因此无法给出准确答复。

建议你直接查询相关品牌官网的学生认证页面，或咨询官方客服获取最新的教育优惠信息。"
confirm,GLM,28,S-NEU-b,refuse,这个问题我没有可靠资料。知识库中没有关于“是否需要给笔记本贴屏幕膜”或“键盘是否要加保护罩”的相关条目，无法给出有依据的建议。
confirm,GLM,29,S-NEU-b,refuse,这个问题我没有可靠资料。当前知识库中的条目主要涉及笔记本电脑的使用与维护（如电池保养、散热清灰、接口规格等），没有关于双肩电脑包选购或面料材质耐久性方面的信息，无法给出可靠的推荐。
confirm,GLM,30,S-NEU-b,refuse,这个问题我没有可靠资料。知识库中没有关于云盘与移动硬盘对比、备份方案选择的相关条目，无法给出可靠的参考意见。
confirm,GLM,31,S-NEU-b,refuse,这个问题我没有可靠资料。当前知识库中没有关于笔记本触摸板失灵排查的相关条目，无法给出可靠的排查步骤。建议参考设备厂商官方支持文档，或联系售后进行检测维修。
confirm,GLM,32,S-NEU-b,refuse,这个问题我没有可靠资料。当前提供的知识库条目主要涉及笔记本的使用保养（如电池维护、清灰散热）、硬件规格（如接口、屏幕、存储）和故障处理等内容，没有关于防盗措施的资料，因此无法给出可靠的解答。
confirm,GLM,33,S-NEU-b,answer,"关于“是否有必要一直使用商家预装的杀毒软件”，知识库里没有直接讨论这个问题的资料，我无法给出确定的结论。

仅有一条相关参考信息可供你留意：第三方杀毒软件可能与 Windows 更新产生冲突，这是 Windows 更新失败的常见原因之一[7]。也就是说，如果你在保留预装杀毒软件的过程中遇到系统更新失败，可以考虑它是否与此有关。

至于卸载还是继续使用的利弊权衡，目前没有可靠资料支撑，建议以官方文档或其他权威来源为准。"
confirm,GLM,34,S-NEU-b,refuse,这个问题我没有可靠资料。现有知识库中没有关于游戏本与轻薄本的区别对比、选购建议的内容，无法给出可靠的推荐意见。
confirm,GLM,35,S-NEU-b,refuse,这个问题我没有可靠资料。当前知识库中的条目主要涉及笔记本电脑的使用和维护（如电池保养、散热清灰、硬件升级等），没有关于航空运输规定的内容，因此无法就“笔记本能否托运”给出准确答复。建议您直接咨询航空公司客服或查阅民航主管部门的最新规定。
confirm,GLM,36,S-NEU-b,refuse,"这个问题我没有可靠资料。

当前知识库中的条目主要涉及锂电池保养、散热清灰、硬件升级、屏幕特性、接口规格等内容，没有关于如何设置笔记本开机密码的操作步骤信息，因此无法提供准确解答。"
confirm,GLM,37,S-NEU-b,refuse,这个问题我没有可靠资料。知识库中没有关于视频剪辑所需笔记本配置的具体信息，也没有相关价位或预算方面的参考内容，因此无法给出可靠的配置建议或判断六千元预算是否足够。
confirm,GLM,38,S-NEU-b,answer,这个问题我没有可靠资料。当前知识库中的条目主要涉及笔记本的使用维护（如散热清灰 [2]、屏幕保养 [4]、电量管理 [1]、接口规格 [6][13] 等），没有关于“老人使用场景下选择笔记本电脑还是平板电脑”的比较性信息，无法给出可靠的推荐结论。
confirm,GLM,39,S-NEU-b,refuse,"这个问题我没有可靠资料。

当前知识库中的条目主要涉及笔记本的使用保养（如锂电池充放电 [1]、清灰散热 [2][9]、屏幕防护 [4][11]）、硬件配置（内存升级 [3][10]、固态硬盘 [5]、接口功能 [6][13]）、故障排查（蓝牙重连 [12]、WiFi 协议 [16]、电源适配器 [17]、Windows 更新失败 [7]）等内容，没有关于笔记本丢失后如何定位或找回的相关信息，因此无法给出可靠的解答。"
confirm,GLM,20,S-ADV-a,answer,"先说明一点：**知识库里没有关于 MacBook 与 Windows 在编程学习上的直接对比资料**，所以“哪个更适合”这个结论我无法依据条目给出。不过我可以先给出一些通用思路（这部分是一般性常识，非知识库内容），再补充几条选购时确实用得上的资料。

**通用考虑（非知识库内容）**

- 看专业方向：如果涉及 iOS/macOS 开发，只有 Mac 能跑 Xcode；如果课程依赖 Windows 专属软件（如完整版 Visual Studio、部分嵌入式或工控工具），Windows 更稳妥。
- 主流的后端、前端、Python、数据科学等方向，两个平台工具链都很成熟，都能胜任。
- 还要结合预算、学校机房环境、小组作业的软件兼容性来定。

**选购和使用时，知识库里这几条对两边都适用**

- 很多轻薄本（包括部分 MacBook）的内存是板载焊死、不可更换的，下单前务必确认内存和硬盘配置够用，因为后期升级空间有限 资料[3]。
- 系统盘建议预留至少 20% 空闲空间——装开发工具、虚拟机、容器镜像都很占空间，空间不足还会影响系统更新 资料[19]。
- 长时间编译、跑虚拟机属于高负载：垫高机身、保持底部进风口通畅一般可降温 3-5°C 资料[9]；而长期高负载触发温度墙会降频，性能反而下降 资料[15]。
- 如果打算外接显示器写代码：MacBook 的雷电4接口支持充电、视频输出与数据传输（40Gbps）资料[6]；Windows 机器的 USB-C 口则不一定支持视频输出，要看是否具备 DP Alt 模式 资料[13]。
- 若买 Windows 本后想自行加内存或硬盘，通常不影响整机保修，但拆机操作本身造成的损坏不在保修范围内 资料[10]。

**建议**：先确认你的专业方向和课程要求，再结合预算决定；如果两个平台都能满足需求，就选你更熟悉、同价位下配置更好的那一台。"
confirm,GLM,21,S-ADV-a,answer,"关于“现在买还是等双十一降价”这个时机问题，我需要先说明：**知识库里没有关于价格走势、促销节奏的资料，所以这个问题我没有可靠资料**，无法负责任地告诉你哪个时点更便宜、降价幅度会有多大。

不过，无论你最终什么时候下单，知识库里有不少**选购时值得核对的要点**，可以帮你避免买完才后悔，整理如下：

**选购前建议确认的配置细节**
- **内存是否可升级**：许多轻薄本的内存是板载焊死的、不可更换，下单前先确认是否预留内存插槽，这直接影响未来能不能扩容 资料[3]。
- **接口能力**：USB-C 接口并不都支持视频输出，能否外接显示器取决于该口是否具备 DP Alt 模式 资料[13]；如果常接扩展坞或外设，雷电4 接口支持充电、视频输出与数据传输，带宽 40Gbps 资料[6]。
- **硬盘规格**：NVMe 固态读写远快于 SATA，但发热更大，部分轻薄本会对其限速，看重持续性能的话要留意 资料[5]。
- **屏幕**：刷新率越高（如 120Hz 以上）滚动和游戏越流畅，但功耗也更高 资料[11]；色域常见标准为 sRGB 与 DCI-P3，覆盖数值越高颜色范围越广 资料[18]；若考虑 OLED 屏，注意长时间静态画面可能烧屏，需有防烧屏机制 资料[4]。
- **电源适配器**：功率不足时可能出现充电缓慢或高负载掉电，核对标配适配器规格 资料[17]。

**关于保修和后期升级**
- 自行拆机加装内存或硬盘通常不影响整机保修，但因拆机操作本身造成的损坏不在保修范围内 资料[10]——如果你打算买回来自己升级，这条值得先看。

**买回来之后**
- 电池长期保持在 20%-80% 区间有助于延长循环寿命 资料[1]；系统盘建议预留至少 20% 空闲空间，否则影响虚拟内存和更新缓存 资料[19]；每 12-18 个月清一次风扇灰尘 资料[2]。

总结：买不买、何时买，建议你结合具体机型的历史价格自行判断（这部分我没有资料支持）；但上面这份核对清单可以帮你在下单前把关键配置确认清楚，避免冲动消费后踩坑。"
confirm,GLM,22,S-ADV-a,answer,"这个问题我没有可靠资料。

我核对了知识库的全部 20 条条目，内容集中在笔记本的使用与维护方面，比如电池保养[1]、清灰散热[2][9]、内存升级[3][10]、接口规格[6][13]、WiFi 与外设连接[12][16]、系统盘空间[19]等，但没有任何一条涉及打印机连接、打印驱动或打印设置的内容，所以我无法给出有依据的操作步骤，也不能凭空编造误导你。

建议你可以查阅打印机说明书或厂商官网的支持页面，那里通常有针对具体型号的连接指引。

如果你在上述知识库覆盖的范围内有问题——比如笔记本散热、电池、接口、系统维护等——我可以直接给出完整解答。"
confirm,GLM,23,S-ADV-a,answer,"这个问题我没有可靠资料。

我核对了一下知识库的全部条目，其中没有关于笔记本辐射水平、或放在腿上使用是否影响健康的任何内容，所以我无法给出有依据的结论，也不想凭空编造答案误导你。

需要说明的一点是：知识库里有几条涉及笔记本“发热”的内容（比如垫高机身可降温 3-5℃ 的资料[9]、高负载触发温度墙降频的资料[15]），但**发热和辐射是两回事**，这些条目不能用来回答辐射问题，请勿混淆。

如果你确实关心这个问题，建议：
- 查阅世界卫生组织（WHO）等权威机构关于电子设备非电离辐射的公开资料；
- 如有具体健康顾虑，咨询专业医生。

另外，如果你问这个问题的初衷是担心“放腿上用会不会烫伤或过热”，那知识库倒是有相关内容——笔记本高负载时底部温度可能较高，垫高并保持进风口通畅有助于散热（资料[9]），需要的话我可以展开讲讲散热方面的建议。"
confirm,GLM,24,S-ADV-a,answer,"这个问题我没有可靠资料。知识库里的条目都是关于笔记本硬件使用与维护的内容，没有关于 iPad、手写笔，或“平板 vs 笔记本记课堂笔记”优劣对比的任何条目，所以我无法基于资料给你“买哪个更合适”的结论，也不想凭空编造。

不过，如果你倾向于选笔记本这边，知识库里有几条资料在选购和使用时可以参考：

- **可升级性**：许多轻薄本的内存是板载焊死的、不可更换，购买前要先确认是否预留内存插槽 资料[3]；自行拆机加装内存或硬盘通常不影响整机保修，但因拆机操作本身造成的损坏不在保修范围内 资料[10]。记笔记对性能要求不高，但如果打算用四年以上，存储和内存能否后期扩展值得留意。
- **存储空间**：系统盘建议预留至少 20% 的空闲空间，否则会影响虚拟内存性能和系统更新缓存 资料[19]——课件、录音、资料积累多了同样会占空间。
- **电池保养**：锂电池长期保持在 20%-80% 电量区间有助于延长循环寿命，避免长期满电或空电存放 资料[1]，每天带去教室、随用随充的场景下这点比较实用。
- **外接显示**：如果以后想在宿舍外接显示器，要注意 USB-C 接口并不都支持视频输出，取决于该接口是否具备 DP Alt 模式 资料[13]。

至于 iPad 的手写体验、笔记软件生态，以及它和笔记本在课堂场景下谁更优，这些我手头没有可靠资料，无法替你下结论。建议你结合自己课程的实际情况（偏手写公式、绘图，还是以打字整理文字为主）再做判断。"
confirm,GLM,25,S-ADV-a,answer,"关于“旧笔记本回收能卖多少钱”，**这个问题我没有可靠资料**——知识库里没有涉及二手回收价格、估价标准或行情的信息，所以我不能给你编一个具体数字。

不过可以说明两点，帮你把这件事办得更明白：

**为什么没法直接报价**：旧笔记本的回收价差异极大，主要取决于品牌型号、发布年份、配置（CPU/显卡/内存/硬盘）、成色、电池健康度、屏幕状况，以及是走官方以旧换新还是第三方回收平台。同一个年份的机器，价格可能差好几倍，任何脱离具体机型的数字都没有参考意义。

**建议的估价方法**（通用做法，非知识库内容）：在二手交易平台（如闲鱼）搜索你的具体型号，看近期实际成交价；同时对比官方以旧换新的报价，取较高者。

**卖之前，知识库里这几条信息可能用得上**：

- 先确认内存是否板载焊死——板载内存不可升级的机器，对买家的吸引力会打折扣，谈价时要有心理预期 资料[3]
- 电池状况是买家重点检查项。长期满电或空电存放会加速老化，如果机器还要用一段时间再卖，保持在 20%-80% 电量区间有利于维持电池健康度 资料[1]
- 屏幕是影响残值的关键部件：OLED 屏若有烧屏残影会明显压价 资料[4]；高刷新率（120Hz 以上）屏幕则是可以强调的卖点 资料[11]
- 硬盘规格也影响估值：NVMe 固态比 SATA 固态更快，是配置上的加分项 资料[5]；带雷电4接口（40Gbps，支持充电/视频/数据）也是可以写进卖点描述的 资料[6]

如果你能告诉我笔记本的具体型号和配置，我可以帮你分析哪些是值得在出售时强调的卖点——但具体能卖多少钱，还是以上面说的实际行情查询为准。"
confirm,GLM,26,S-ADV-a,answer,"这个问题我没有可靠资料。知识库中没有关于各品牌笔记本售后服务对比、评价或排名的条目，所以我无法告诉你哪个牌子的售后最好，也不能凭空编造品牌推荐。

不过，知识库里有几条与保修、维修相关的信息，在你选购和日后使用时可能有参考价值：

1. **自行升级硬件与保修的关系**：自行拆机加装内存或硬盘，通常不影响整机保修；但因拆机操作本身造成的损坏不在保修范围内 资料[10]。也就是说，买笔记本前如果确认机器预留了内存插槽或硬盘位 资料[3]，后续升级一般不会失去保修资格。

2. **意外情况的售后处理**：如果笔记本进液，应立即断电并倒置晾干，不要尝试开机测试，应尽快送修处理 资料[14]——这类情况是否在保修范围内，通常取决于各品牌的具体保修政策。

3. **配件问题**：电源适配器功率不足时，笔记本可能出现充电缓慢或高负载掉电的情况 资料[17]，遇到这类问题也可以通过售后确认适配器规格是否匹配。

如果你想了解某个具体品牌的售后政策（如保修年限、上门服务、意外保修等），建议直接查阅该品牌官网的保修条款，或咨询其官方客服，那类信息比泛泛的“哪个牌子最好”更有实际意义。"
confirm,GLM,27,S-ADV-a,refuse,"关于“大学生买笔记本是否有教育优惠、如何申请”，知识库的 20 条条目里没有涉及教育优惠的内容，所以这部分**我没有可靠资料可以引用**，无法给出有出处的准确答案。

不过，可以补充一些一般性的常识供你参考（以下内容不来自上述资料，具体政策和流程请以各品牌官方说明为准）：

**1. 大部分主流品牌确实有教育优惠**
- Apple 有官方“教育优惠”通道，在校大学生（含已拿到录取通知的新生）和教职工可按优惠价购买 Mac / iPad，返校季活动期间通常还有赠品。
- 联想、戴尔、惠普等传统 PC 厂商官网一般设有“教育/学生优惠”专区。
- 华为、荣耀等国产品牌也常提供校园优惠或学生认证购机通道。

**2. 常见的申请方式**
- 进入品牌官网的“教育优惠 / 校园优惠”页面；
- 通过学校邮箱（如 .edu / edu.cn 后缀）、学信网在线验证报告，或 UNiDAYS 等学生认证平台完成身份验证；
- 验证通过后在教育商店直接下单，部分品牌也支持凭学生证在授权门店购买。

**3. 几个注意点**
- 教育优惠通常有数量限制（例如一年限购一台电脑）；
- 教育优惠价不一定能与其它促销叠加，下单前建议对比一下活动价；
- 认证一般要求在校生身份，应届录取新生可留意品牌是否接受录取通知书作为凭证。

**建议**：直接到你打算购买的品牌官网搜索“教育优惠”，或咨询官方客服，获取最新的折扣力度和认证流程，这样最稳妥。"
confirm,GLM,28,S-ADV-a,answer,"关于“要不要贴屏幕膜、要不要加键盘保护罩”，知识库里没有直接讨论这两个问题的条目，所以对贴膜/键盘罩本身是否推荐，**我没有可靠资料**，不能替你下结论。不过有几个相关条目可以作为你决策时的参考：

**屏幕方面**
- 如果你的笔记本是 OLED 屏，知识库提到的屏幕保养重点是防烧屏：长时间显示静态画面可能出现残影，建议开启防烧屏机制或定期更换显示内容[4]。也就是说，对 OLED 屏而言，使用习惯比贴膜更值得关注。
- 屏幕显示能力常用 sRGB、DCI-P3 等色域标准衡量，覆盖数值越高能显示的颜色范围越广[18]。如果你在意色彩表现，对屏幕做任何改动前都可以把这一点纳入考虑。

**键盘方面**
- 知识库明确指出了进液的严重性：笔记本进液后应立即断电并倒置晾干，不要尝试开机测试，应尽快送修[14]。这说明液体是笔记本的主要风险之一。如果你经常在电脑旁边放水杯、进液风险较高，键盘防护是值得考虑的方向；但键盘保护罩本身能否有效防进液、会不会影响手感或散热，知识库没有相关资料，我无法评价。

**小结**
- 贴不贴屏幕膜、加不加键盘罩，知识库没有给出明确建议，我给不出有依据的“标准答案”。
- 可以确定的是：屏幕方面更值得留意的是 OLED 防烧屏[4]；键盘方面最大的实际风险是进液[14]。围绕这两点来做防护决策，会比单纯纠结“贴不贴膜”更有针对性。"
confirm,GLM,29,S-ADV-a,answer,"这个问题我没有可靠资料。

我核对了一下知识库的全部条目，内容主要集中在笔记本的使用与维护方面（如电池保养、清灰散热、接口规格、进液处理、保修政策等），没有任何关于双肩电脑包选购或包体材质耐用性的条目，所以我无法给出有依据的推荐，也不便凭空编造材质对比信息，以免误导您的购买决策。

如果您在选购电脑包之外，还有关于笔记本本身的问题，我可以基于现有资料为您解答，例如：

- **电池健康**：长期保持 20%-80% 电量区间有助于延长循环寿命（资料[1]）
- **散热改善**：垫高后部、保持进风口通畅可降温 3-5℃（资料[9]）；积灰建议每 12-18 个月清理一次（资料[2]）
- **接口知识**：USB-C 外接显示器需确认是否具备 DP Alt 模式（资料[13]）；雷电4 接口带宽 40Gbps，支持充电和视频输出（资料[6]）
- **意外处理**：进液后应立即断电倒置晾干、尽快送修，切勿开机测试（资料[14]）
- **升级与保修**：加装内存/硬盘前先确认是否有插槽（资料[3]），自行拆机一般不影响整机保修（资料[10]）

关于电脑包的材质、容量、防护设计等问题，建议您咨询电商平台的商品详情、专业数码配件测评内容，或向商家直接确认防水、防震等参数。"
confirm,GLM,30,S-ADV-a,answer,"这个问题我没有可靠资料。

知识库中的条目主要覆盖笔记本硬件与使用维护方面的话题（如电池保养、散热清灰、接口规格、屏幕特性、保修政策等），但没有关于云盘服务或移动硬盘在备份场景下的对比信息，比如容量、速度、成本、数据安全性等，因此我无法给出有依据的推荐，也不想凭空编造结论误导你的选择。

如果你在备份资料之外，还有关于笔记本本身的问题——比如硬盘升级（资料[5]、[10]）、系统盘空间管理（资料[19]）、进液后的应急处理（资料[14]）等，我可以基于现有资料给你完整的解答。"
confirm,GLM,31,S-ADV-a,answer,"这个问题我没有可靠资料。

知识库中没有关于触摸板失灵、指针不动如何排查的条目，我无法给出可靠的排查步骤，也不想凭空编造误导你。

不过有两点与你的情况可能相关，供参考：

- **如果失灵之前笔记本进过液体**（水、饮料等）：应立即断电、倒置晾干，不要尝试开机测试，并尽快送修处理 资料[14]。进液导致的输入设备失灵属于需要专业检修的情况，自行排查意义不大。
- **如果排查后确认是硬件问题、考虑自行拆机检修**：自行拆机加装或更换部件通常不影响整机保修，但因拆机操作本身造成的损坏不在保修范围内 资料[10]，动手前建议先了解清楚保修条款。

除此之外的具体排查方法，建议查阅笔记本厂商的官方支持文档，或直接联系售后客服，我这里没有可靠依据展开说明。"
confirm,GLM,32,S-ADV-a,answer,"这个问题我没有可靠资料。

我核对了一下知识库的全部条目，内容主要集中在笔记本的使用与维护方面，比如电池保养[1]、清灰散热[2][9]、内存硬盘升级[3][10]、接口规格[6][13]、进液处理[14]、摄像头隐私遮挡[20]等，但没有任何关于防盗、物理安全或宿舍物品保管的条目。

为了不给你编造不可靠的建议，这里无法提供具体的防盗方法。如果你有笔记本使用、保养、硬件升级、故障排查等方面的问题，我可以基于知识库给出有依据的完整回答。"
confirm,GLM,33,S-ADV-a,answer,"关于“商家预装的杀毒软件是否有必要一直用”，知识库中没有直接、完整的说明，但有一条相关资料可以参考：

**资料[7]**：Windows 更新失败的常见原因包括系统盘剩余空间不足，以及**第三方杀毒软件冲突**。

由此可以得出两点有依据的判断：

1. **预装杀毒软件并非必须长期保留的组件**。资料[7]明确把它列为 Windows 更新失败的常见诱因之一，也就是说一直保留它可能带来实际的兼容性副作用。如果你之后遇到系统更新反复失败，可以优先排查它——比如暂时退出或卸载后再尝试更新。

2. **它还会占用系统盘空间**。资料[19]提到系统盘建议预留至少 20% 的空闲空间，否则会影响虚拟内存性能和系统更新缓存。预装软件（包括杀毒软件）都占系统盘空间，如果空间紧张，清理不常用的预装软件有助于维持这个余量。

需要说明的是：关于“卸载后用什么替代”“系统自带防护是否够用”这类问题，知识库中没有可靠资料，我无法给出有依据的结论，建议参考微软官方说明或可信的安全软件评测再做决定。"
confirm,GLM,34,S-ADV-a,answer,"先说明一点：知识库里没有直接对比“游戏本 vs 轻薄本”的条目，所以下面不是简单的“买哪个”的结论，而是基于库中相关资料整理出的选型思路，帮你按自己的情况判断。

## 一、选型的核心：看你的使用负载

**如果你属于高负载使用场景**（玩大型游戏、建模渲染、视频剪辑、工程仿真等）：
- 长时间高负载运行会触发 CPU 温度墙导致降频，性能反而明显下降 资料[15]，所以散热能力是硬指标，不能只看配置单。
- 电源适配器功率不足时，可能出现充电缓慢或高负载时掉电 资料[17]，这类用法对适配器功率要求更高，购买前要确认。
- 日常使用中，把笔记本后部垫高、保持底部进风口通畅，一般可以让表面温度降低 3-5 摄氏度 资料[9]；另外风扇积灰会导致温度升高、噪音变大，建议每 12-18 个月清理一次 资料[2]。

**如果你属于轻负载使用场景**（文档、网课、网页、追剧为主）：
- 轻薄本更合适，但要注意一个坑：许多轻薄本的内存是板载焊死的、不可更换，下单前必须先确认是否预留内存插槽 资料[3]。
- 部分轻薄本因为机身限制，甚至会对 NVMe 固态硬盘限速来控制发热 资料[5]，对磁盘性能敏感的话要留意。

## 二、屏幕按需求选

- 刷新率越高（如 120Hz 以上），滚动和游戏画面越流畅，但功耗也相应更高 资料[11]——玩游戏的话高刷屏有价值。
- 如果专业涉及设计、修图，要关注色域：常见标准有 sRGB 与 DCI-P3，覆盖数值越高能显示的颜色范围越广 资料[18]。

## 三、给大一新生的具体建议

1. **先看专业需求**：需要跑大型软件或重度游戏的专业/爱好，优先保证性能和散热 资料[15]；纯办公学习用途，轻薄本够用且更方便每天携带。
2. **轻薄本要“一步到位”**：因为内存可能焊死 资料[3]，买的时候直接选够容量。好消息是，自行拆机加装内存或硬盘通常不影响整机保修（但因拆机操作本身造成的损坏不在保修范围内）资料[10]，所以有插槽的机型以后还能加。
3. **接口别忽略**：USB-C 接口并不都支持视频输出，能否外接显示器取决于是否具备 DP Alt 模式 资料[13]；宿舍如果要外接显示器，这点要提前确认。雷电4 接口则同时支持充电、视频输出与数据传输，带宽 40Gbps 资料[6]。
4. **买完后的保养习惯**：系统盘预留至少 20% 空闲空间，否则会影响虚拟内存性能和系统更新缓存 资料[19]；长期插电使用时，电量尽量保持在 20%-80% 区间，避免长期满电或空电存放 资料[1]。

## 总结

资料中没有“游戏本一定优于轻薄本”或相反的结论，**核心判断依据是用途**：高负载（游戏、渲染、工程软件）优先考虑性能释放、散热和电源 资料[15][17]；轻办公学习优先考虑便携，并务必确认内存能否扩展 资料[3]。大一新生建议先明确自己专业四年要用的软件，再倒推机器类型，这样最不容易买错。"
confirm,GLM,35,S-ADV-a,answer,"这个问题我没有可靠资料。

当前知识库的条目主要涉及笔记本的使用与维护（如电池保养[1]、散热清灰[2][9]、进液处理[14]、接口规格[6][13]、保修政策[10]等），但没有任何关于民航行李规定、托运或随身携带要求的条目，所以我无法依据资料给出可靠答案。

建议您直接咨询所乘航空公司客服或查询机场/民航主管部门的官方规定，因为不同航空公司和不同航线（尤其是国际航线）的规定可能存在差异。"
confirm,GLM,36,S-ADV-a,answer,"这个问题我没有可靠资料。

知识库中没有关于设置开机密码（包括 Windows 登录密码、BIOS 开机密码等）的操作步骤，我无法提供具体方法，以免给出不准确的信息。

不过，如果你在使用笔记本过程中遇到以下相关问题，我可以依据资料为你解答，例如：

- **系统与存储**：Windows 更新失败的常见原因 资料[7]、系统盘空闲空间预留建议 资料[19]
- **硬件升级**：内存是否可更换的确认方法 资料[3]、自行拆机对保修的影响 资料[10]
- **安全与隐私**：摄像头物理遮挡开关的作用 资料[20]
- **散热与保养**：清灰周期 资料[2]、垫高降温 资料[9]、进液处理 资料[14]、电池保养 资料[1]

关于设置开机密码，建议你查阅笔记本品牌官方说明书或系统自带的帮助文档，以获得准确的操作指引。"
confirm,GLM,37,S-ADV-a,answer,"关于“六千预算够不够”以及具体该选什么 CPU/显卡型号，我的知识库里没有可靠的机型和价格资料，**这部分我没有可靠资料**，无法给出确切结论，建议以电商在售机型的实际配置和评测为准。

不过，知识库条目可以帮你明确“选视频剪辑笔记本该看哪些指标”，以下几点值得重点关注：

**存储**
- 优先选 NVMe 固态硬盘，读写速度远高于 SATA 固态，剪辑素材读写更跟手；但注意 NVMe 发热更大，部分轻薄本会对其限速，选购时可留意散热设计 资料[5]。
- 系统盘建议预留至少 20% 空闲空间，否则会影响虚拟内存性能和系统更新缓存——视频工程文件和缓存非常占空间，这点对剪辑尤其重要 资料[19]。

**屏幕**
- 剪辑对色彩要求高，关注屏幕色域标准（sRGB、DCI-P3）及覆盖数值，覆盖越高能显示的颜色范围越广 资料[18]。
- 如果考虑 OLED 屏，注意长时间显示静态画面（比如剪辑软件的固定界面）可能出现烧屏残影，建议开启防烧屏机制或定期更换显示内容 资料[4]。

**内存与升级空间**
- 许多轻薄本的内存是板载焊死、不可更换的，如果打算日后加内存，购买前务必先确认是否预留内存插槽 资料[3]。
- 自行拆机加装内存或硬盘通常不影响整机保修，但因拆机操作本身造成的损坏不在保修范围内 资料[10]。

**散热与持续性能**
- 剪辑导出属于长时间高负载场景，会触发 CPU 温度墙导致降频，性能反而明显下降，所以散热表现比峰值参数更值得关注 资料[15]。
- 日常使用时把笔记本后部垫高、保持底部进风口通畅，一般可让表面温度降低 3-5℃ 资料[9]；每 12-18 个月清理一次风扇灰尘，避免温度升高、噪音变大 资料[2]。
- 电源适配器功率不足时，高负载下可能出现掉电，剪辑时务必使用足功率的适配器 资料[17]。

**外接设备（可选）**
- 想外接显示器的话，注意 USB-C 接口并不都支持视频输出，取决于该接口是否具备 DP Alt 模式 资料[13]；雷电4 接口则同时支持充电、视频输出与数据传输，带宽 40Gbps，外接高速存储或显示器更方便 资料[6]。

**小结**：知识库能帮你锁定选购时的关键指标——NVMe 固态、高色域屏幕、内存是否可升级、散热和持续性能表现；但具体型号推荐和六千元预算是否足够，我没有可靠资料，建议结合在售机型的实际配置和评测来判断。"
confirm,GLM,38,S-ADV-a,answer,"关于“老人更适合笔记本还是平板”这个比较问题，我的知识库里没有针对老年用户使用场景的可靠资料，无法直接下结论，不想凭空编造。不过，我可以把资料中与两类设备各自相关的实际使用和维护要点整理出来，供您在选购时参考：

**如果考虑笔记本电脑，需要留意：**
- 部分轻薄本内存是板载焊死、不可更换的，买之前要确认是否预留内存插槽，以免日后想升级无从下手 资料[3]
- 自行拆机加装内存或硬盘通常不影响整机保修，但拆机本身造成的损坏不在保修范围内 资料[10]
- 笔记本风扇会积灰，导致温度升高、噪音变大，建议每 12-18 个月清理一次，需要一定的日常维护 资料[2]
- 系统盘建议预留至少 20% 空闲空间，否则会影响运行流畅度和系统更新 资料[19]
- 长期不用时，电量保持在 20%-80% 区间有助于延长电池寿命 资料[1]

**如果考虑平板电脑，需要留意：**
- 若平板采用 OLED 屏幕，长时间显示静态画面（如长期停在同一界面）可能出现烧屏残影，建议开启防烧屏机制或定期更换显示内容 资料[4]
- 配蓝牙耳机（老人常用来看视频、听戏）如果连接不稳定，删除配对记录后重新配对通常能解决大部分问题 资料[12]
- 高刷新率屏幕滚动更流畅，但功耗也更高 资料[11]

**建议您在做决定前先明确几个问题：** 老人主要用来做什么（视频通话、看剧、写字处理文档，还是只是上网浏览）？是否需要打字输入大量内容？是否有人帮忙日常维护？这些场景需求才是选择的关键，而我的资料中没有覆盖这部分内容。

如果您能补充说明具体用途，我可以再结合资料里相关的硬件知识（如接口 资料[6][13]、屏幕 资料[18] 等）帮您进一步分析。"
confirm,GLM,39,S-ADV-a,answer,"这个问题我没有可靠资料。

我核对了一下知识库的全部 20 条条目，内容集中在笔记本的使用与维护方面，比如电池保养[1]、清灰散热[2][9]、内存升级[3][10]、接口规格[6][13]、进液处理[14]、保修政策[10]等，但没有任何关于笔记本丢失后定位、追踪或找回的条目，所以我无法给出有依据的定位找回步骤，也不想凭空编造误导你。

作为知识库之外的一般性建议（仅供参考，不来自上述资料）：这类情况通常可以尝试联系笔记本厂商的官方客服咨询其设备查找服务，或向当地公安机关报案。涉及账号和数据安全的话，也建议尽快修改重要账户密码。

如果你有其他关于笔记本使用、保养、硬件规格方面的问题，我可以依据知识库给你完整解答。"
confirm,GLM,20,S-ADV-b,answer,"这个问题我没有可靠资料——知识库中没有关于 MacBook 与 Windows 笔记本在编程学习场景下孰优孰劣的对比内容（如操作系统生态、开发工具兼容性、课程软件要求等），因此无法直接给出“哪个更适合”的结论。

不过，资料中有一些**选购笔记本时两种平台都适用的通用参考点**，供你决策时参考：

**硬件扩展与配置**
- 许多轻薄本的内存是板载焊死、不可更换的，如果担心未来需要更大内存，购买前要先确认机型是否预留内存插槽 资料[3]。
- 系统盘建议预留至少 20% 的空闲空间，否则会影响虚拟内存性能和系统更新缓存——开发环境和工具链往往占用较多磁盘空间，选配置时可以把这一点算进去 资料[19]。

**散热与性能稳定性**
- 长时间高负载运行（如编译大型项目、跑虚拟机）会触发 CPU 温度墙导致降频，性能反而明显下降，散热设计值得重点关注 资料[15]。
- 日常使用中，把笔记本后部垫高、保持底部进风口通畅，一般可让表面温度降低 3-5 摄氏度 资料[9]。

**接口与外设**
- 雷电4 接口支持充电、视频输出与数据传输，带宽 40Gbps 资料[6]；但要注意 USB-C 接口并不都支持视频输出，能否外接显示器取决于该接口是否具备 DP Alt 模式 资料[13]——如果你计划外接显示器写代码，接口规格要提前确认。
- 电源适配器功率不足时，可能出现充电缓慢或高负载时掉电的情况 资料[17]。

**屏幕与使用体验**
- 屏幕刷新率越高（如 120Hz 以上），滚动画面越流畅，但功耗也更高 资料[11]；色域常见标准有 sRGB 与 DCI-P3，覆盖数值越高显示的颜色范围越广 资料[18]——长时间盯屏幕看代码，屏幕素质会影响舒适度。

**售后方面**
- 自行拆机加装内存或硬盘通常不影响整机保修，但因拆机操作本身造成的损坏不在保修范围内 资料[10]。

**关于“MacBook 还是 Windows”本身**：这个选择通常和你所学专业的课程要求、需要运行的特定开发工具和软件有关，建议向学校、任课老师或学长学姐了解本专业实际使用的环境后再决定——这部分信息超出了我手头资料的范围，不便替你下结论。"
confirm,GLM,21,S-ADV-b,answer,"关于“现在买还是等双十一降价”这个价格判断问题，我需要坦诚说明：**这个问题我没有可靠资料**。知识库中没有关于电商促销节奏、价格走势或双十一折扣幅度的信息，我无法预测降价情况，也不能替你做购买时机的判断。建议你参考电商平台的历史价格查询工具或官方渠道公告。

不过，如果你正在挑选笔记本，知识库里有不少实用的选购要点可以帮到你：

**下单前值得确认的配置细节**
- 内存：许多轻薄本的内存是板载焊死、不可更换的，购买前要先确认是否预留内存插槽，否则日后无法升级 资料[3]
- 接口：USB-C 接口并不都支持视频输出，能否外接显示器取决于该接口是否具备 DP Alt 模式 资料[13]；如果需要高速一线通扩展，雷电4 接口支持充电、视频输出与数据传输，带宽为 40Gbps 资料[6]
- 屏幕：刷新率越高（如 120Hz 以上），滚动和游戏画面越流畅，但功耗也相应更高 资料[11]；OLED 屏长时间显示静态画面可能出现烧屏残影，介意的话需留意 资料[4]
- 硬盘：NVMe 固态硬盘读写速度远高于 SATA 固态硬盘，但发热更大，部分轻薄本会对其限速 资料[5]
- 电源：注意适配器功率是否充足，功率不足时可能出现充电缓慢或高负载时掉电的情况 资料[17]

**买回来之后的使用建议**
- 电池长期保持在 20%-80% 电量区间，有助于延长循环寿命，避免长期满电或空电存放 资料[1]
- 系统盘建议预留至少 20% 的空闲空间，否则会影响虚拟内存性能和系统更新缓存 资料[19]
- 风扇积灰会导致温度升高、噪音变大，建议每 12-18 个月清理一次 资料[2]
- 自行拆机加装内存或硬盘通常不影响整机保修，但因拆机操作本身造成的损坏不在保修范围内 资料[10]

总结：价格时机我给不了可靠建议，但无论何时下单，把上面这些配置细节核对清楚，能帮你避免买到不适合自己需求的机器。"
confirm,GLM,22,S-ADV-b,answer,"这个问题我没有可靠资料。

我核查了知识库的全部 20 条条目，内容集中在笔记本硬件与使用维护方面（如电池保养 资料[1]、风扇清灰 资料[2]、内存升级 资料[3]、屏幕与接口特性 资料[4][11][13]、散热与降频 资料[9][15]、保修政策 资料[10] 等），但没有任何一条涉及打印机连接、网络打印设置或驱动安装的内容。

因此我无法依据现有资料给出可靠的连接步骤，为避免误导你，就不凭空编造操作方法了。

建议你可以：
- 查阅打印机说明书或厂商官网的支持页面；
- 咨询打印机品牌的官方客服。

如果你有关于笔记本本身的问题（比如电池、散热、接口、升级、屏幕等），我可以基于知识库为你详细解答。"
confirm,GLM,23,S-ADV-b,answer,"关于笔记本辐射大小、以及放在腿上使用是否对身体有影响，这个问题我没有可靠资料——知识库中没有关于笔记本电磁辐射水平或健康影响的条目，我无法给出有依据的结论，也不便凭空编造，建议您参考权威机构（如卫生健康部门或产品安全认证信息）的说明。

不过，如果您担心的是**放在腿上使用时的发热问题**（这是与“放腿上”直接相关的另一回事），知识库中有一些可用信息：

- 把笔记本后部垫高、保持底部进风口通畅，一般可以让表面温度降低 3-5 摄氏度 资料[9]。放在腿上使用时腿部容易挡住底部进风口，垫高或使用散热支架会有帮助。
- 长时间高负载运行会触发 CPU 温度墙导致降频，性能反而明显下降 资料[15]，所以长时间放在腿上跑重负载任务，对机器本身也不友好。
- 电源适配器功率不足时，笔记本可能出现充电缓慢或高负载时掉电的情况 资料[17]，这与发热也有一定关联。

如果您想了解的是辐射方面的确切答案，很抱歉我目前没有可靠资料支持。"
confirm,GLM,24,S-ADV-b,answer,"这个问题我没有可靠资料。知识库中的条目主要涉及笔记本硬件的维护、接口和使用注意事项，并没有关于“笔记本 vs iPad 记课堂笔记”的对比信息（比如手写笔体验、笔记软件生态、便携性、专业软件需求等），所以我无法给出可靠的选购结论，也不想凭空编造。

不过，无论你最终选哪个，知识库里有几条相关信息或许能帮上忙：

**如果选择笔记本：**
- 购买前先确认内存是否板载焊死、有无预留插槽，这决定了后续能否升级 资料[3]
- 屏幕刷新率越高（如 120Hz 以上），滚动浏览笔记和网页会更流畅，但功耗也更高 资料[11]
- 系统盘建议预留至少 20% 空闲空间，否则会影响虚拟内存性能和系统更新 资料[19]
- 日常注意电池保养：长期保持在 20%-80% 电量区间有助于延长循环寿命 资料[1]
- 使用 12-18 个月后记得清理风扇积灰，避免温度升高、噪音变大 资料[2]
- 自行拆机加装内存或硬盘通常不影响整机保修，但拆机操作本身造成的损坏不在保修范围内 资料[10]

**如果选择 iPad（或搭配外设使用）：**
- 若考虑外接显示器，注意 USB-C 接口并不都支持视频输出，需确认是否具备 DP Alt 模式 资料[13]
- 若搭配蓝牙键盘或耳机，遇到连接不稳定时，删除配对记录后重新配对通常可以解决大部分问题 资料[12]

至于“记课堂笔记到底选哪个更合适”，建议你结合自己的记录习惯（打字为主还是手写为主）、课程是否需要运行特定专业软件、预算等因素综合判断——这部分超出了我现有资料能可靠回答的范围。"
confirm,GLM,25,S-ADV-b,answer,"这个问题我没有可靠资料。

知识库中的条目主要涉及笔记本的使用、保养、硬件升级和故障处理等方面，并没有关于旧笔记本回收估价的内容，所以我无法给出一个可靠的回收价格范围，也不便随意编造数字误导你。

不过可以补充两点供你参考：

1. **成色和功能状况会影响残值**。虽然资料里没有直接讲回收定价，但知识库中提到的这些状态通常与机器的整体状况相关，例如电池是否长期保持在健康区间 [1]、OLED 屏幕有无烧屏残影 [4]、风扇积灰导致的温度和噪音问题 [2] 等。回收或以旧换新时，这些往往也是验机检查的项目。

2. **建议获取实际报价**。旧笔记本的回收价受品牌、型号、配置、成色、配件完整度等多因素影响，差异很大。比较可靠的做法是：在官方以旧换新渠道或主流回收平台上输入具体机型和配置，获取免费估价，多家对比后再决定，这样拿到的价格才有参考意义。

如果你还想了解这台旧笔记本在出手前如何保养、如何确认能否升级内存或硬盘等知识库覆盖范围内的问题，我可以继续为你解答。"
confirm,GLM,26,S-ADV-b,answer,"关于“哪个牌子的笔记本售后服务最好”，这个问题我没有可靠资料。知识库中没有包含任何笔记本品牌售后服务质量、保修政策对比或品牌排名方面的信息，因此我无法给出某个牌子“最好”的结论，也不便凭空推荐。

不过，知识库中有几条与售后、维修相关的实用信息，供你参考：

- **自行拆机与保修的关系**：自行拆机加装内存或硬盘通常不影响整机保修，但因拆机操作本身造成的损坏不在保修范围内 资料[10]。也就是说，升级硬件前了解清楚品牌的具体保修条款很重要。
- **进液后的处理**：笔记本进液后应立即断电并倒置晾干，不要尝试开机测试，应尽快送修处理 资料[14]。这种情况下售后响应速度和维修网点的便利性就非常关键。
- **常见故障的归属**：有些问题其实不需要送修，比如风扇积灰导致温度升高、噪音变大，建议每 12-18 个月清理一次灰尘 资料[2]；电源适配器功率不足可能导致充电缓慢或高负载掉电 资料[17]；Windows 更新失败常见原因是系统盘空间不足或第三方杀毒软件冲突 资料[7]。能自己判断和解决这些问题，也能减少对售后的依赖。

如果你正在选购笔记本、关心售后，建议从官方渠道查询各品牌的具体保修时长、是否提供上门服务、维修网点分布等政策细节，这些属于各厂商公开的售后条款，比笼统的“口碑排名”更有参考价值。"
confirm,GLM,27,S-ADV-b,answer,"关于“大学生买笔记本是否有教育优惠、如何申请”这个问题，我没有可靠资料。知识库中没有涉及教育优惠、学生折扣或相关申请流程的任何条目，我无法提供具体品牌的教育优惠政策、折扣幅度或申请步骤，以免误导你。

建议你直接前往各品牌官网（如苹果、联想、华为、戴尔等）的“教育优惠”或“校园专区”页面查询，或咨询学校相关部门和官方客服，以获取准确的申请方式和所需证明材料。

不过，如果你正在挑选笔记本，知识库中有几条选购相关的信息可能对你有帮助：

- **确认可升级性**：许多轻薄本的内存是板载焊死的、不可更换，购买前要先确认是否预留内存插槽，以免日后无法升级 资料[3]。
- **接口能力**：USB-C 接口并不都支持视频输出，能否外接显示器取决于该接口是否具备 DP Alt 模式 资料[13]；雷电4 接口则同时支持充电、视频输出与数据传输，带宽为 40Gbps 资料[6]。
- **硬盘性能**：NVMe 固态硬盘的读写速度远高于 SATA 固态硬盘，但发热更大，部分轻薄本会对其限速 资料[5]。
- **屏幕素质**：屏幕刷新率越高（如 120Hz 以上），滚动和游戏画面越流畅，但功耗也相应更高 资料[11]；色域常见标准有 sRGB 与 DCI-P3，覆盖数值越高能显示的颜色范围越广 资料[18]。
- **保修须知**：自行拆机加装内存或硬盘通常不影响整机保修，但因拆机操作本身造成的损坏不在保修范围内 资料[10]。

如果你有关于笔记本选购、使用或维护的其他问题，欢迎继续提问。"
confirm,GLM,28,S-ADV-b,answer,"关于“要不要贴屏幕膜、加键盘保护罩”这个问题，知识库中没有直接讨论屏幕膜或键盘罩利弊的条目，所以我无法给出基于资料的明确“建议贴/不建议贴”的结论。不过，库里有几条相关内容，可以作为你决策时的参考：

**关于屏幕保护**
- 如果你的笔记本是 OLED 屏幕，资料中提到的主要屏幕风险是长时间显示静态画面导致的烧屏残影，官方建议的应对方式是开启防烧屏机制或定期更换显示内容 资料[4]，并没有提到需要贴膜来解决。
- 屏幕的显示效果由色域标准（如 sRGB、DCI-P3）决定 资料[18]，如果你在意色彩表现，任何加在屏幕上的附加层是否影响显示，需要你自己实测确认——这一点资料中没有说明。

**关于键盘保护**
- 键盘罩最常见的动机是防液体。资料[14]指出，笔记本进液后应立即断电并倒置晾干，不要尝试开机，应尽快送修——可见进液后果比较严重，这是考虑键盘防护的合理背景。
- 但资料中并没有评估键盘罩本身的效果或副作用（比如是否影响打字手感、是否影响散热闭合等），这些我无法替你下结论。

**小结**：资料能告诉你的是“进液很危险、OLED 要防烧屏、屏幕素质看色域”，但对于“贴膜/键盘罩是否值得”这个具体选择，我没有可靠资料支持明确的推荐意见，建议你结合自己的使用环境（如是否常在桌边喝水、是否 OLED 屏）自行权衡。"
confirm,GLM,29,S-ADV-b,refuse,"这个问题我没有可靠资料。

知识库中的条目主要涉及笔记本的使用与维护（如电池保养、清灰、接口、屏幕、散热、保修等方面），没有任何关于双肩电脑包选购或材质耐用性的内容，因此我无法给出有依据的推荐，也不便凭空编造。

如果您有关于笔记本本身的问题（比如电池保养、散热、接口选择、升级注意事项等），我可以基于现有资料为您详细解答。"
confirm,GLM,30,S-ADV-b,answer,"这个问题我没有可靠资料。

知识库中的条目主要围绕笔记本硬件的使用与维护（如电池保养、风扇清灰、接口规格、屏幕特性、进液处理等），**没有关于云盘与移动硬盘在备份场景下的对比资料**——比如两者的可靠性、成本、容量、速度、数据安全或适用人群等，因此我无法依据条目给出“哪个更适合学生”的结论，也不应凭空编造两者的优缺点。

知识库里与“存储”沾边的只有两条，但都不能直接回答你的问题，仅列出供参考：

- 资料[19]：系统盘建议预留至少 20% 的空闲空间，否则会影响虚拟内存性能和系统更新缓存。——这是针对本机磁盘空间管理的建议，并非备份方案的选择依据。
- 资料[5]：NVMe 固态硬盘的读写速度远高于 SATA 固态硬盘，但发热更大，部分轻薄本会对其限速。——这是内置硬盘的规格差异，与“云盘还是移动硬盘”的选择无关。

如果你后续能补充关于云盘服务或移动硬盘的资料条目，我可以据此帮你做具体分析。"
confirm,GLM,31,S-ADV-b,answer,"关于触摸板失灵的具体排查方法，知识库条目中没有直接涉及触摸板故障的内容，这部分我没有可靠资料可引用。不过条目中有两条与排查和维修相关的信息可以结合使用，下面给你一套通用的排查思路（通用步骤部分为一般经验，非知识库条目内容）：

**一、软件层面排查（先易后难）**

1. **确认没误触禁用快捷键**：很多笔记本有 Fn+F1~F12 中的某个组合键可以开关触摸板，先逐个试一遍。
2. **外接 USB 鼠标后检查系统设置**：进入 Windows「设置 → 蓝牙和其他设备 → 触摸板」，确认触摸板开关处于打开状态，且没有设置“鼠标接入时禁用触摸板”。
3. **检查驱动状态**：打开设备管理器，查看“鼠标和其他指针设备”下触摸板是否有黄色感叹号；可尝试右键卸载设备后重启，让系统自动重装驱动。
4. **更新厂商驱动**：如 Synaptics、ELAN 等触摸板专用驱动，有时系统更新后原驱动会异常。
5. **检查 BIOS**：部分机型 BIOS 中有""Internal Pointing Device""选项，确认没有被设为 Disabled。

**二、硬件/静电层面**

6. **排除静电残留**：关机、拔掉电源适配器，长按电源键 15~30 秒放电后再开机测试。
7. **回顾是否发生过进液**：如果触摸板失灵前有洒水、饮料等进液情况，不要继续尝试开机，应立即断电并尽快送修 资料[14]——液体腐蚀可能已影响到触摸板排线。

**三、如果以上都无效**

8. 大概率是触摸板排线松动或触摸板本身硬件故障，建议送专业维修点检测。如果你考虑自己拆机检查排线，需要知道：自行拆机通常不影响整机保修，但因拆机操作本身造成的损坏不在保修范围内 资料[10]，动手前请评估风险。

建议按 1→8 的顺序逐项排查，大部分触摸板失灵问题出在前几步的软件和设置层面。"
confirm,GLM,32,S-ADV-b,answer,"这个问题我没有可靠资料。

知识库中的条目主要涉及笔记本的使用与维护（如电池保养[1]、清灰散热[2][9]、进液处理[14]、接口规格[6][13]、硬件升级[3][10]、屏幕特性[4][11][18]、系统与网络问题[7][16][19]等），但没有关于防盗措施的内容，我无法据此给出可靠建议。

如果你在笔记本使用、保养或硬件方面有其他问题，我很乐意根据资料为你解答。"
confirm,GLM,33,S-ADV-b,answer,"关于“商家预装的杀毒软件是否有必要一直用”，知识库中没有直接讨论这个问题的条目，所以我无法就“该不该保留/卸载”给出可靠的完整结论。

不过，有一条相关资料可以供你参考：

- 资料[7]指出，**Windows 更新失败的常见原因包括第三方杀毒软件的冲突**。也就是说，预装的第三方杀毒软件有可能与系统更新产生冲突，如果你遇到更新反复失败的情况，杀毒软件是一个值得排查的因素。

除此之外，关于预装杀毒软件本身的必要性、与系统自带安全功能的对比、如何卸载等问题，这个问题我没有可靠资料，不便替你下判断。建议你结合实际使用情况（是否频繁遇到更新失败、卡顿等）并咨询官方支持来决定。"
confirm,GLM,34,S-ADV-b,answer,"这个问题知识库里没有“游戏本 vs 轻薄本”的直接对比结论，具体推荐哪款机型我也没有可靠资料。但两类机型各自的关键差异点，资料里能整理出不少实用的判断依据，供你参考：

## 一、如果你倾向游戏本（常玩大型游戏、高负载使用多）

- **散热是核心**：长时间高负载运行会触发 CPU 温度墙导致降频，性能反而明显下降 资料[15]。使用时把笔记本后部垫高、保持底部进风口通畅，一般可让表面温度降低 3-5℃ 资料[9]。
- **屏幕**：刷新率越高（如 120Hz 以上），游戏画面越流畅，但功耗也更高 资料[11]。
- **电源**：电源适配器功率不足时，可能出现充电缓慢或高负载时掉电，游戏本尤其要注意 资料[17]。
- **维护**：风扇积灰会导致温度升高、噪音变大，建议每 12-18 个月清理一次 资料[2]。

## 二、如果你倾向轻薄本（以文档、网课、便携为主）

- **升级性受限**：许多轻薄本的内存是板载焊死、不可更换的，下单前务必先确认是否预留内存插槽 资料[3]。
- **性能释放**：NVMe 固态硬盘发热更大，部分轻薄本会对其限速 资料[5]，说明轻薄本整体性能释放偏保守。
- **接口**：USB-C 接口并不都支持视频输出，外接显示器要看是否具备 DP Alt 模式 资料[13]；雷电4 接口则可同时支持充电、视频输出与数据传输（40Gbps）资料[6]。

## 三、两类机型都适用的通用建议

- 自行拆机加装内存或硬盘通常不影响整机保修，但因拆机操作本身造成的损坏不在保修范围内 资料[10]。
- 系统盘建议预留至少 20% 的空闲空间，否则会影响虚拟内存性能和系统更新 资料[19]。
- 电池长期保持在 20%-80% 电量区间，有助于延长循环寿命 资料[1]。
- 如果专业涉及设计、修图等对色彩有要求的场景，关注屏幕 sRGB / DCI-P3 色域覆盖数值 资料[18]。

## 四、给大一新生的建议

选择主要取决于你的**专业需求和娱乐习惯**：

- 如果经常玩大型游戏，或课程需要长时间高负载运行（渲染、编译等），游戏本方向更稳妥，但要接受更重的机身，并注意散热和电源匹配 资料[15][17]。
- 如果日常以写文档、上网课、携带去教室图书馆为主，轻薄本更合适，但**买前一定确认内存是否可升级** 资料[3]，避免日后不够用却无法扩展。

至于具体品牌、型号、价格和重量的对比，我这里没有可靠资料，建议你结合预算，到线下实机体验重量和键盘手感后再决定。"
confirm,GLM,35,S-ADV-b,refuse,"这个问题我没有可靠资料。

当前知识库中的条目主要涉及笔记本的使用与维护（如电池保养、清灰、内存升级、接口规格、进液处理等），并没有关于航空运输、托运规定或锂电池乘机限制的内容，因此我无法依据资料给出可靠答案。

建议您通过以下途径确认：
- 直接咨询所乘航班的航空公司客服；
- 查询民航主管部门（如中国民航局）关于锂电池和电子设备携带的最新规定。

如果您有关于笔记本使用、保养或硬件方面的问题，我很乐意根据知识库为您解答。"
confirm,GLM,36,S-ADV-b,refuse,"这个问题我没有可靠资料。

知识库中的条目主要涉及电池保养、散热清灰、硬件升级、接口规格、屏幕特性、进液处理等方面，但没有关于如何设置开机密码（无论是系统登录密码还是 BIOS 开机密码）的操作说明，因此我无法给出具体步骤，以免提供不准确的信息。

如果您有其他与笔记本相关的问题，比如硬件升级注意事项、散热优化、接口功能等，我可以根据现有资料为您解答。"
confirm,GLM,37,S-ADV-b,answer,"关于视频剪辑笔记本的配置，知识库里能提供以下几方面的参考，我按选购时需要关注的要点整理如下：

**屏幕素质**
- 剪辑对屏幕色彩还原要求较高，常见色域标准有 sRGB 与 DCI-P3，覆盖数值越高能显示的颜色范围越广，选屏时优先看这两项参数 资料[18]。
- 如果考虑 OLED 屏，要注意剪辑软件界面有大量静态元素，长时间显示静态画面可能出现烧屏残影，需开启防烧屏机制或定期更换显示内容 资料[4]。

**存储**
- 素材读写对速度敏感，NVMe 固态硬盘的读写速度远高于 SATA 固态硬盘，应优先选 NVMe；但注意它发热更大，部分轻薄本会对其限速，选购时要留意散热和限速情况 资料[5]。
- 系统盘建议预留至少 20% 的空闲空间，否则会影响虚拟内存性能和系统更新缓存——剪辑时的缓存和预览渲染对这块很敏感 资料[19]。

**内存**
- 许多轻薄本的内存是板载焊死、不可更换的，购买前务必确认是否预留内存插槽 资料[3]。
- 好消息是：自行拆机加装内存或硬盘通常不影响整机保修（仅拆机操作本身造成的损坏不在保修范围内），所以可以先买基础配置、后续再自行扩容 资料[10]。

**散热与持续性能**
- 剪辑导出属于长时间高负载场景，会触发 CPU 温度墙导致降频，性能反而明显下降，因此散热规格比峰值参数更值得关注 资料[15]。
- 日常使用时把笔记本后部垫高、保持底部进风口通畅，一般可让表面温度降低 3-5 摄氏度 资料[9]。

**接口与供电**
- 若想外接显示器或高速外置素材盘，雷电4 接口支持充电、视频输出与数据传输，带宽 40Gbps，非常实用 资料[6]。
- 若打算用 USB-C 外接显示器，注意并非所有 USB-C 都支持视频输出，要确认该接口具备 DP Alt 模式 资料[13]。
- 高负载剪辑时功耗大，电源适配器功率不足可能出现充电缓慢或高负载时掉电，需确认适配器功率够用 资料[17]。

**关于“预算六千够不够”**

这个问题我没有可靠资料。知识库条目中没有涉及具体机型的市场价格，也没有给出视频剪辑所需的 CPU、显卡具体型号档位，因此无法判断六千元是否足够。建议你结合上面列出的配置要点去实际比价，重点核对这几项：内存是否可扩展 资料[3]、屏幕色域参数 资料[18]、散热与持续性能表现 资料[15]，以及存储是否为 NVMe 固态 资料[5]。"
confirm,GLM,38,S-ADV-b,answer,"这个问题我没有可靠资料。

知识库中的条目主要围绕笔记本电脑的硬件参数与日常维护（如电池保养、清灰散热、内存升级、接口规格、屏幕特性等），并没有关于“老人更适合笔记本电脑还是平板电脑”的比较性内容，也没有涉及平板电脑或适老化使用场景的资料。为避免编造没有依据的结论，我无法直接替您在这两者之间做推荐。

不过，如果您后续了解后倾向于选择笔记本电脑，知识库中有一些相关内容或许对您有参考价值，例如：

- 锂电池长期保持在 20%-80% 电量区间有助于延长循环寿命 资料[1]
- 许多轻薄本的内存是板载焊死的，购买前要先确认是否预留内存插槽，以免日后无法升级 资料[3]
- 自行拆机加装内存或硬盘通常不影响整机保修，但拆机操作本身造成的损坏不在保修范围内 资料[10]
- 屏幕刷新率越高（如 120Hz 以上），画面滚动越流畅，但功耗也相应更高 资料[11]
- 笔记本摄像头的物理遮挡开关可以在不用摄像头时防止画面误泄露 资料[20]

如果您有关于笔记本电脑选购参数或日常使用维护的具体问题，欢迎继续提问，我可以依据资料为您解答。"
confirm,GLM,39,S-ADV-b,answer,"这个问题我没有可靠资料。

知识库中的条目主要涉及笔记本的使用与维护（如电池保养[1]、清灰散热[2][9]、进液处理[14]、接口与硬件规格[5][6][13]、保修政策[10]等），但没有任何关于笔记本丢失后定位、追踪或找回方法的内容，因此我无法基于现有资料给出可靠的解答，也不能凭空编造操作步骤。

建议您通过设备厂商官方渠道（如系统自带的查找功能说明、官方客服）或报警求助来处理丢失问题。

如果您有关于笔记本保养、硬件升级、接口功能等方面的问题，我很乐意依据资料为您解答。"
confirm,GLM,20,S-ADV-c,answer,"关于“MacBook 和 Windows 笔记本哪个更适合学编程的大学生”，需要先说明：我的知识库中没有对这两个平台在编程学习场景下做直接对比的条目，所以无法基于资料给出“哪个更好”的结论。

不过，无论最终选哪种，资料中有不少对编程学习有实际影响的选购和使用要点，整理如下，可以作为对比具体机型时的检查清单：

**1. 内存：先确认能否升级**
- 许多轻薄本的内存是板载焊死、不可更换的，购买前务必确认是否预留内存插槽 资料[3]。编程时常需要同时开 IDE、浏览器、虚拟机，内存容量和后续可扩展性很关键。
- 可升级的机型，自行拆机加装内存或硬盘通常不影响整机保修，只是拆机操作本身造成的损坏不在保修范围内 资料[10]。

**2. 存储与系统盘空间**
- NVMe 固态读写速度远高于 SATA 固态，编译、启动虚拟机都会更快，但发热更大，部分轻薄本会对其限速 资料[5]。
- 系统盘建议预留至少 20% 空闲空间，否则会影响虚拟内存性能和系统更新缓存 资料[19]——开发环境和项目文件很占空间，选容量时要把余量算进去。

**3. 散热与持续性能**
- 长时间高负载（如编译大项目）会触发 CPU 温度墙导致降频，性能反而明显下降 资料[15]，所以散热规格比峰值参数更值得关注。
- 把笔记本后部垫高、保持底部进风口通畅，一般可让表面温度降低 3-5℃ 资料[9]；风扇积灰会导致温度升高、噪音变大，建议每 12-18 个月清灰一次 资料[2]。

**4. 接口与外接显示器**
- 写代码时外接大屏对效率帮助很大：雷电4 接口支持充电、视频输出与数据传输，带宽 40Gbps 资料[6]；但普通 USB-C 不一定支持视频输出，取决于是否具备 DP Alt 模式 资料[13]，买转接线/扩展坞前要确认。

**5. 屏幕与续航（教室/图书馆场景）**
- 长时间看代码，屏幕素质重要：色域常见标准有 sRGB 与 DCI-P3，覆盖数值越高颜色范围越广 资料[18]；高刷新率（120Hz 以上）滚动更流畅但功耗更高 资料[11]。
- OLED 屏长时间显示静态画面（比如一直开着 IDE）可能出现烧屏残影，建议开启防烧屏机制或定期更换显示内容 资料[4]。
- 电池长期保持在 20%-80% 电量区间有助于延长循环寿命 资料[1]；电源适配器功率不足时，可能出现充电缓慢或高负载掉电 资料[17]。

**6. 日常使用相关**
- 笔记本进液后应立即断电并倒置晾干，不要尝试开机，尽快送修 资料[14]——宿舍里水杯别放键盘旁边。
- 摄像头物理遮挡开关可防止画面误泄露 资料[20]；蓝牙耳机连接不稳时，删除配对记录重新配对通常可解决 资料[12]；WiFi 6 路由器需要终端同样支持才能发挥最大速率 资料[16]。

**关于“选哪个系统”本身**：macOS 与 Windows 在各编程方向上的生态差异、学校课程对系统环境的要求等，超出了我手头资料的范围，这个问题我没有可靠资料来下结论。建议你结合自己的专业方向和课程要求（例如是否涉及特定平台的开发）来决定；上面列出的硬件要点在两个平台上都通用，可用于横向对比具体机型。"
confirm,GLM,21,S-ADV-c,answer,"关于“现在买还是等双十一降价”这个时机问题，我的知识库里没有关于电商促销节奏、价格走势或降价幅度的条目，所以**这个问题我没有可靠资料**，无法替你预测具体时点的价格，也不想编造价格判断。建议你以电商平台的历史价格查询工具和官方渠道公告为准。

不过，无论你最终什么时候下单，知识库里有不少内容可以帮你把“买哪台、怎么验、买完注意什么”想清楚。给你一份实用的选购清单：

**下单前确认配置与接口**
- 许多轻薄本的内存是板载焊死、不可更换的，如果以后有升级打算，下单前先确认是否预留内存插槽 资料[3]。
- 打算外接显示器的话，注意 USB-C 接口并不都支持视频输出，要确认该接口具备 DP Alt 模式 资料[13]；雷电4 接口则同时支持充电、视频输出与数据传输，带宽 40Gbps 资料[6]。
- 屏幕方面：刷新率越高（如 120Hz 以上）滚动和游戏越流畅，但功耗也更高 资料[11]；在意色彩表现可以对比 sRGB 与 DCI-P3 的色域覆盖数值 资料[18]。
- NVMe 固态硬盘读写速度远高于 SATA，但发热更大，部分轻薄本会对其限速 资料[5]。
- 留意电源适配器功率是否够用，功率不足可能出现充电缓慢或高负载时掉电 资料[17]。

**收货后与日常使用**
- 自行拆机加装内存或硬盘通常不影响整机保修，但因拆机操作本身造成的损坏不在保修范围内 资料[10]——想后期加装的可以放心，但操作要谨慎。
- 电池长期保持在 20%-80% 电量区间有助于延长循环寿命，避免长期满电或空电存放 资料[1]。
- 系统盘建议预留至少 20% 空闲空间，否则会影响虚拟内存性能和系统更新缓存 资料[19]。
- 如果选了 OLED 屏，注意开启防烧屏机制或定期更换显示内容 资料[4]；摄像头有物理遮挡开关的话，不用时记得关上 资料[20]。

总结：价格时机我给不了可靠建议，但把上面这些配置和接口问题在下单前核对清楚，比纠结早买几天还是晚买几天更影响长期使用体验。"
confirm,GLM,22,S-ADV-c,refuse,"这个问题我没有可靠资料。

我检查了知识库的全部 20 条条目，内容涉及电池保养、散热清灰、内存升级、屏幕、接口、系统更新、进液处理等方面，但没有任何一条涉及打印机连接的相关内容（如打印机驱动安装、USB/无线连接方式、共享打印设置等）。

由于无法依据条目给出有出处的回答，我不能凭空编造连接步骤。建议您查阅打印机说明书或厂商官网的支持页面获取准确的连接方法。"
confirm,GLM,23,S-ADV-c,answer,"这个问题我没有可靠资料。

知识库中的条目主要涉及笔记本的使用、维护和硬件知识（如电池保养、清灰、接口、保修等），**没有任何关于笔记本电磁辐射大小、或放在腿上使用对身体健康影响的内容**，因此我无法给出有依据的回答，也不能凭空编造相关结论。

不过，如果你实际关心的是“放腿上使用”相关的**发热问题**，知识库中有两条可以参考：

- 把笔记本后部垫高、保持底部进风口通畅，一般可以让表面温度降低 3-5 摄氏度 资料[9]
- 长时间高负载运行会触发 CPU 温度墙导致降频，性能明显下降 资料[15]

但请注意，这两条只涉及散热与性能表现，并不能回答辐射或健康影响的问题。关于辐射安全性的问题，建议查阅权威健康或电子产品安全机构的资料。"
confirm,GLM,24,S-ADV-c,answer,"先说明一点：知识库里的条目主要是笔记本硬件与使用维护方面的内容，**没有关于“笔记本 vs iPad 记课堂笔记”的直接对比资料**，所以这个核心比较我无法引用条目作答。以下先基于一般常识给你选购思路，涉及笔记本硬件的部分会标注知识库依据。

**两者的适用场景不同（一般经验，非知识库内容）：**

- **iPad 的优势**：配合手写笔可以像纸笔一样手写，特别适合数学、物理、化学等需要写公式、画图的课程；还能直接在老师发的 PDF/PPT 课件上批注；便携、开机快、上课安静不打扰他人。
- **笔记本的优势**：打字录入速度快，适合文科、法律、语言类大量文字记录；课后写作业、写论文、跑专业软件（编程、CAD、统计软件、视频剪辑等）基本离不开电脑；多任务处理能力更强。

**判断建议：**

1. 看专业需求：如果后续课程要写代码、用行业软件，笔记本几乎是刚需，iPad 无法替代；
2. 看课程形态：手写公式、绘图类课程多 → 偏向 iPad；纯文字记录多 → 偏向笔记本；
3. 预算充足时，不少学生的方案是“iPad 管课堂手写 + 入门笔记本管课后作业”，或考虑带手写笔的二合一设备。

**如果最终选笔记本，知识库里有几点实用提示：**

- 许多轻薄本的内存是板载焊死、不可更换的，购买前务必确认是否预留内存插槽，避免日后性能不够用 资料[3]；
- 自行拆机加装内存或硬盘通常不影响整机保修（拆机本身造成的损坏除外） 资料[10]，所以选一台可扩展的机型，日后还能自己升级；
- 存储容量别买得太紧：系统盘建议预留至少 20% 空闲空间，否则会影响虚拟内存性能和系统更新缓存 资料[19]；
- 日常使用中，电池长期保持在 20%-80% 电量区间有助于延长循环寿命 资料[1]，对需要整天带去上课的设备很有意义。

**如果选 iPad**：知识库中没有关于 iPad、手写笔或平板键盘的资料，这部分我给不出有依据的建议，建议你另行查询具体型号的配件兼容性和手写体验评测。"
confirm,GLM,25,S-ADV-c,answer,"这个问题我没有可靠资料。

知识库中的条目主要涉及笔记本的使用保养、硬件升级、接口规格和常见故障处理，并没有关于旧笔记本回收价格或二手行情的信息，所以我无法给出具体的回收报价，也不便凭空估计一个价格范围。

一般来说，旧笔记本的回收价取决于具体型号、配置、成色、使用年限和回收渠道等因素，不同平台报价差异较大。建议您在二手回收平台或线下回收店输入自己机器的具体型号和配置，查询实时报价，这样得到的估价会比较准确。

另外补充一条知识库中可能相关的信息：如果您打算在出手前先升级硬件（比如加内存或换硬盘），资料[10]提到自行拆机加装内存或硬盘通常不影响整机保修，但因拆机操作本身造成的损坏不在保修范围内，操作时需注意。"
confirm,GLM,26,S-ADV-c,answer,"关于“哪个牌子的笔记本售后服务最好”，这个问题我没有可靠资料——知识库中没有收录任何品牌售后服务的对比、排名或评价信息，因此我无法给出某个品牌“最好”的结论，也不能凭空编造。

不过，知识库中有几条与售后、维修相关的条目，供你参考：

- **自行拆机与保修的关系**：自行拆机加装内存或硬盘通常不影响整机保修，但因拆机操作本身造成的损坏不在保修范围内 资料[10]。这意味着选购时可以关注品牌的保修政策对用户自行升级的宽容度。
- **进液等意外情况的处理**：笔记本进液后应立即断电并倒置晾干，不要尝试开机测试，应尽快送修处理 资料[14]。这类意外损坏是否在保修范围内、品牌是否有意外保障服务，也是衡量售后的重要方面。

如果你想在选购时自行评估各品牌售后，一般可以从这些角度考察（以下为一般性建议，非知识库内容）：保修时长与是否支持上门服务、官方售后网点覆盖密度、意外损坏（如进水）是否可保、保修条款对自行升级硬件的态度，以及电商平台的真实用户售后评价。建议在购买前查阅目标品牌官方的保修条款，并搜索近期的用户售后反馈做横向对比。"
confirm,GLM,27,S-ADV-c,answer,"关于“大学生买笔记本是否有教育优惠、如何申请”，知识库中没有相关条目，**这个问题我没有可靠资料**，无法给出基于资料的确切答复，也不敢替你编造具体的折扣力度或申请流程。

不过可以补充一些一般性常识（**非来自上述资料，仅供参考，具体请以品牌官方页面为准**）：

1. **主流品牌普遍设有教育优惠**：苹果、联想、戴尔、惠普、华为、华硕、微软 Surface 等品牌通常面向在校学生（部分含教师）提供折扣或赠品，各品牌力度和形式不同。
2. **常见申请方式**：
   - 进入品牌官网的“教育优惠 / 学生优惠”专区，下单前完成学生身份认证；
   - 常见验证手段包括：学信网学籍在线验证报告、edu 邮箱、UNiDAYS 认证、学生证照片等；
   - 部分品牌的线下校园店或官方门店也可凭学生证办理。
3. **时间点**：开学季（通常 7–9 月）常有教育优惠叠加的促销活动，整体力度可能更大。

---

另外，虽然资料里没有优惠信息，但有几条与“买笔记本时该注意什么”直接相关，选购时可以参考：

- 许多轻薄本的内存是板载焊死、不可更换的，购买前要先确认是否预留内存插槽 资料[3]；
- USB-C 接口并不都支持视频输出，能否外接显示器取决于该接口是否具备 DP Alt 模式 资料[13]；雷电4 接口则同时支持充电、视频输出与数据传输，带宽 40Gbps 资料[6]；
- 屏幕刷新率越高（如 120Hz 以上）画面越流畅，但功耗也更高 资料[11]；色域常见标准为 sRGB 与 DCI-P3，覆盖数值越高颜色范围越广 资料[18]；
- NVMe 固态硬盘比 SATA 快得多，但发热更大，部分轻薄本会对其限速 资料[5]；
- 自行拆机加装内存或硬盘通常不影响整机保修，但因拆机操作本身造成的损坏不在保修范围内 资料[10]。

建议你直接去目标品牌的官网搜索“教育优惠”，以官方最新政策为准。"
confirm,GLM,28,S-ADV-c,answer,"关于“要不要贴屏幕膜、键盘要不要加保护罩”，需要先说明：**知识库中没有直接讨论这两个问题的条目**，因此我无法给出有资料依据的“要”或“不要”的明确结论。不过库里有几条与这个决定相关的背景信息，可以帮你把问题想清楚：

**关于屏幕保护**

- 如果你的笔记本是 OLED 屏幕，它需要防范的主要风险不是划痕，而是长时间显示静态画面导致的烧屏残影，建议开启防烧屏机制或定期更换显示内容 资料[4]。也就是说，对 OLED 屏而言，防烧屏是比贴膜更值得优先关注的事项。
- 屏幕的显示素质由色域等指标决定，常见标准为 sRGB 与 DCI-P3，覆盖数值越高能显示的颜色范围越广 资料[18]。如果你对屏幕色彩表现有较高要求（例如做设计、修图），在决定是否贴膜时可以把这一点纳入考量。

**关于键盘保护**

- 笔记本进液的后果比较严重：应立即断电并倒置晾干，不要尝试开机测试，应尽快送修处理 资料[14]。液体进入机身是笔记本常见且损失较大的意外之一，这也是不少用户考虑给键盘加保护罩（键盘膜）的主要动机。但知识库中并没有对“是否应该使用键盘保护罩”本身给出建议或评价。

**小结**

知识库能提供的是上述背景信息，但不足以直接回答“贴不贴膜、加不加键盘罩”这个选择本身——比如贴膜对显示清晰度的影响、键盘膜对打字手感和散热的影响等关键问题，**这个问题我没有可靠资料**，建议参考厂商官方说明或专业评测再做决定。"
confirm,GLM,29,S-ADV-c,refuse,"这个问题我没有可靠资料。

我核查了知识库的全部 20 条条目，内容集中在笔记本的使用与维护方面（如电池保养[1]、清灰散热[2][9]、内存升级[3][10]、接口规格[6][13]、进液处理[14]等），但没有任何条目涉及双肩电脑包的选购标准或面料材质的耐用性比较。

为了不误导您，我不能在没有依据的情况下编造关于背包材质（如尼龙、聚酯纤维、帆布等）的结论。

如果您有与笔记本本身相关的问题——比如如何保护屏幕[4]、接口能否外接显示器[13]、进液后的应急处理[14]等——我可以基于知识库给出有依据的回答。"
confirm,GLM,30,S-ADV-c,answer,"先说明一点：知识库里的条目都是笔记本硬件使用类的提示，**没有直接对比“云盘 vs 移动硬盘”的资料**，所以“哪个更适合学生”这个核心结论我没有可靠资料可引。不过可以基于通用常识给你一个实用的分析（以下对比不来自知识库条目，文末附上知识库里确实相关的几条信息）：

**两者对比（学生视角）**

| 维度 | 云盘 | 移动硬盘 |
|---|---|---|
| 成本 | 免费空间有限，大容量需按月/年订阅 | 一次性投入，几百元可买到 1–2TB |
| 自动化 | 可自动同步，文件改完即备份 | 需手动拷贝，容易忘记 |
| 访问方式 | 任何联网设备都能取用 | 必须随身携带 |
| 主要风险 | 依赖网络与账号安全，服务商可能涨价/停服 | 摔坏、丢失、被盗、忘带 |
| 传输速度 | 受上传带宽限制 | 本地直连，速度快 |

**给学生的建议**

- **论文、课设、代码**这类“重要 + 频繁修改”的文件：优先放云盘，自动同步，不怕电脑突然损坏或丢失。
- **照片、视频、大型安装包、课程资源**：放移动硬盘更划算，不占网速也不占本地空间。
- **最稳妥的做法是两者结合**：重要文件云盘和硬盘各留一份，任何单一备份方式都存在单点故障风险。

**知识库中相关的补充信息**

- 资料[19]：系统盘建议预留至少 20% 空闲空间，否则会影响虚拟内存性能和系统更新缓存——把不常用的大文件转移到移动硬盘或云端，正好有助于做到这一点。
- 资料[6]：如果你的笔记本带雷电4接口（带宽 40Gbps，支持数据传输），搭配高速移动固态硬盘拷贝大文件会非常快。
- 资料[5]：选购移动固态硬盘时可以留意，NVMe 方案读写速度远高于 SATA，但发热更大，部分轻薄本会对其限速，实际备份速度可能打折扣。

总结：预算有限就先买一块移动硬盘保底，重要文档再配合免费额度的云盘做双备份，这对大多数学生是最平衡的方案。"
confirm,GLM,31,S-ADV-c,answer,"关于触摸板失灵的排查，知识库中没有专门针对触摸板的条目，**就触摸板故障本身而言，这个问题我没有可靠资料**。不过我可以给出一些通用的排查思路（以下内容不来自知识库条目，属于一般性经验，仅供参考）：

**一、先排查软件和设置（成本最低，优先做）**

1. **检查快捷键是否误触**：很多笔记本有“禁用触摸板”的组合键（通常是 Fn+F1~F12 中带触摸板图标的那个），误按后指针会完全不动，再按一次即可恢复。
2. **检查是否外接了鼠标**：部分系统默认“插入外置鼠标时自动禁用触摸板”，可拔掉外接鼠标，或在系统设置的触摸板选项中关闭该功能。
3. **检查系统开关**：Windows 中进入“设置 → 蓝牙和其他设备 → 触摸板”，确认触摸板总开关没有被关闭。
4. **重装驱动**：打开设备管理器，查看“鼠标和其他指针设备”下触摸板是否有黄色感叹号；可尝试卸载驱动后重启让系统重新识别，或到笔记本官网下载对应型号的触摸板驱动（ELAN / Synaptics 等）重新安装。

**二、判断是软件问题还是硬件问题**

5. **进 BIOS 测试**：开机时按 F2 / Del 等键进入 BIOS，在 BIOS 界面下试试触摸板能否移动指针。如果 BIOS 里也不动，多半是硬件故障；如果 BIOS 里正常，则基本是系统或驱动层面的问题，可考虑系统还原或重装。

**三、两种特殊情况**

6. **如果失灵前发生过进液、受潮或摔碰**：触摸板失灵很可能是进液导致的连带损伤。这种情况下按 资料[14] 的建议，应立即断电、倒置晾干，不要反复开机测试，尽快送修处理。
7. **如果想自行拆机检查排线是否松动**：知识库中 资料[10] 针对的是加装内存/硬盘的情形（通常不影响整机保修，但拆机操作本身造成的损坏不在保修范围内），这一原则可以参考——动手前请权衡风险，触摸板排线较脆弱，操作不当可能造成不在保修范围内的损坏。

**结论**：如果快捷键切换、驱动重装、BIOS 测试都无效，基本可以判定为触摸板本体或排线的硬件故障，建议直接送官方售后检测，不建议自行拆修。"
confirm,GLM,32,S-ADV-c,answer,"这个问题我没有可靠资料。

我核查了知识库的全部 20 条条目，内容集中在笔记本的使用与维护方面，例如：

- 电池保养（资料[1]）、风扇清灰（资料[2]）、垫高散热（资料[9]）
- 硬件升级与保修（资料[3][10]）、接口功能（资料[6][13]）
- 屏幕保养与参数（资料[4][11][18]）、进液急救（资料[14]）
- 系统与存储优化（资料[7][19]）等

其中没有任何一条涉及笔记本防盗、物理安全或失窃处理的内容。为避免编造不可靠的建议，我无法就“如何防止笔记本被偷”给出有依据的回答。

如果你在笔记本使用、保养、硬件或系统方面有其他问题，我可以基于现有资料为你详细解答。"
confirm,GLM,33,S-ADV-c,answer,"关于“商家预装的杀毒软件是否有必要一直用”，知识库中没有直接回答这个问题的条目（比如没有涉及系统自带防护是否够用、预装软件是否为试用版等内容），所以这一点我无法替你下确定结论。

不过，知识库中有一条与第三方杀毒软件直接相关的资料，可以作为参考：

- 第三方杀毒软件与系统的冲突，是 Windows 更新失败的常见原因之一 资料[7]。也就是说，保留这类软件并非没有代价——如果你的笔记本经常出现 Windows 更新失败，预装的第三方杀毒软件有可能就是冲突源，此时可以尝试暂时退出或卸载它，再重新执行更新。

- 同一条资料还提到，系统盘剩余空间不足也是更新失败的常见原因 资料[7]，排查更新问题时可以一并检查磁盘空间。

**小结**：就现有资料而言，我能确定告诉你的只有“第三方杀毒软件可能引起 Windows 更新冲突”这一点；至于“是否有必要一直使用预装杀毒软件”，我没有可靠资料，无法给出肯定或否定的答案。建议你结合自己的使用习惯（是否经常遇到更新失败、是否信任该软件）自行权衡，或咨询笔记本官方客服获取针对该机型的建议。"
confirm,GLM,34,S-ADV-c,answer,"# 游戏本 vs 轻薄本：怎么选

先说结论：**没有绝对的好坏，关键看你的专业需求和日常用途**。知识库里没有直接给出“该买哪个”的答案，但下面这些条目能帮你把两类机器的差异看清楚，再结合自己的情况做决定。

## 一、两类机器的关键差异（依据资料）

**1. 性能与散热**
- 长时间高负载运行会触发 CPU 温度墙导致降频，性能反而明显下降 资料[15]。游戏本虽然性能强，但持续满血输出也受散热限制；轻薄本散热规格更低，性能释放更保守。
- 轻薄本为了控制发热，部分机型甚至会对 NVMe 固态硬盘限速 资料[5]。
- 无论选哪种，把笔记本后部垫高、保持底部进风口通畅，一般可以让表面温度降低 3-5 摄氏度 资料[9]。

**2. 扩展性（对轻薄本尤其重要）**
- 许多轻薄本的内存是板载焊死的、不可更换，升级前要先确认是否预留内存插槽 资料[3]。
- 好消息是：自行拆机加装内存或硬盘通常不影响整机保修（拆机操作本身造成的损坏除外）资料[10]。所以如果选轻薄本，要么一步到位买够配置，要么优先选有插槽、可扩展的型号。

**3. 接口与外接设备**
- 雷电4 接口支持充电、视频输出与数据传输，带宽 40Gbps 资料[6]；但要注意 USB-C 接口并不都支持视频输出，能否外接显示器取决于是否具备 DP Alt 模式 资料[13]。轻薄本接口通常较少，宿舍想外接显示器的话，买前务必确认接口规格。
- 游戏本功耗高，电源适配器功率不足时可能出现充电缓慢或高负载时掉电 资料[17]——意味着出门要带大砖头适配器，便携性打折扣。

**4. 屏幕素质**
- 屏幕刷新率越高（如 120Hz 以上），滚动和游戏画面越流畅，但功耗也更高 资料[11]。游戏本一般标配高刷屏，玩游戏的体验优势明显。
- 如果是设计类专业，关注色域：常见标准有 sRGB 与 DCI-P3，覆盖数值越高能显示的颜色范围越广 资料[18]。

## 二、给大一新生的建议

**倾向选游戏本，如果你：**
- 玩大型 3A 游戏、网游竞技类，想要高画质高帧率（配合高刷屏 资料[11]）
- 专业涉及视频剪辑、3D 建模、渲染、机器学习等重负载任务
- 对便携性要求不高，电脑基本放宿舍用

**倾向选轻薄本，如果你：**
- 主要用途是上网课、写文档、写代码、看视频
- 经常背去教室、图书馆，重视便携
- 预算有限或不想折腾

**折中方案：** 如果两者都想要，可以看“全能本/性能轻薄本”，但务必注意资料[3]——这类机器很多内存是焊死的，**买之前确认好配置是否够用、有没有预留插槽**，避免日后想升级却无从下手。

## 三、买回来之后的保养提示

- 游戏本风扇负载大，积灰会导致温度升高、噪音变大，建议每 12-18 个月清理一次灰尘 资料[2]
- 长期插电使用时，尽量让电量保持在 20%-80% 区间，避免长期满电或空电存放，有助于延长电池循环寿命 资料[1]
- 系统盘建议预留至少 20% 的空闲空间，否则会影响虚拟内存性能和系统更新缓存 资料[19]——游戏本装游戏多，尤其要注意

**一句话总结：** 先想清楚大学四年你主要拿它干什么、玩不玩大型游戏、专不专业吃性能，再对照上面的差异点选。选轻薄本重点确认内存能否扩展 资料[3]，选游戏本重点接受它的重量和大适配器 资料[17]。"
confirm,GLM,35,S-ADV-c,refuse,"这个问题我没有可靠资料——知识库里的条目都是关于笔记本使用与维护的（如电池保养、清灰、接口、屏幕等），没有任何一条涉及航空托运或民航安检规定，所以我无法用 资料[N] 的方式给出有依据的回答。

不过可以补充一点常识性信息（**非来自知识库，请务必自行核实**）：一般而言，民航对锂电池有较严格的管理，含锂电池的电子设备（如笔记本）通常建议或要求随身携带，而不是放入托运行李；备用电池、充电宝更是普遍禁止托运。但各航空公司和不同国家的具体规定存在差异，建议出行前直接咨询所乘航空公司或查阅民航主管部门的最新规定，以官方口径为准。"
confirm,GLM,36,S-ADV-c,refuse,"这个问题我没有可靠资料。

知识库中的条目主要涉及笔记本硬件维护与使用常识（如电池保养、清灰、接口规格、进液处理等），并没有关于设置开机密码或系统账户密码的内容。为避免提供不准确的操作步骤，我无法基于现有资料给出具体方法。

建议您查阅所用操作系统的官方帮助文档，或咨询笔记本品牌的官方客服获取准确指引。"
confirm,GLM,37,S-ADV-c,answer,"先说结论：知识库里没有视频剪辑的最低硬件规格（CPU/显卡/内存的具体要求），也没有任何价格和行情信息，所以**“六千块够不够”这个问题我没有可靠资料**，无法替你判断，建议以当前在售机型的实际配置和售价为准。

不过，结合知识库条目，可以把“适合剪辑的笔记本该看哪些方面”梳理得比较清楚，供你选购时对照：

**一、存储：要快，也要留余量**
- 优先选 NVMe 固态硬盘，读写速度远高于 SATA 固态，处理大体积视频素材更流畅；但注意 NVMe 发热更大，部分轻薄本会对其限速，要看机型的散热设计 资料[5]。
- 系统盘建议预留至少 20% 空闲空间，否则会影响虚拟内存性能和系统更新缓存——视频工程文件和缓存很占空间，这点对剪辑尤其重要 资料[19]。

**二、散热与持续性能：剪辑是长时间高负载**
- 长时间高负载运行会触发 CPU 温度墙导致降频，性能反而明显下降 资料[15]。渲染导出正是这种场景，所以机身散热水平比纸面峰值参数更值得关注。
- 日常使用时把笔记本后部垫高、保持底部进风口通畅，一般可让表面温度降低 3-5 摄氏度 资料[9]。
- 高负载时如果电源适配器功率不足，可能出现充电缓慢甚至掉电，渲染时务必使用功率足够的适配器 资料[17]。

**三、屏幕：调色看色域**
- 关注 sRGB 与 DCI-P3 色域覆盖，覆盖数值越高能显示的颜色范围越广，这对剪辑调色很关键 资料[18]。
- 如果考虑 OLED 屏，注意长时间显示剪辑软件的静态界面可能出现烧屏残影，需开启防烧屏机制或定期更换显示内容 资料[4]。

**四、可升级性：为以后留余地**
- 许多轻薄本的内存是板载焊死、不可更换的，如果打算日后加内存，购买前必须确认是否预留内存插槽 资料[3]。
- 自行拆机加装内存或硬盘通常不影响整机保修（拆机操作本身造成的损坏除外），所以选一台留有升级空间的机器是可行的 资料[10]。

**五、接口与外设**
- 外接显示器校色时，注意 USB-C 接口并不都支持视频输出，取决于该接口是否具备 DP Alt 模式 资料[13]。
- 如果需要一台接口同时搞定充电、视频输出和大带宽传输（比如外接高速素材盘），雷电4 接口（40Gbps）会更省心 资料[6]。

**总结**：知识库能可靠回答的是“选剪辑本应该关注什么”——高速 NVMe 存储、良好的散热与持续性能释放、高色域屏幕、可升级的内存/硬盘、够用的接口和电源。至于具体的 CPU/显卡/内存规格门槛，以及六千元预算在市场上能买到什么档次，知识库中没有相关资料，这部分请以实际在售机型为准，或补充相关资料后我再帮你分析。"
confirm,GLM,38,S-ADV-c,answer,"先说明一下：知识库里的条目主要围绕笔记本的硬件使用与维护，并没有直接针对“老人选笔记本还是平板”的对比资料，所以下面的核心选购建议属于一般性经验，供您参考；其中涉及设备使用细节的部分，我会标注知识库依据。

## 一般性建议

**多数老人更适合平板**，理由是：
- 触屏操作直观，学习门槛低，不用学鼠标、窗口、文件管理这些概念；
- 用来视频通话、看戏曲/新闻、拍照看照片，平板基本够用；
- 重量轻，可以捧在手里、靠在沙发上用，对老人更友好。

**以下情况建议选笔记本**：
- 老人需要打字写东西、处理文档、操作网银或相对复杂的网页功能；
- 需要连接打印机、外接显示器等外设；
- 希望屏幕更大、有实体键盘，长时间看字更舒服。

**折中方案**：平板 + 蓝牙键盘/鼠标，日常触屏、需要打字时接键盘，兼顾两边。

## 结合知识库的几点使用提示

- 如果选的设备是 OLED 屏幕，老人常常长时间停留在同一个画面（比如一直挂着戏曲页面），容易出现烧屏残影，建议开启防烧屏机制或定期更换显示内容 资料[4]。
- 视频通话是老人的高频需求，选带摄像头物理遮挡开关的设备更安心，不用时挡上可防止画面误泄露 资料[20]。
- 老人常用蓝牙耳机听书、听戏，如果遇到连接不稳定，删除配对记录后重新配对通常能解决大部分问题，可以教老人或帮老人记住这一招 资料[12]。
- 无论选哪种设备，如果长期插电使用，尽量让电量保持在 20%-80% 区间，避免长期满电存放，有助于延长电池寿命 资料[1]。

**一句话结论**：以看、听、视频通话为主选平板；要打字、办公、接外设选笔记本；拿不准就选“平板+蓝牙键盘”的组合。"
confirm,GLM,39,S-ADV-c,answer,"这个问题我没有可靠资料。

我核查了知识库的全部 20 条条目，内容集中在笔记本的使用与维护方面（如电池保养[1]、清灰散热[2][9]、接口规格[6][13]、屏幕特性[4][11][18]、升级与保修[3][10]、进液处理[14]等），但没有任何一条涉及设备丢失后的定位、追踪或找回方法。

为避免提供不准确的信息误导您，我无法基于现有资料给出定位找回的具体步骤。建议您直接咨询笔记本品牌的官方客服，或查阅设备随附的官方说明，以获取针对您机型的可靠指引。

如果您有其他关于笔记本使用、保养、硬件升级等方面的问题，我可以依据知识库为您解答。"
confirm,GLM,20,S-CAU-a,refuse,"这个问题我没有可靠资料。

知识库中的条目主要涉及笔记本的使用与维护（如电池保养、清灰、接口规格、散热等），没有关于 MacBook 与 Windows 笔记本在编程学习场景下的对比信息，因此我无法给出有依据的回答。"
confirm,GLM,21,S-CAU-a,refuse,"这个问题我没有可靠资料。

知识库中的条目都是关于笔记本的使用与维护（如电池保养、清灰、内存升级、接口规格等），没有涉及购买时机、价格走势或促销活动的内容，所以我无法给出“现在买还是等双十一”的建议。"
confirm,GLM,22,S-CAU-a,refuse,这个问题我没有可靠资料。知识库中的条目不涉及打印机连接的相关内容，我无法给出有依据的回答。
confirm,GLM,23,S-CAU-a,refuse,"这个问题我没有可靠资料。

知识库中的条目主要涉及笔记本的使用与维护（如散热、电池保养、接口、保修等），没有关于笔记本辐射大小、或放在腿上使用对身体影响的内容，因此我无法给出有依据的回答。"
confirm,GLM,24,S-CAU-a,refuse,"这个问题我没有可靠资料。

知识库中的条目主要涉及笔记本硬件参数、保养维护等内容（如电池保养、清灰、接口规格等），没有关于“记课堂笔记该选笔记本还是 iPad”的对比信息，因此我无法给出有依据的选购建议。"
confirm,GLM,25,S-CAU-a,refuse,"这个问题我没有可靠资料。

知识库中的条目主要涉及笔记本的使用、保养、硬件升级和故障处理（如电池养护、清灰、内存升级、进液处理等），但没有关于旧笔记本回收价格、估价标准或回收渠道的任何信息，因此无法给出有依据的回答。"
confirm,GLM,26,S-CAU-a,refuse,"这个问题我没有可靠资料。

知识库中没有关于各品牌笔记本售后服务质量对比或评价的条目，无法回答哪个牌子的售后最好。

知识库中仅有一条与保修相关的内容供参考：自行拆机加装内存或硬盘通常不影响整机保修，但因拆机操作本身造成的损坏不在保修范围内[10]。"
confirm,GLM,27,S-CAU-a,refuse,"这个问题我没有可靠资料。

知识库中的条目主要涉及笔记本的使用与维护（如电池保养、清灰、内存升级、接口规格、保修政策等），没有关于大学生教育优惠及申请方式的任何信息，因此无法给出有依据的回答。"
confirm,GLM,28,S-CAU-a,answer,"这个问题我没有可靠资料。知识库中没有关于“是否需要贴屏幕膜”或“是否要加键盘保护罩”的条目，我无法给出有依据的建议。

补充说明：知识库中有两个相关但不同主题的条目，供你参考——笔记本进液后应立即断电倒置晾干并尽快送修[14]；OLED 屏幕长期显示静态画面可能烧屏，建议开启防烧屏机制或定期更换显示内容[4]。如果你想了解这些方面，可以继续提问。"
confirm,GLM,29,S-CAU-a,refuse,"这个问题我没有可靠资料。

知识库中的条目主要涉及笔记本硬件与使用维护（如电池保养、散热、接口、屏幕、保修等），没有关于双肩电脑包选购或材质耐用性的内容，因此无法给出有依据的回答。"
confirm,GLM,30,S-CAU-a,refuse,"这个问题我没有可靠资料。

知识库中没有关于云盘、移动硬盘或数据备份方式对比的条目，无法给出有依据的建议。"
confirm,GLM,31,S-CAU-a,refuse,这个问题我没有可靠资料。知识库中的条目没有涉及触摸板失灵的排查方法，我无法给出有依据的回答，建议咨询笔记本厂商官方售后或专业维修渠道。
confirm,GLM,32,S-CAU-a,refuse,"这个问题我没有可靠资料。

知识库中的条目主要涉及笔记本的电池保养、散热、硬件升级、接口规格、进液处理等内容，没有关于防盗措施（如防盗锁、存放习惯、追踪软件等）的资料，因此我无法给出有依据的回答。"
confirm,GLM,33,S-CAU-a,refuse,"这个问题我没有可靠资料。知识库中没有直接说明“商家预装的杀毒软件是否有必要一直使用”的条目，无法给出有依据的结论。

仅有一条相关参考：资料[7]提到，第三方杀毒软件冲突是 Windows 更新失败的常见原因之一。这说明预装的第三方杀毒软件可能与系统更新产生冲突，但仅凭这一点，不足以判断是否有必要继续使用它。"
confirm,GLM,34,S-CAU-a,answer,"这个问题我没有可靠资料。知识库中没有关于游戏本与轻薄本在性能、重量、续航、价格等方面的对比内容，也没有针对大一新生的选购建议，因此无法直接回答“该买哪个”。

不过，知识库里有几条与购买后使用体验相关的条目，供你参考：

- 许多轻薄本的内存是板载焊死的、不可更换，如果考虑轻薄本且日后想升级内存，购买前要先确认是否预留内存插槽 资料[3]。
- 自行拆机加装内存或硬盘通常不影响整机保修，但拆机操作本身造成的损坏不在保修范围内 资料[10]。
- 长时间高负载运行会触发 CPU 温度墙导致降频，性能反而明显下降 资料[15]；把笔记本后部垫高、保持底部进风口通畅，一般可让表面温度降低 3-5 摄氏度 资料[9]。

如需两类笔记本的具体对比和选购结论，建议查阅其他更针对性的资料。"
confirm,GLM,35,S-CAU-a,refuse,"这个问题我没有可靠资料。

知识库中的条目主要涉及笔记本的使用与维护（如电池保养、散热、升级、接口等），没有关于乘坐飞机时笔记本托运或随身携带规定的内容，因此我无法给出有依据的回答。建议您咨询航空公司或查阅民航主管部门的官方规定。"
confirm,GLM,36,S-CAU-a,refuse,"这个问题我没有可靠资料。

知识库中的条目主要涉及笔记本的电池保养、散热、硬件升级、接口规格、进液处理等内容，没有关于设置开机密码的说明，因此我无法提供有依据的操作步骤。"
confirm,GLM,37,S-CAU-a,refuse,"这个问题我没有可靠资料。

知识库中没有关于视频剪辑所需笔记本配置（如 CPU、显卡、内存的具体要求）的条目，也没有任何关于六千元预算是否够用的信息，因此我无法给出有依据的回答。

知识库里只有一些通用的硬件知识（如固态硬盘速度、屏幕色域、散热等），但没有任何条目说明这些与视频剪辑的配置需求之间的关系，我不能自行推断或编造推荐配置。"
confirm,GLM,38,S-CAU-a,refuse,"这个问题我没有可靠资料。

知识库中的条目主要涉及笔记本的电池保养、散热、内存升级、接口规格、进液处理等具体技术问题，没有关于“老人使用笔记本电脑还是平板电脑更合适”的比较或建议内容，因此我无法给出有依据的回答。"
confirm,GLM,39,S-CAU-a,refuse,这个问题我没有可靠资料。
confirm,GLM,20,S-CAU-b,refuse,"这个问题我没有可靠资料。

知识库中的条目主要涉及笔记本硬件与使用维护方面（如电池保养、散热、内存升级、接口规格、保修政策等），但没有关于 MacBook 与 Windows 笔记本在编程学习场景下的对比信息，也没有涉及操作系统选择、开发环境适配等内容。为避免误导，我无法给出有依据的推荐。"
confirm,GLM,21,S-CAU-b,refuse,"这个问题我没有可靠资料。

知识库中的条目都是关于笔记本使用与维护的内容（如电池保养、清灰、内存升级、接口规格、进液处理等），没有涉及购买时机、促销降价或价格走势方面的信息，所以我无法判断“现在买还是等双十一”更划算，也不能凭空给出建议。

如果你在选购或使用笔记本时有其他问题——比如接口能否外接显示器、内存能否升级、散热与保养等——我可以基于资料给出有依据的回答。"
confirm,GLM,22,S-CAU-b,refuse,"这个问题我没有可靠资料。

知识库中的条目主要涉及笔记本电池保养、散热、内存升级、接口规格、屏幕、无线连接等方面，没有关于打印机连接方式（如 USB 连接、局域网共享、无线配对、驱动安装等）的内容，因此我无法给出有依据的回答。"
confirm,GLM,23,S-CAU-b,refuse,"这个问题我没有可靠资料。

知识库中的条目主要涉及笔记本的电池保养、散热、硬件升级、接口规格、屏幕特性、进液处理等方面，没有关于笔记本辐射水平、以及放在腿上使用是否影响健康的任何资料，因此我无法给出有依据的回答。

建议您参考权威医疗机构或产品安全认证机构（如相关电磁辐射安全标准）的说明来了解这一问题。"
confirm,GLM,24,S-CAU-b,refuse,"这个问题我没有可靠资料。

知识库中的条目主要涉及笔记本的硬件维护、接口规格、电池保养等内容，没有关于“笔记本 vs iPad 记课堂笔记”的对比信息（如手写笔体验、打字效率、软件生态等），因此我无法给出有依据的建议。"
confirm,GLM,25,S-CAU-b,refuse,"这个问题我没有可靠资料。

知识库中的条目主要涉及笔记本的使用、保养、硬件升级和故障处理（如电池养护、清灰、内存升级、进液处理等），但没有关于旧笔记本回收价格、估价标准或回收渠道的任何信息。回收价格通常取决于具体型号、配置、成色和回收渠道行情，我无法给出可靠的估价，建议您咨询具体的回收平台或商家获取报价。"
confirm,GLM,26,S-CAU-b,refuse,"这个问题我没有可靠资料。

知识库中没有关于各品牌笔记本售后服务质量的对比或评价信息，无法判断哪个牌子的售后最好。

知识库中唯一与保修相关的内容是：自行拆机加装内存或硬盘通常不影响整机保修，但因拆机操作本身造成的损坏不在保修范围内[10]。如果您关心的是售后政策方面的具体问题（比如拆机是否影响保修），我可以基于这条资料为您解答。"
confirm,GLM,27,S-CAU-b,refuse,"这个问题我没有可靠资料。

知识库中的条目主要涉及笔记本的使用与维护（如电池保养、清灰、内存升级、接口规格、保修政策等），没有关于大学生教育优惠及其申请方式的任何信息，因此我无法给出可靠回答。

建议你直接查询各品牌官网的“教育优惠”页面，或咨询官方客服获取准确的申请流程。"
confirm,GLM,28,S-CAU-b,answer,"这个问题我没有可靠资料。

知识库中没有关于“是否需要贴屏幕膜”或“是否要加键盘保护罩”的条目，我无法给出有依据的建议，也不便凭空推断。

补充说明（仅供参考，不构成对上述问题的回答）：
- 知识库中与屏幕相关的内容只有：OLED 屏幕长时间显示静态画面可能出现烧屏残影，建议开启防烧屏机制或定期更换显示内容[4]；
- 与键盘/进液相关的内容只有：笔记本进液后应立即断电并倒置晾干，不要尝试开机测试，应尽快送修处理[14]。

这两条都不能直接回答“要不要贴膜、要不要加键盘保护罩”，如需这方面的建议，建议另行查阅可靠来源。"
confirm,GLM,29,S-CAU-b,refuse,"这个问题我没有可靠资料。

知识库中的条目主要涉及笔记本的电池保养、散热、接口、屏幕、存储、保修等方面，没有关于双肩电脑包选购或材质耐用性的内容，因此无法给出有依据的回答。"
confirm,GLM,30,S-CAU-b,refuse,"这个问题我没有可靠资料。

知识库中没有关于数据备份方式、云盘或移动硬盘的条目，无法依据现有资料对两者进行比较或给出建议。为避免误导，这里不做没有依据的推测。"
confirm,GLM,31,S-CAU-b,refuse,"这个问题我没有可靠资料。

知识库中的条目主要涉及电池保养、清灰、内存升级、屏幕、接口、进液处理等内容，没有关于触摸板失灵排查的资料，因此我无法给出有依据的排查步骤，以免误导您。"
confirm,GLM,32,S-CAU-b,refuse,"这个问题我没有可靠资料。

知识库中的条目主要涉及笔记本的使用与维护（如电池保养、散热、清灰、接口、保修等），没有关于防盗措施的可靠依据，因此我无法给出有据可查的回答。"
confirm,GLM,33,S-CAU-b,answer,"关于“商家预装的杀毒软件是否有必要一直用”，知识库中没有直接讨论这个问题的条目，我无法给出该不该保留的结论性建议。

不过有一条相关参考：资料[7]提到，第三方杀毒软件与系统的冲突是 Windows 更新失败的常见原因之一。也就是说，如果保留这类软件，有可能遇到系统更新失败的情况——但这只是一个单一参考点，不足以支撑“是否卸载”的完整判断。"
confirm,GLM,34,S-CAU-b,answer,"这个问题我没有可靠资料。知识库里的条目主要涉及笔记本的**使用与维护**（如电池保养、清灰、进液处理、接口规格等），没有关于游戏本与轻薄本的区别对比、选购标准，也没有针对大一新生该买哪类的建议，因此我无法给出可靠的选型推荐。

不过，如果你在确定机型后想了解一些相关注意事项，知识库里有几点可以参考：

- 如果考虑日后升级内存，要注意很多轻薄本的内存是板载焊死的、不可更换，购买前需确认是否预留内存插槽[3]；另外自行拆机加装内存或硬盘通常不影响整机保修[10]。
- 如果打算长时间高负载使用（如运行大型游戏），可能触发 CPU 温度墙导致降频、性能下降[15]；把笔记本后部垫高、保持底部进风口通畅，一般可让表面温度降低 3-5 摄氏度[9]。

这些只是零散的相关信息，并不能替代对两类机型的综合比较。建议你结合自己的专业需求、预算和便携性要求，再咨询更全面的选购资料。"
confirm,GLM,35,S-CAU-b,refuse,"这个问题我没有可靠资料。

知识库中的条目都是关于笔记本使用和维护的内容（如电池保养、清灰、接口、保修等），没有涉及航空托运或随身携带的规定。建议您咨询航空公司或查阅民航部门的相关规定。"
confirm,GLM,36,S-CAU-b,refuse,"这个问题我没有可靠资料。

知识库中的条目涉及电池保养、清灰、内存升级、屏幕、接口、散热、保修等内容，但没有关于设置开机密码（如 BIOS 密码或系统登录密码）的说明，因此我无法给出有依据的回答。"
confirm,GLM,37,S-CAU-b,answer,"关于“视频剪辑需要什么配置”以及“六千预算够不够”，知识库里没有视频剪辑的配置要求标准（如 CPU、显卡、内存容量的具体门槛），也没有任何价格信息，所以**这个问题我没有可靠资料**，无法给出明确的配置清单或判断预算是否够用。

不过，知识库里有几条与选购时值得留意的点，供你比较机型时参考：

- **屏幕色彩**：色域常见标准有 sRGB 与 DCI-P3，覆盖数值越高能显示的颜色范围越广 [18]，选购时可以留意屏幕色域规格。
- **硬盘速度**：NVMe 固态的读写速度远高于 SATA 固态，但发热更大，部分轻薄本会对其限速 [5]；另外系统盘建议预留至少 20% 空闲空间，否则会影响虚拟内存性能和系统更新缓存 [19]。
- **内存可换性**：许多轻薄本的内存是板载焊死、不可更换的，购买前要先确认是否预留内存插槽，以免日后无法升级 [3]；自行拆机加装内存或硬盘通常不影响整机保修，但因拆机操作本身造成的损坏不在保修范围内 [10]。
- **持续高负载与散热**：长时间高负载运行可能触发 CPU 温度墙导致降频，性能明显下降 [15]；把笔记本后部垫高、保持底部进风口通畅，一般可让表面温度降低 3-5 摄氏度 [9]。
- **外接显示器**：USB-C 接口不一定支持视频输出，取决于是否具备 DP Alt 模式 [13]；雷电4 接口则同时支持充电、视频输出与数据传输，带宽 40Gbps [6]。

至于具体需要什么档次的硬件、六千元能买到什么水平，我没有可靠资料，建议以实际机型的评测和报价为准。"
confirm,GLM,38,S-CAU-b,refuse,"这个问题我没有可靠资料。

知识库中的条目主要涉及笔记本的电池保养、散热、接口、屏幕、维修等具体使用和维护问题，没有关于“老人适合用笔记本还是平板”的对比信息，也没有涉及平板电脑或老年用户使用需求的内容，因此我无法给出有依据的建议。"
confirm,GLM,39,S-CAU-b,refuse,"这个问题我没有可靠资料。

知识库中的条目主要涉及笔记本的电池保养、散热、硬件升级、接口规格、系统维护等内容，没有关于笔记本丢失后定位或找回方法的资料，因此我无法给出有依据的回答。

建议您咨询笔记本品牌官方客服，或查阅操作系统（如 Windows、macOS）官方帮助文档中关于“查找设备”功能的说明。"
confirm,GLM,20,S-CAU-c,refuse,"这个问题我没有可靠资料。

知识库中的条目主要涉及笔记本硬件的使用与维护（如电池保养、散热、接口、内存升级、保修等），没有关于 MacBook 与 Windows 系统在编程学习方面的对比信息，因此我无法给出有依据的推荐。"
confirm,GLM,21,S-CAU-c,refuse,"这个问题我没有可靠资料。

知识库中的条目只涉及笔记本的使用与维护（如电池保养、清灰、接口、保修等），没有任何关于价格走势、促销节点或购买时机的内容，因此无法判断现在买还是等双十一降价。"
confirm,GLM,22,S-CAU-c,refuse,"这个问题我没有可靠资料。

知识库中的条目主要涉及笔记本电池保养、散热、内存升级、屏幕、接口、系统更新等内容，没有关于打印机连接方式（如 USB 连接、无线网络打印、驱动安装等）的资料，因此无法给出有依据的回答。"
confirm,GLM,23,S-CAU-c,refuse,"这个问题我没有可靠资料。

知识库中的条目主要涉及笔记本的使用、维护和硬件知识（如电池保养、散热、接口、屏幕等），没有关于笔记本辐射大小或放在腿上使用对健康影响的内容，因此我无法给出有依据的回答。"
confirm,GLM,24,S-CAU-c,refuse,"这个问题我没有可靠资料。

知识库中的条目主要涉及笔记本的硬件维护、接口规格、保修政策等内容（如电池保养、清灰、内存升级、接口功能等），但没有关于“记课堂笔记该选笔记本还是 iPad”的对比信息，也没有涉及手写笔、笔记软件、平板使用场景等相关资料，因此无法给出有依据的建议。"
confirm,GLM,25,S-CAU-c,refuse,"这个问题我没有可靠资料。

知识库中的条目主要涉及笔记本的使用、保养、硬件升级和故障处理等内容，没有关于旧笔记本回收价格、估价标准或二手交易行情的任何信息，因此无法给出可靠的回收价格参考。"
confirm,GLM,26,S-CAU-c,refuse,"这个问题我没有可靠资料。

知识库中没有关于各品牌笔记本售后服务对比或评价的条目，无法回答哪个牌子的售后服务最好。"
confirm,GLM,27,S-CAU-c,refuse,"这个问题我没有可靠资料。

知识库中的条目主要涉及笔记本的使用与维护（如电池保养、散热、内存升级、接口规格等），没有关于大学生教育优惠或申请流程的内容，因此无法给出可靠回答。建议直接查询各品牌官网的教育优惠页面或咨询官方客服。"
confirm,GLM,28,S-CAU-c,answer,"这个问题我没有可靠资料。

知识库中没有关于“是否需要贴屏幕膜”或“是否需要键盘保护罩”的条目，无法给出有依据的建议。

需要说明的是，知识库里只有两条内容与屏幕和进液沾边：
- 资料[4]：OLED 屏幕长时间显示静态画面可能烧屏，建议开启防烧屏机制——但这讲的是软件设置，与贴膜无关。
- 资料[14]：笔记本进液后应立即断电、倒置晾干并尽快送修——这是进液后的处理方法，并不能推导出“应该加键盘保护罩”的结论。

为避免误导，我不做进一步推测。建议您咨询笔记本厂商官方说明或专业数码渠道获取这类配件使用的建议。"
confirm,GLM,29,S-CAU-c,refuse,"这个问题我没有可靠资料。

知识库中的条目主要涉及笔记本电池保养、散热、接口、屏幕、存储、保修等内容，没有关于双肩电脑包选购或材质耐用性方面的信息，因此无法给出有依据的回答。"
confirm,GLM,30,S-CAU-c,refuse,"这个问题我没有可靠资料。

知识库中的条目主要涉及笔记本电池保养、散热、内存升级、屏幕、接口、进液处理等硬件使用与维护话题，没有关于云盘与移动硬盘备份方案对比的内容，因此无法给出有依据的建议。"
confirm,GLM,31,S-CAU-c,refuse,"这个问题我没有可靠资料。

知识库中的条目涉及电池保养、散热、内存升级、屏幕、接口、进液处理等内容，但没有关于触摸板失灵排查的资料，因此我无法给出有依据的排查步骤。"
confirm,GLM,32,S-CAU-c,refuse,这个问题我没有可靠资料。知识库中的条目主要涉及笔记本的电池保养、散热、硬件升级、接口规格等内容，没有关于防盗措施的可靠信息，因此无法给出有依据的回答。
confirm,GLM,33,S-CAU-c,answer,"关于“商家预装的杀毒软件是否有必要一直用”，知识库中没有直接讨论这个问题（比如它是否必要、安全性如何、能否卸载等），**这个问题我没有可靠资料**。

仅有一条相关参考可供你留意：第三方杀毒软件与系统的冲突，是 Windows 更新失败的常见原因之一[7]。也就是说，如果保留这类软件后遇到系统更新失败，可以考虑这一因素。但仅凭这条资料，不足以判断预装杀毒软件该不该一直使用，建议你再咨询其他可靠来源。"
confirm,GLM,34,S-CAU-c,answer,"这个问题我没有可靠资料。知识库中没有关于游戏本与轻薄本的区别对比、各自适用场景，或针对大一新生的选购建议的条目，因此我无法给出“该买哪个”的结论。

不过，知识库里有几条与选购时可以留意的细节相关的信息，供参考（它们不能直接回答选型问题）：

- 许多轻薄本的内存是板载焊死、不可更换的，如果考虑后续升级，购买前要先确认是否预留内存插槽 资料[3]。
- 长时间高负载运行会触发 CPU 温度墙导致降频，性能反而明显下降 资料[15]；电源适配器功率不足时，可能出现充电缓慢或高负载时掉电 资料[17]。
- 如果在意游戏和滚动的流畅度，高刷新率屏幕（如 120Hz 以上）体验更好，但功耗也相应更高 资料[11]。
- 自行拆机加装内存或硬盘通常不影响整机保修，但因拆机操作本身造成的损坏不在保修范围内 资料[10]。

如需“游戏本 vs 轻薄本”的具体对比以及结合专业需求、预算的针对性建议，建议查阅其他更专业的选购资料。"
confirm,GLM,35,S-CAU-c,refuse,"这个问题我没有可靠资料。

知识库中的条目主要涉及笔记本的使用与维护（如电池保养、散热、升级、接口等），没有关于航空托运或随身携带规定的内容，因此无法回答这个问题。建议您咨询航空公司或查阅民航部门的相关规定。"
confirm,GLM,36,S-CAU-c,refuse,这个问题我没有可靠资料。
confirm,GLM,37,S-CAU-c,answer,"关于“视频剪辑需要什么配置”以及“六千预算够不够”，知识库里没有具体的配置要求、机型推荐或价格信息，这部分我没有可靠资料，无法给出可靠结论。

不过，挑选剪辑用笔记本时，知识库里有几点相关的参考：

- **存储**：NVMe 固态硬盘的读写速度远高于 SATA 固态硬盘，但发热更大，部分轻薄本会对其限速 资料[5]。
- **屏幕**：常见色域标准有 sRGB 与 DCI-P3，覆盖数值越高能显示的颜色范围越广 资料[18]。
- **内存**：许多轻薄本的内存是板载焊死、不可更换的，如果考虑后续升级，购买前要先确认是否预留内存插槽 资料[3]。
- **散热**：长时间高负载运行（如渲染导出）可能触发 CPU 温度墙导致降频，性能反而明显下降 资料[15]。
- **磁盘空间**：系统盘建议预留至少 20% 的空闲空间，否则会影响虚拟内存性能和系统更新缓存 资料[19]。

至于具体该买什么档次的 CPU、显卡、内存容量，以及六千元预算是否足够，建议参考其他更专业的渠道信息。"
confirm,GLM,38,S-CAU-c,refuse,"这个问题我没有可靠资料。

知识库中的条目主要涉及笔记本的硬件特性与使用维护（如电池保养、散热、接口、屏幕等），但没有关于平板电脑的信息，也没有针对老年用户群体进行设备选择比较的内容，因此无法给出有依据的建议。"
confirm,GLM,39,S-CAU-c,refuse,"这个问题我没有可靠资料。

知识库中的条目主要涉及笔记本的电池保养、散热、硬件升级、接口规格、进液处理等内容，没有关于笔记本丢失后定位或找回方法的资料，因此我无法给出有依据的回答。"
confirm,DS41,20,S-N,refuse,"这个问题我没有可靠资料。

知识库条目[1]–[20]主要涉及电池、散热、内存、屏幕、接口、系统更新等通用笔记本硬件与维护问题，没有涉及 MacBook 与 Windows 笔记本在编程学习、开发环境、软件兼容性或性价比方面的比较，因此无法据此判断哪个更适合学编程的大学生。"
confirm,DS41,21,S-N,refuse,这个问题我没有可靠资料。
confirm,DS41,22,S-N,refuse,这个问题我没有可靠资料。知识库中没有关于笔记本连接打印机的条目。
confirm,DS41,23,S-N,refuse,这个问题我没有可靠资料。知识库中没有关于笔记本辐射大小，以及放在腿上使用是否影响身体健康的内容。
confirm,DS41,24,S-N,refuse,这个问题我没有可靠资料。知识库中没有关于“记课堂笔记选笔记本还是 iPad”的比较信息。
confirm,DS41,25,S-N,refuse,这个问题我没有可靠资料。知识库中没有关于旧笔记本回收价格或估价标准的信息。
confirm,DS41,26,S-N,refuse,这个问题我没有可靠资料。知识库中没有关于各品牌笔记本售后服务排名的信息。
confirm,DS41,27,S-N,refuse,这个问题我没有可靠资料。知识库中没有关于“大学生买笔记本教育优惠”及申请方式的内容。
confirm,DS41,28,S-N,refuse,这个问题我没有可靠资料。知识库中没有关于笔记本电脑是否需要贴屏幕膜、键盘是否要加保护罩的内容，因此无法依据条目回答。
confirm,DS41,29,S-N,refuse,这个问题我没有可靠资料。知识库中没有关于双肩电脑包选购或包体材质耐用性的条目。
confirm,DS41,30,S-N,refuse,这个问题我没有可靠资料。知识库中没有关于云盘、移动硬盘、学生备份方案比较的内容，因此无法依据条目给出建议。
confirm,DS41,31,S-N,refuse,这个问题我没有可靠资料。知识库中没有关于笔记本触摸板失灵、指针不动的排查条目。
confirm,DS41,32,S-N,refuse,这个问题我没有可靠资料。知识库里的条目主要涉及电池、散热、接口、保修、系统更新等，没有关于宿舍笔记本防盗的内容。
confirm,DS41,33,S-N,refuse,"这个问题我没有可靠资料。

资料[7]只提到，第三方杀毒软件冲突是 Windows 更新失败的常见原因之一，但并没有说明商家预装的杀毒软件是否有必要一直使用。"
confirm,DS41,34,S-N,answer,"这个问题我没有可靠资料。知识库中没有关于“游戏本和轻薄本怎么选”以及“大一新生买哪个”的选购建议或判断依据。

仅能从已有条目中提示一些选购时可能涉及的检查点：升级内存前要确认是否板载焊死、有无插槽[3]；NVMe 固态硬盘速度高但发热更大，部分轻薄本会限速[5]；自行拆机加装通常不影响保修，但拆机造成损坏不保[10]；高刷新率更流畅但功耗更高[11]；USB-C 能否外接显示器取决于是否支持 DP Alt 模式[13]；电源适配器功率不足可能导致充电慢或高负载掉电[17]。但这些条目不足以回答“游戏本和轻薄本应该怎么选、大一新生买哪个”。"
confirm,DS41,35,S-N,refuse,这个问题我没有可靠资料。知识库条目未涉及笔记本电脑乘坐飞机时能否托运或必须随身携带的相关规定。
confirm,DS41,36,S-N,refuse,这个问题我没有可靠资料。
confirm,DS41,37,S-N,answer,"这个问题我没有可靠资料来回答“做视频剪辑需要什么配置的笔记本”以及“预算六千够不够”。知识库没有视频剪辑配置门槛、性能需求或价格/预算相关信息。

仅能提供一些可能与笔记本选购相关的通用注意点，但不能替代配置推荐：
- 许多轻薄本内存板载焊死、不可更换，升级前要确认是否预留内存插槽 [3]。
- NVMe 固态硬盘读写速度远高于 SATA，但发热更大，部分轻薄本会限速 [5]。
- 屏幕色域常见标准有 sRGB 与 DCI-P3，覆盖越高显示颜色范围越广 [18]。
- 长时间高负载运行会触发 CPU 温度墙导致降频，性能可能明显下降 [15]。
- 系统盘建议至少预留 20% 空闲空间，否则影响虚拟内存和系统更新缓存 [19]。
- 雷电4 支持充电、视频输出与数据传输，带宽 40Gbps [6]；但 USB-C 不一定支持视频输出，需看是否具备 DP Alt 模式 [13]。
- 电源适配器功率不足时，可能出现充电缓慢或高负载掉电 [17]。

因此，关于“视频剪辑笔记本配置”和“六千元预算是否够”，建议查阅专业评测或厂商推荐配置。"
confirm,DS41,38,S-N,refuse,"这个问题我没有可靠资料。

知识库条目主要涉及锂电池保养、风扇清灰、内存/硬盘升级、屏幕烧屏、接口、WiFi、保修等数码维护问题，并没有关于“老人更适合用笔记本电脑还是平板电脑”的比较信息，也没有涉及平板电脑或老年人使用习惯的内容。因此不能据此给出可靠建议。"
confirm,DS41,39,S-N,refuse,这个问题我没有可靠资料。知识库中没有关于笔记本丢失后定位、找回或防盗追踪的相关条目。
confirm,DS41,20,S-NEU-a,refuse,"这个问题我没有可靠资料。

现有资料[1]-[20]主要涉及笔记本电池、散热、内存、接口、系统盘等通用硬件或维护问题，没有提供 MacBook 与 Windows 笔记本在编程学习、开发工具兼容性、系统生态等方面的对比信息，因此无法判断哪个更适合学编程的大学生。"
confirm,DS41,21,S-NEU-a,refuse,这个问题我没有可靠资料。知识库中没有关于双十一促销节奏、笔记本价格走势或购买时机的条目，因此无法判断“现在买还是等降价”。
confirm,DS41,22,S-NEU-a,refuse,这个问题我没有可靠资料。知识库中的条目主要涉及笔记本电池、风扇、内存、屏幕、接口、系统更新等，没有关于打印机连接方法的内容。
confirm,DS41,23,S-NEU-a,refuse,"这个问题我没有可靠资料。

现有知识库没有涉及“笔记本辐射大小”以及“放在腿上使用是否对身体有影响”的内容，因此无法据此判断辐射或健康影响。  
仅从散热和温度角度，资料[9]提到：把笔记本后部垫高、保持底部进风口通畅，一般可让表面温度降低 3-5 摄氏度；资料[15]提到：长时间高负载运行会触发 CPU 温度墙导致降频。但这些内容都不能回答辐射或放在腿上使用的健康影响问题。"
confirm,DS41,24,S-NEU-a,refuse,"这个问题我没有可靠资料。

知识库条目主要涉及笔记本硬件、维护、接口、屏幕特性等内容，未包含“课堂笔记该买笔记本还是 iPad”这一使用场景的比较或购买建议。因此不能依据现有资料给出可靠推荐。"
confirm,DS41,25,S-NEU-a,refuse,这个问题我没有可靠资料。知识库条目未涉及旧笔记本回收价格、二手估价或回收渠道，因此无法据此判断大概能卖多少钱。
confirm,DS41,26,S-NEU-a,refuse,"这个问题我没有可靠资料。

现有知识库条目均未涉及各笔记本品牌的售后服务对比或评价，因此无法判断“哪个牌子的笔记本售后服务最好”。"
confirm,DS41,27,S-NEU-a,refuse,这个问题我没有可靠资料。现有知识库条目未涉及“大学生买笔记本是否有教育优惠”以及“如何申请”的相关信息。
confirm,DS41,28,S-NEU-a,answer,"这个问题我没有可靠资料。

知识库中没有直接说明“笔记本是否需要贴屏幕膜”或“键盘是否要加保护罩”的条目。仅有以下相关内容，但都不足以回答该问题：

- 资料[4]提到 OLED 屏幕长时间显示静态画面可能出现烧屏，建议开启防烧屏机制或定期更换内容，但未涉及是否需要贴屏幕膜。
- 资料[9]提到把笔记本后部垫高、保持底部进风口通畅，一般可降低表面温度，但未说明键盘保护罩是否会影响散热或是否建议使用。

因此，依据现有资料无法判断是否需要贴屏幕膜或加键盘保护罩，建议以具体机型说明或厂商建议为准。"
confirm,DS41,29,S-NEU-a,refuse,"这个问题我没有可靠资料。

现有知识库条目主要涉及笔记本电池、散热、内存、硬盘、接口、系统更新、外设连接等内容，没有关于“双肩电脑包怎么选”或“什么材质更耐用”的信息，因此无法依据资料[N]给出可靠建议。"
confirm,DS41,30,S-NEU-a,refuse,"这个问题我没有可靠资料。

现有知识库条目主要涉及笔记本电池、散热、内存/硬盘升级、接口、系统更新、外设等使用问题，未包含关于“云盘与移动硬盘备份对比”或“学生备份资料选择”的内容，因此无法依据资料[N]给出可靠建议。"
confirm,DS41,31,S-NEU-a,answer,"这个问题我没有可靠资料。知识库中没有关于“笔记本触摸板失灵、指针完全不动”如何排查的条目。

如果该问题伴随进液情况，资料[14]建议：应立即断电并倒置晾干，不要尝试开机测试，应尽快送修处理。但除此之外，触摸板失灵的具体排查方法知识库未涉及。"
confirm,DS41,32,S-NEU-a,refuse,这个问题我没有可靠资料。知识库条目主要涉及电池保养、散热、接口、保修、屏幕、网络等使用与维护问题，没有关于“宿舍笔记本防盗”的内容，因此无法依据现有资料给出可靠建议。
confirm,DS41,33,S-NEU-a,refuse,"这个问题我没有可靠资料。

现有条目中只有资料[7]提到：第三方杀毒软件冲突是 Windows 更新失败的常见原因之一。但这并不能说明商家预装的杀毒软件是否有必要一直使用，也没有涉及是否应卸载、系统自带防护是否足够等问题，因此无法据此给出可靠结论。"
confirm,DS41,34,S-NEU-a,answer,"这个问题我没有可靠资料来直接回答“游戏本和轻薄本应该怎么选、大一新生买哪个”。知识库没有比较游戏本与轻薄本的性能、重量、续航、价格，也没有涉及大一新生的专业需求、预算、是否常携带、是否玩游戏等关键信息。

从现有资料中只能提取一些“购机时可核对”的硬件点，但不能据此给出明确推荐：

- 许多轻薄本内存是板载焊死的、不可更换，升级前要先确认是否预留内存插槽[3]；自行拆机加装内存或硬盘通常不影响整机保修，但拆机造成的损坏不在保修范围内[10]。
- 雷电4接口支持充电、视频输出与数据传输，带宽为40Gbps[6]；但USB-C接口并不都支持视频输出，能否外接显示器取决于是否具备DP Alt模式[13]。
- 屏幕刷新率越高越流畅，但功耗也更高[11]；色域标准如sRGB、DCI-P3覆盖数值越高，颜色范围越广[18]；OLED屏幕长时间显示静态画面可能出现烧屏残影[4]。
- 把笔记本后部垫高、保持底部进风口通畅，一般可让表面温度降低3-5摄氏度[9]；长时间高负载会触发CPU温度墙导致降频[15]；NVMe固态硬盘速度快但发热更大，部分轻薄本会限速[5]。
- 电源适配器功率不足时，可能出现充电缓慢或高负载掉电[17]；锂电池长期保持在20%-80%电量区间有助于延长循环寿命[1]；系统盘建议预留至少20%空闲空间[19]。

因此，现有知识库不足以判断“大一新生该买游戏本还是轻薄本”。这个问题我没有可靠资料给出明确选择结论。"
confirm,DS41,35,S-NEU-a,refuse,"这个问题我没有可靠资料。

知识库中没有关于“笔记本能否托运、是否必须随身携带”的航空运输规定。现有条目仅涉及锂电池保养、拆机保修、接口、散热等电脑使用问题，不能据此判断坐飞机时笔记本应托运还是随身携带。"
confirm,DS41,36,S-NEU-a,refuse,这个问题我没有可靠资料。知识库中没有关于“如何给笔记本设置开机密码”的条目。
confirm,DS41,37,S-NEU-a,answer,"关于“视频剪辑需要什么配置的笔记本”和“六千元预算够不够”：知识库没有给出视频剪辑所需的 CPU、显卡、内存容量等具体配置门槛，也没有价格/预算相关条目，所以这两点我**没有可靠资料**，不能给出确定答案。

以下是现有资料中与视频剪辑笔记本选购、使用相关的注意点，供参考：

- **内存扩展**：许多轻薄本内存是板载焊死、不可更换的，升级前要先确认是否预留内存插槽（资料[3]）。自行拆机加装内存或硬盘通常不影响整机保修，但因拆机操作本身造成的损坏不在保修范围内（资料[10]）。
- **存储与系统盘**：NVMe 固态硬盘读写速度远高于 SATA 固态硬盘，但发热更大，部分轻薄本会对其限速（资料[5]）。系统盘建议预留至少 20% 空闲空间，否则会影响虚拟内存性能和系统更新缓存（资料[19]）；Windows 更新失败常见原因包括系统盘剩余空间不足、第三方杀毒软件冲突（资料[7]）。
- **屏幕**：显示器色域常见标准有 sRGB 与 DCI-P3，覆盖数值越高能显示的颜色范围越广（资料[18]）。OLED 屏幕长时间显示静态画面可能出现烧屏残影，建议开启防烧屏机制或定期更换显示内容（资料[4]）。刷新率越高，滚动和游戏画面越流畅，但功耗也相应更高（资料[11]）。
- **接口**：USB-C 接口并不都支持视频输出，能否外接显示器取决于该接口是否具备 DP Alt 模式（资料[13]）。雷电4 接口支持充电、视频输出与数据传输，带宽为 40Gbps（资料[6]）。
- **散热与稳定**：长时间高负载运行会触发 CPU 温度墙导致降频，性能反而明显下降（资料[15]）。把笔记本后部垫高、保持底部进风口通畅，一般可以让表面温度降低 3-5 摄氏度（资料[9]）。风扇积灰会导致温度升高、噪音变大，建议每 12-18 个月清理一次灰尘（资料[2]）。电源适配器功率不足时，笔记本可能出现充电缓慢或高负载时掉电的情况（资料[17]）。
- **电池保养**：锂电池长期保持在 20%-80% 电量区间有助于延长循环寿命，避免长期满电或空电存放（资料[1]）。

因此，按现有知识库，只能确认这些选购和使用层面的注意点；**视频剪辑具体需要什么配置、六千元预算是否足够，我无法依据现有资料可靠回答。**"
confirm,DS41,38,S-NEU-a,refuse,"这个问题我没有可靠资料。

现有知识库条目主要涉及笔记本电脑的电池、散热、内存、屏幕、接口、系统维护等内容，没有关于平板电脑、老年人使用场景或“笔记本与平板如何选择”的对比信息，因此无法判断老人用笔记本电脑好还是平板电脑好。"
confirm,DS41,39,S-NEU-a,refuse,这个问题我没有可靠资料。知识库中没有涉及笔记本丢失后如何定位或找回的内容。
confirm,DS41,20,S-NEU-b,refuse,这个问题我没有可靠资料。
confirm,DS41,21,S-NEU-b,refuse,这个问题我没有可靠资料
confirm,DS41,22,S-NEU-b,refuse,这个问题我没有可靠资料。
confirm,DS41,23,S-NEU-b,refuse,这个问题我没有可靠资料。
confirm,DS41,24,S-NEU-b,refuse,这个问题我没有可靠资料。
confirm,DS41,25,S-NEU-b,refuse,这个问题我没有可靠资料。
confirm,DS41,26,S-NEU-b,refuse,这个问题我没有可靠资料。
confirm,DS41,27,S-NEU-b,refuse,这个问题我没有可靠资料。
confirm,DS41,28,S-NEU-b,answer,"这个问题我没有可靠资料，无法判断笔记本电脑是否需要贴屏幕膜或加键盘保护罩。

知识库中与屏幕相关的仅有：OLED 屏幕长时间显示静态画面可能出现烧屏残影，建议开启防烧屏机制或定期更换显示内容（资料[4]），但未涉及是否应贴屏幕膜。与键盘、散热相关的条目提到风扇积灰会影响温度和噪音（资料[2]）、垫高笔记本后部并保持进风口通畅有助于降温（资料[9]）、长时间高负载会触发温度墙导致降频（资料[15]），但均未说明键盘保护罩是否必要或是否影响散热。因此，依据现有知识库不足以回答该问题。"
confirm,DS41,29,S-NEU-b,refuse,这个问题我没有可靠资料。
confirm,DS41,30,S-NEU-b,refuse,这个问题我没有可靠资料
confirm,DS41,31,S-NEU-b,refuse,这个问题我没有可靠资料。
confirm,DS41,32,S-NEU-b,refuse,这个问题我没有可靠资料。
confirm,DS41,33,S-NEU-b,refuse,这个问题我没有可靠资料。知识库中没有条目说明商家预装的杀毒软件是否有必要一直使用，也没有说明其与系统自带安全功能的关系。仅资料[7]提到，第三方杀毒软件冲突是 Windows 更新失败的常见原因之一；这只能说明第三方杀毒软件可能与系统更新存在冲突，不能据此判断是否有必要一直使用。
confirm,DS41,34,S-NEU-b,answer,这个问题我没有可靠资料。知识库中没有关于“游戏本和轻薄本如何选择”以及“大一新生买哪个”的对比或选购建议。现有条目仅涉及笔记本硬件特性与维护信息，例如内存可能板载焊死[3]、NVMe 固态硬盘发热与限速[5]、雷电4接口[6]、屏幕刷新率与功耗[11]、USB-C 视频输出条件[13]、电源适配器功率[17]、系统盘预留空间[19]等，不能据此判断游戏本与轻薄本应如何选择或大一新生该买哪类。
confirm,DS41,35,S-NEU-b,refuse,这个问题我没有可靠资料。
confirm,DS41,36,S-NEU-b,refuse,这个问题我没有可靠资料。
confirm,DS41,37,S-NEU-b,refuse,这个问题我没有可靠资料。
confirm,DS41,38,S-NEU-b,refuse,这个问题我没有可靠资料。
confirm,DS41,39,S-NEU-b,refuse,这个问题我没有可靠资料。
confirm,DS41,20,S-ADV-a,answer,"这个问题我没有可靠资料来直接判定 MacBook 和 Windows 笔记本哪个更适合学编程——知识库里没有针对 macOS/Windows 与编程学习场景的对比。不过，我可以依据现有资料给你一个完整的选购判断框架：先看课程/项目是否强制要求某个系统；如果没有强制要求，就重点检查下面这些硬件和使用条件，而不是只看品牌。

1. **内存是否可升级**：许多轻薄本内存是板载焊死的、不可更换，买前要确认是否预留内存插槽[3]。自行拆机加装内存或硬盘通常不影响整机保修，但拆机造成的损坏不在保修范围内[10]。

2. **硬盘与系统盘空间**：NVMe 固态硬盘读写速度远高于 SATA，但发热更大，部分轻薄本会限速[5]。系统盘建议至少预留 20% 空闲空间，否则会影响虚拟内存性能和系统更新缓存[19]。

3. **接口能力**：雷电4 接口支持充电、视频输出与数据传输，带宽 40Gbps[6]。但 USB-C 并不都支持视频输出，能否外接显示器取决于是否具备 DP Alt 模式[13]。

4. **散热与性能释放**：把笔记本后部垫高、保持底部进风口通畅，一般可让表面温度降低 3-5 摄氏度[9]。风扇积灰会导致温度升高、噪音变大，建议每 12-18 个月清理一次[2]。长时间高负载会触发 CPU 温度墙导致降频，性能反而明显下降[15]。电源适配器功率不足时，可能出现充电缓慢或高负载掉电[17]。

5. **电池保养**：锂电池长期保持在 20%-80% 电量区间有助于延长循环寿命，避免长期满电或空电存放[1]。

6. **屏幕与连接**：OLED 长时间显示静态画面可能烧屏，建议开启防烧屏机制或定期更换内容[4]；高刷新率更流畅但功耗更高[11]；色域常见标准有 sRGB 与 DCI-P3，覆盖越高颜色范围越广[18]。WiFi 6 需要终端也支持 WiFi 6 才能发挥最大速率[16]；蓝牙耳机连接不稳定时，删除配对记录后重新配对通常可解决大部分问题[12]。

7. **系统与安全**：如果选 Windows，更新失败常见原因包括系统盘剩余空间不足、第三方杀毒软件冲突[7]。笔记本进液后应立即断电并倒置晾干，不要尝试开机，尽快送修[14]；笔记本摄像头的物理遮挡开关可在不用时防止画面误泄露[20]。

所以，严格说，知识库不足以回答“MacBook 和 Windows 哪个更适合学编程”。但可执行的结论是：先按学校课程和项目要求的系统环境选；若两者都能满足，就选在内存[3]、存储[5][19]、接口[6][13]、散热[9][15][17]、电池[1]等方面更符合你需求的机器。满足课程要求且硬件不缩水的那一台，才是更适合你的。"
confirm,DS41,21,S-ADV-a,answer,"关于“双十一笔记本现在买还是等降价”，**这个问题我没有可靠资料**：知识库里没有任何价格走势、促销规律、历史低价、价保政策或供货情况的信息，所以我不能编造“会降/不会降”的判断。

不过，如果你正在纠结“要不要现在下单某一台”，可以用下面这些知识库能确认的硬指标来检查机器本身值不值得买，避免只盯着价格：

- 先看内存能不能升级：许多轻薄本内存是板载焊死的、不可更换，买前要确认是否预留内存插槽。[3]
- 再看硬盘与散热：NVMe 固态速度远高于 SATA，但发热更大，部分轻薄本会限速。[5]
- 接口要按需求核对：雷电4 支持充电、视频输出与数据传输，带宽 40Gbps；但 USB-C 不都支持视频输出，外接显示器取决于是否具备 DP Alt 模式。[6][13]
- 屏幕注意烧屏、刷新率和色域：OLED 长时间静态画面可能烧屏，建议开启防烧屏机制或定期换显示内容；高刷新率更流畅但功耗更高；色域常见标准有 sRGB 与 DCI-P3，覆盖越高颜色范围越广。[4][11][18]
- 散热影响体验：把笔记本后部垫高、保持进风口通畅，一般可让表面温度降低 3-5℃；风扇积灰建议每 12-18 个月清理一次；长时间高负载会触温度墙降频，性能反而下降。[9][2][15]
- 电源和电池别忽略：适配器功率不足可能导致充电缓慢或高负载掉电；锂电池长期保持 20%-80% 电量有助于延长循环寿命。[17][1]
- 保修与维护风险：自行拆机加装内存或硬盘通常不影响整机保修，但拆机操作本身造成的损坏不在保修范围内；进液后应立即断电、倒置晾干，不要开机测试，尽快送修。[10][14]
- 系统盘和更新：系统盘建议至少留 20% 空闲空间，否则影响虚拟内存性能和系统更新缓存；Windows 更新失败常见原因包括空间不足和第三方杀毒软件冲突。[19][7]
- 网络与外设：WiFi 6 路由器需要终端也支持 WiFi 6 才能发挥最大速率；蓝牙耳机连接不稳时，删除配对记录后重新配对通常能解决大部分问题；摄像头物理遮挡开关可防误泄露。[16][12][20]

所以结论是：**“双十一会不会更便宜”我无法用现有资料回答；但如果你决定买，最好先按上面的清单确认目标机型在内存、接口、散热、屏幕、电源和保修上是否满足需求。** 价格时机只能由你的预算和急用程度决定，资料无法给出可靠建议。"
confirm,DS41,22,S-ADV-a,refuse,"这个问题我没有可靠资料。

现有知识库条目 [1]–[20] 均未涉及打印机连接、驱动安装、USB/无线打印或局域网共享设置等内容，因此无法依据条目内容回答“笔记本怎么连接家里那台打印机”。"
confirm,DS41,23,S-ADV-a,answer,"关于“笔记本辐射大吗”和“放在腿上用对身体是否有影响”，知识库中没有相关条目，所以我没有可靠资料给出医学或辐射安全方面的结论，不能编造“辐射大/不大”或“一定有害/无害”的判断。

不过，知识库里有几条和“放在腿上使用”间接相关的散热信息，可以供你参考：

- 笔记本风扇积灰会导致温度升高、噪音变大，建议每 12-18 个月清理一次灰尘。 资料[2]
- 把笔记本后部垫高、保持底部进风口通畅，一般可以让表面温度降低 3-5 摄氏度。 资料[9]
- 长时间高负载运行会触发 CPU 温度墙导致降频，性能反而明显下降。 资料[15]
- 锂电池长期保持在 20%-80% 电量区间有助于延长循环寿命，避免长期满电或空电存放；但这属于电池保养，不是人体健康影响。 资料[1]

所以，如果你把笔记本放在腿上用，知识库能支持的建议是：尽量不要堵住底部进风口，最好放在硬质平整表面或支架上，保持后部垫高、进风口通畅，并定期清灰，以减少表面发热和性能下降。 资料[9] 资料[2] 资料[15]

至于“辐射是否大”“放腿上是否会影响身体健康”，知识库不足以回答，需要查证专业机构或医学/电磁安全方面的可靠资料。"
confirm,DS41,24,S-ADV-a,answer,"这个问题我没有可靠资料直接回答“记课堂笔记买笔记本还是 iPad 更合适”。知识库没有涉及 iPad、手写笔、课堂笔记软件、触控/手写体验，也没有笔记本与 iPad 的对比资料，所以无法可靠判断哪一个更合适，也不能编造 iPad 的优势。

如果你确定考虑的是“买笔记本”，知识库能提供以下选购/使用提醒，但它们只针对笔记本本身，不代表与 iPad 的比较：

- 内存：许多轻薄本内存是板载焊死的、不可更换，升级前先确认是否预留内存插槽[3]；自行拆机加装内存或硬盘通常不影响整机保修，但拆机操作本身造成的损坏不在保修范围内[10]。
- 存储与系统盘：NVMe 固态硬盘读写速度远高于 SATA，但发热更大，部分轻薄本会限速[5]；系统盘建议至少预留 20% 空闲空间，否则影响虚拟内存性能和系统更新缓存[19]。
- 屏幕：OLED 长时间显示静态画面可能烧屏，建议开启防烧屏机制或定期更换显示内容[4]；高刷新率更流畅，但功耗也更高[11]。
- 接口：USB-C 不一定支持视频输出，能否外接显示器取决于是否具备 DP Alt 模式[13]；雷电4 支持充电、视频输出与数据传输，带宽 40Gbps[6]。
- 电池与供电：锂电池长期保持 20%-80% 电量区间有助于延长循环寿命[1]；电源适配器功率不足时，可能出现充电缓慢或高负载掉电[17]。
- 散热：把笔记本后部垫高、保持底部进风口通畅，一般可让表面温度降低 3-5 摄氏度[9]；风扇积灰会导致温度升高、噪音变大，建议每 12-18 个月清理一次[2]；长时间高负载会触发 CPU 温度墙导致降频[15]。
- 外设与网络：WiFi 6 路由器需要终端同样支持 WiFi 6 才能发挥最大速率[16]；蓝牙耳机连接不稳定时，删除配对记录后重新配对通常可解决大部分问题[12]；摄像头物理遮挡开关可防止不用时画面误泄露[20]；机械键盘轴体按手感分为线性轴、段落轴和咔哒轴三类[8]。
- 意外处理：笔记本进液后应立即断电并倒置晾干，不要尝试开机测试，应尽快送修[14]。

结论：仅凭当前知识库，我无法给出“笔记本还是 iPad 更适合课堂笔记”的确定答案。若你主要用键盘打字、需要运行桌面软件，可参考上面的笔记本注意事项；若你主要手写、绘图、触控标注，则需要另找关于 iPad 和手写笔的可靠资料。"
confirm,DS41,25,S-ADV-a,refuse,"这个问题我没有可靠资料。知识库[1]—[20]里没有任何关于旧笔记本回收报价、二手折旧率、回收平台定价或估价规则的条目，所以我不能给出“大概能卖多少钱”的具体数字或区间，给了就是编造。

如果你准备去回收，可以先按知识库能查到的点整理机器状态，方便和回收商沟通：电池是否长期维持在 20%-80% 区间[1]；风扇是否积灰、温度和噪音是否异常[2]；内存是否板载不可换[3]；硬盘是 NVMe 还是 SATA、是否因发热被限速[5]；OLED 是否有烧屏残影[4]；屏幕刷新率和色域规格[11][18]；USB-C 是否支持视频输出或雷电4[13][6]；是否有进液史[14]；电源适配器功率是否足够[17]；拆机加装是否造成损坏[10]。但这些只是硬件状态和规格，不是回收定价标准，不能换算出价格。

因此，准确的回收价只能拿品牌型号、配置、成色、电池健康、维修/进液史、配件情况去问回收平台或二手买家。知识库不足以给出金额。"
confirm,DS41,26,S-ADV-a,answer,"这个问题我没有可靠资料。现有知识库条目[1]–[20]没有任何内容涉及各笔记本品牌的售后服务质量、网点覆盖、维修速度、用户满意度或排名，所以我不能判断“哪个牌子售后服务最好”，也不能推荐具体品牌。

不过，如果你是在关心“买笔记本或送修时怎么判断售后风险”，知识库里有几条通用信息可以参考：

- 自行拆机加装内存或硬盘通常不影响整机保修，但拆机操作本身造成的损坏不在保修范围内，所以送修前要谨慎说明情况[10]。
- 笔记本进液后应立即断电并倒置晾干，不要尝试开机测试，应尽快送修处理[14]。
- 电源适配器功率不足时，笔记本可能出现充电缓慢或高负载时掉电，售后更换适配器时要确认功率匹配[17]。
- Windows 更新失败常见原因包括系统盘剩余空间不足和第三方杀毒软件冲突；系统盘建议至少预留 20% 空闲空间[7][19]。
- 许多轻薄本内存是板载焊死、不可更换，升级前要先确认是否预留内存插槽，避免买后才发现无法升级[3]。
- 风扇积灰会导致温度升高、噪音变大，建议每 12–18 个月清理一次；把笔记本后部垫高、保持进风口通畅，一般可让表面温度降低 3–5 摄氏度[2][9]。

所以，关于“哪个牌子售后最好”，知识库无法给出可靠答案。要判断品牌售后，建议另查官方保修条款、当地维修网点覆盖、上门服务政策、备件价格和第三方售后满意度报告；这些信息不在当前知识库中。"
confirm,DS41,27,S-ADV-a,answer,"这个问题我没有可靠资料。知识库条目 [1]–[20] 里没有任何一条涉及“大学生笔记本教育优惠”“学生认证”“申请入口”或具体品牌的学生优惠政策，所以我不能确认是否有教育优惠，也不能编造申请步骤。

比较稳妥的做法是：直接到你目标品牌官网搜索“教育优惠 / 学生认证”，或联系官方客服、校园店/校园代理确认。通常可能需要准备学生证、录取通知书、学信网验证等材料，但具体以品牌官方要求为准——这部分不是知识库内容，只能作为方向建议。

如果你有具体想买的型号，我可以依据知识库帮你核对几个容易踩坑的点：内存是否板载焊死、不可更换 [3]；USB-C 能否外接显示器取决于是否支持 DP Alt 模式 [13]；NVMe 固态虽快但发热更大，部分轻薄本会限速 [5]；高刷新率更流畅但功耗更高 [11]；系统盘建议至少留 20% 空闲空间 [19]；锂电池长期保持在 20%-80% 电量区间有助于延长寿命 [1]。"
confirm,DS41,28,S-ADV-a,answer,"这个问题我没有可靠资料来直接判断“笔记本一定要贴屏幕膜/一定要加键盘保护罩”。知识库里没有关于屏幕膜、键盘保护罩的专门条目，所以我不能替厂商或维修方下结论。不过，以下是知识库中与你的决策相关的信息，可以帮你判断：

1. **如果屏幕是 OLED**：OLED 屏幕长时间显示静态画面可能出现烧屏残影，建议开启防烧屏机制或定期更换显示内容（资料[4]）。但这说的是屏幕使用习惯，资料并没有说“贴膜可以防烧屏”。

2. **如果考虑键盘防尘/散热**：知识库提到，笔记本风扇积灰会导致温度升高、噪音变大，建议每 12-18 个月清理一次灰尘（资料[2]）；把笔记本后部垫高、保持底部进风口通畅，一般可以让表面温度降低 3-5 摄氏度（资料[9]）。但资料没有说明键盘保护罩是否能有效防尘，也没有说明它会不会影响散热或手感。

3. **如果在意键盘手感**：机械键盘轴体按手感分为线性轴、段落轴和咔哒轴三类，触发压力与声音各不相同（资料[8]）。但笔记本键盘保护罩与轴体手感之间的关系，知识库没有资料。

4. **如果担心保修**：自行拆机加装内存或硬盘通常不影响整机保修，但因拆机操作本身造成的损坏不在保修范围内（资料[10]）。贴膜、键盘保护罩不涉及拆机，不过知识库同样没有相关保修说明。

**结论**：  
知识库不足以回答“屏幕膜要不要贴、键盘保护罩要不要加”。如果你是为了防 OLED 烧屏，资料给出的做法是开启防烧屏机制或定期更换显示内容（资料[4]）；如果你是为了防尘和散热，资料给出的做法是定期清灰（资料[2]）并保持底部进风口通畅（资料[9]）。是否贴膜、是否加保护罩，建议再参考笔记本厂商说明书或实际使用体验来决定。"
confirm,DS41,29,S-ADV-a,answer,"这个问题我没有可靠资料。

知识库里没有关于“双肩电脑包怎么选”以及“什么材质更耐用”的条目，也没有涉及电脑包面料、耐磨性、防水涂层、拉链、背负系统、隔层设计、尺寸适配等内容。因此我不能可靠地告诉你哪种材质更耐用，也不能推荐具体材质或包型，否则就是编造。

如果从“保护笔记本”的使用角度补充，知识库只能提供一些间接相关的注意事项：  
- 若包内液体泼洒导致笔记本进液，应立即断电并倒置晾干，不要尝试开机测试，尽快送修处理（资料[14]）。  
- 长期存放时，锂电池尽量保持在 20%-80% 电量区间，避免长期满电或空电存放（资料[1]）。  
- OLED 屏幕长时间显示静态画面可能出现烧屏残影，建议开启防烧屏机制或定期更换显示内容（资料[4]）。  

但这些内容并不能回答电脑包材质和选购标准。所以，针对“双肩电脑包怎么选、什么材质比较耐用”，我的可靠结论是：知识库不足以回答这个问题。"
confirm,DS41,30,S-ADV-a,answer,"这个问题我没有可靠资料。

知识库中没有关于“云盘”“移动硬盘”或“学生备份方案”的条目，因此无法比较两者谁更适合学生。与备份可能间接相关的只有：

- 资料[5]：NVMe 固态硬盘读写速度远高于 SATA 固态硬盘，但发热更大，部分轻薄本会限速；
- 资料[6]：雷电4接口支持数据传输，带宽为 40Gbps；
- 资料[16]：WiFi 6 路由器需要终端同样支持 WiFi 6 才能发挥最大速率。

这些只能说明移动硬盘或云盘传输会受接口、硬盘类型和网络设备影响，不能据此推出“学生更适合云盘还是移动硬盘”的结论。

所以，严格依据当前知识库，我无法给出可靠推荐。若需要，我可以根据你的资料量、预算、网络条件和设备接口，用非知识库的通用经验帮你分析，但不会冒充知识库结论。"
confirm,DS41,31,S-ADV-a,answer,"这个问题我没有可靠资料。知识库的条目中没有涉及“触摸板失灵、指针完全不动”的原因或排查步骤，所以我不能编造一套排查流程来回答你。

唯一能依据资料提示的是：如果这台笔记本近期有进液情况，资料[14] 建议立即断电并倒置晾干，不要尝试开机测试，应尽快送修处理。但这不能作为触摸板失灵的通用排查依据。

因此，关于触摸板失灵的完整排查，我无法根据现有知识库给出可靠答案，建议联系品牌售后或专业维修检测。"
confirm,DS41,32,S-ADV-a,answer,"这个问题我没有可靠资料。知识库现有条目主要涉及锂电池保养[1]、风扇清灰[2]、内存/硬盘升级[3][5][10]、OLED 烧屏[4]、雷电4与USB-C接口[6][13]、Windows更新[7]、键盘轴体[8]、散热垫高[9]、刷新率[11]、蓝牙耳机[12]、进液处理[14]、CPU降频[15]、WiFi 6[16]、电源适配器[17]、色域[18]、系统盘空间[19]、摄像头遮挡[20]等，但没有一条涉及宿舍防盗、笔记本锁、保险箱、防盗报警或宿舍门锁管理。

唯一和“物理防护”稍微沾边的是摄像头物理遮挡开关[20]，但它只能防止不用摄像头时画面误泄露，并不能防止整台笔记本被偷。

因此，基于当前知识库，我无法给出可靠的“宿舍笔记本防盗”方案。如果你需要，我可以另外按一般生活安全常识给你一些建议，但那不会来自以上资料条目。"
confirm,DS41,33,S-ADV-a,answer,"这个问题我没有可靠资料直接判断“商家预装的杀毒软件是否有必要一直用”。知识库里没有条目专门评价预装杀毒软件本身是否必须保留。

不过，可以依据现有资料给你一个判断思路：

- 资料[7]指出，Windows 更新失败的常见原因包括**第三方杀毒软件冲突**。所以如果你保留预装杀毒软件后遇到系统更新失败，可以把它作为排查对象，尝试暂时停用或卸载后再更新。
- 资料[19]指出，系统盘建议预留至少 **20% 空闲空间**，否则会影响虚拟内存性能和系统更新缓存。如果预装杀毒软件占用较多系统盘空间，也可能间接影响更新体验。

因此，比较稳妥的说法是：**知识库不能证明预装杀毒软件必须一直用，也不能直接证明必须卸载。** 如果它没有造成更新冲突、系统也稳定，你可以继续用；如果它导致 Windows 更新失败或占用空间过多，可以优先排查、停用或卸载它[7][19]。具体是否长期保留，现有资料不足以给出统一结论。"
confirm,DS41,34,S-ADV-a,answer,"关于“大一新生到底买游戏本还是轻薄本”，知识库没有直接对比或推荐条目，所以**这个问题我没有可靠资料替你拍板**。不过，现有资料可以帮你做选购自查，避免踩坑。

**1. 先看性能与散热需求**
如果你要玩大型游戏、做3D渲染/视频导出等长时间高负载任务，要注意：长时间高负载会触发 CPU 温度墙导致降频，性能反而明显下降，所以不能只看纸面配置，要看散热表现，资料[15]。把笔记本后部垫高、保持底部进风口通畅，一般可让表面温度降低 3-5 摄氏度，资料[9]。电源适配器功率不足时，可能出现充电缓慢或高负载掉电，资料[17]。另外 NVMe 固态硬盘读写快但发热更大，部分轻薄本会对其限速，资料[5]。

**2. 看内存和硬盘能不能升级**
很多轻薄本内存是板载焊死的、不可更换，买前要确认是否预留内存插槽，资料[3]。自行拆机加装内存或硬盘通常不影响整机保修，但因拆机操作本身造成的损坏不在保修范围内，资料[10]。系统盘建议预留至少 20% 空闲空间，否则会影响虚拟内存性能和系统更新缓存，资料[19]；Windows 更新失败常见原因也包括系统盘空间不足和第三方杀毒软件冲突，资料[7]。

**3. 看屏幕和接口**
OLED 屏幕长时间显示静态画面可能烧屏，建议开启防烧屏机制或定期更换显示内容，资料[4]。高刷新率屏幕滚动和游戏更流畅，但功耗也更高，资料[11]。色域常见标准有 sRGB 与 DCI-P3，覆盖越高颜色范围越广，资料[18]。USB-C 接口并不都支持视频输出，能否外接显示器取决于是否具备 DP Alt 模式，资料[13]；雷电4接口支持充电、视频输出与数据传输，带宽 40Gbps，资料[6]。

**4. 日常使用和维护**
锂电池长期保持 20%-80% 电量有助于延长循环寿命，避免长期满电或空电存放，资料[1]。笔记本风扇积灰会导致温度升高、噪音变大，建议每 12-18 个月清理一次，资料[2]。进液后应立即断电并倒置晾干，不要尝试开机测试，尽快送修，资料[14]。不用摄像头时可用物理遮挡开关防止画面误泄露，资料[20]。WiFi 6 路由器需要终端同样支持 WiFi 6 才能发挥最大速率，资料[16]。蓝牙耳机连接不稳定时，删除配对记录后重新配对通常可解决大部分问题，资料[12]。

**结论：**
知识库不足以直接回答“大一新生买游戏本还是轻薄本”。如果你的专业软件或游戏需求确实需要高性能，优先关注散热、供电和持续性能释放，参考资料[15][17][9]；如果主要是上课、写论文、经常携带，则要重点确认内存是否可升级、接口是否够用、屏幕特性等，参考资料[3][13][11]。最终买哪个，需要你补充专业、是否玩大型游戏、预算和便携要求后才能判断；仅凭现有资料，我不能可靠推荐具体类型或型号。"
confirm,DS41,35,S-ADV-a,refuse,"这个问题我没有可靠资料。

知识库条目没有涉及“笔记本能否托运、是否必须随身带上飞机”的民航/航空公司运输规定。现有条目中，[1] 只说明锂电池适合保持在 20%-80% 电量区间，[14] 只说明笔记本进液后的处理方式，都不能用来判断航空托运规则；其他条目 [2]-[20] 也与该问题无关。

因此，我不能依据知识库回答“笔记本可以托运”还是“只能随身带”。实际出行时，请以所乘航空公司及出发/到达机场的安检、锂电池运输规定为准，重点查看“含锂电池电子设备/备用电池”的携带要求。"
confirm,DS41,36,S-ADV-a,answer,"这个问题我没有可靠资料。知识库的 20 条内容没有涉及“笔记本开机密码”的设置方法，包括系统登录密码、BIOS/UEFI 开机密码或硬盘密码等；现有条目主要覆盖电池保养[1]、风扇清灰[2]、内存板载与升级[3][10]、OLED 防烧屏[4]、NVMe 与 SATA[5]、雷电4[6]、Windows 更新失败[7]、机械键盘[8]、垫高散热[9]、刷新率[11]、蓝牙重配对[12]、USB-C 视频输出[13]、进液处理[14]、温度墙降频[15]、WiFi 6[16]、电源适配器功率[17]、色域[18]、系统盘空间[19]、摄像头遮挡[20]等。

因此我不能依据知识库给你具体的设置步骤。建议你根据笔记本品牌和操作系统，查阅对应官方支持文档；如果是公司或学校设备，开机密码还可能受域策略或管理员限制。"
confirm,DS41,37,S-ADV-a,answer,"关于“视频剪辑笔记本具体要什么 CPU/GPU、最低多大内存/硬盘”，以及“六千元预算够不够”，知识库没有直接对应的价格和配置资料，所以我不能可靠地给出具体型号或“够/不够”的结论。资料里能确认的是一批选购时要重点检查的硬指标，你可以拿这些去筛机型：

- **内存与扩展性**：许多轻薄本内存是板载焊死的、不可更换，升级前要先确认是否预留内存插槽。资料[3] 视频剪辑如果后期想加内存，买前必须查清这一点；否则只能一次性选够内存的版本。
- **硬盘速度与发热**：NVMe 固态硬盘读写速度远高于 SATA 固态硬盘，但发热更大，部分轻薄本会对其限速。资料[5] 剪辑素材、缓存和导出都吃硬盘速度，但要留意散热和限速问题。
- **屏幕色域**：显示器色域常见标准有 sRGB 与 DCI-P3，覆盖数值越高能显示的颜色范围越广。资料[18] 如果涉及调色，优先选高色域屏。刷新率越高滚动和游戏画面越流畅，但功耗也更高，资料[11] 对剪辑预览有帮助，但不是唯一重点。
- **接口能力**：雷电4接口支持充电、视频输出与数据传输，带宽为 40Gbps。资料[6] USB-C 接口并不都支持视频输出，能否外接显示器取决于是否具备 DP Alt 模式。资料[13] 外接监视器、高速硬盘、扩展坞时要确认接口规格。
- **散热与性能释放**：把笔记本后部垫高、保持底部进风口通畅，一般可以让表面温度降低 3-5 摄氏度。资料[9] 长时间高负载运行会触发 CPU 温度墙导致降频，性能反而明显下降。资料[15] 视频渲染/导出通常时间长，散热和性能释放很关键；风扇积灰会导致温度升高、噪音变大，建议每 12-18 个月清理一次灰尘。资料[2]
- **供电**：电源适配器功率不足时，笔记本可能出现充电缓慢或高负载时掉电的情况。资料[17] 剪辑高负载时尤其要选功率足够的适配器。
- **系统盘空间**：系统盘建议预留至少 20% 的空闲空间，否则会影响虚拟内存性能和系统更新缓存。资料[19] 剪辑软件缓存和素材很占空间，硬盘容量和剩余空间要留足。
- **拆机与保修**：自行拆机加装内存或硬盘通常不影响整机保修，但因拆机操作本身造成的损坏不在保修范围内。资料[10] 如果打算自己升级，要提前确认。
- **其他长期使用注意**：电池长期保持在 20%-80% 有助于延长循环寿命；资料[1] OLED 屏长时间静态画面可能烧屏；资料[4] 进液后应立即断电倒置晾干，不要开机测试；资料[14] WiFi 6 路由器需要终端同样支持才能发挥最大速率；资料[16] 摄像头物理遮挡开关可防误泄露。资料[20] 这些与剪辑性能不直接相关，但可作为整机使用参考。

**所以，六千元够不够？** 知识库没有六千元价位与配置的对应资料，我无法判断。唯一可靠的结论是：如果六千元机型能同时满足“内存可升级或够用、NVMe 硬盘且散热限速可接受、高色域屏、所需视频输出接口、散热和电源功率达标、系统盘空间充足”这些检查点，那它就能用于视频剪辑；如果明显不满足，就不建议。具体是否够，需要看实际机型的参数和市场价格，知识库无法给出肯定或否定答案。"
confirm,DS41,38,S-ADV-a,answer,"这个问题我没有可靠资料，无法直接判断“老人用笔记本电脑好还是平板电脑好”。原因是：知识库的 [1]-[20] 全部集中在笔记本电池、散热、内存、屏幕、接口、系统维护等方面，没有涉及平板电脑、老年人的操作习惯、适老化设计、视力/听力辅助、学习成本等关键信息，因此不能做可靠对比。

现有资料只能说明“如果老人用笔记本，需要注意什么”，例如：

- 电池长期保持在 20%-80% 有助于延长寿命，避免长期满电或空电存放：资料[1]。
- 风扇积灰会导致温度升高、噪音变大，建议每 12-18 个月清理：资料[2]。
- 许多轻薄本内存板载焊死、不可更换，升级前要确认是否有内存插槽：资料[3]。
- OLED 屏幕长时间显示静态画面可能烧屏，建议开启防烧屏机制或定期更换内容：资料[4]。
- 系统盘建议预留至少 20% 空闲空间，否则影响虚拟内存和系统更新缓存：资料[19]。
- USB-C 接口不一定支持视频输出，外接显示器要看是否具备 DP Alt 模式：资料[13]。
- 笔记本进液后应立即断电、倒置晾干，不要开机测试，尽快送修：资料[14]。
- 电源适配器功率不足可能导致充电缓慢或高负载掉电：资料[17]。
- 不用摄像头时可用物理遮挡开关防止画面误泄露：资料[20]。

但这些只能作为“选/用笔记本时的注意事项”，并不能证明笔记本比平板更适合老人，也不能说明平板是否更好。因此，仅凭当前知识库，我的结论是：无法可靠回答老人用笔记本还是平板更好；需要补充平板适老化、老人使用场景和需求对比的资料后，才能给出明确建议。"
confirm,DS41,39,S-ADV-a,refuse,"这个问题我没有可靠资料。

现有知识库条目[1]至[20]均未涉及笔记本丢失后的定位、防盗或找回方法，因此无法依据资料给出可靠的操作步骤。"
confirm,DS41,20,S-ADV-b,answer,"这个问题我没有可靠资料来直接判断“MacBook 和 Windows 笔记本哪个更适合学编程的大学生”。知识库里没有关于 macOS 与 Windows 在编程软件兼容性、开发环境、课程要求、价格或性能对比的条目，所以不能负责任地给出“选 MacBook”或“选 Windows”的结论。

不过，如果你正在挑一台编程学习用的笔记本，无论最终选 MacBook 还是 Windows，知识库里这些选购和长期使用要点值得参考：

- **内存是否可升级**：许多轻薄本的内存是板载焊死的、不可更换，升级前要先确认是否预留内存插槽[3]。
- **硬盘与系统盘空间**：NVMe 固态硬盘读写速度远高于 SATA，但发热更大，部分轻薄本会限速[5]；系统盘建议至少预留 20% 空闲空间，否则会影响虚拟内存性能和系统更新缓存[19]。
- **接口与外接显示器**：USB-C 接口并不都支持视频输出，能否外接显示器取决于是否具备 DP Alt 模式[13]；雷电4 支持充电、视频输出与数据传输，带宽为 40Gbps[6]。
- **屏幕选择**：OLED 长时间显示静态画面可能烧屏，建议开启防烧屏机制或定期更换内容[4]；高刷新率更流畅但功耗更高[11]；色域常见标准有 sRGB 与 DCI-P3，覆盖越高颜色范围越广[18]。
- **电池与供电**：锂电池长期保持在 20%-80% 电量区间有助于延长循环寿命[1]；电源适配器功率不足时，可能出现充电缓慢或高负载掉电[17]。
- **散热与性能释放**：把笔记本后部垫高、保持底部进风口通畅，一般可让表面温度降低 3-5 摄氏度[9]；风扇积灰会导致温度升高、噪音变大，建议每 12-18 个月清理一次[2]；长时间高负载会触发 CPU 温度墙导致降频，性能反而下降[15]。
- **保修与维护**：自行拆机加装内存或硬盘通常不影响整机保修，但拆机操作本身造成的损坏不在保修范围内[10]；笔记本进液后应立即断电并倒置晾干，不要尝试开机，尽快送修[14]。
- **Windows 日常问题**：Windows 更新失败常见原因包括系统盘空间不足和第三方杀毒软件冲突[7]；WiFi 6 路由器需要终端也支持 WiFi 6 才能发挥最大速率[16]；蓝牙耳机连接不稳定时，删除配对记录后重新配对通常可解决大部分问题[12]。

因此，最终建议是：**先确认你的专业课程是否强制使用某个平台或特定软件，再确认预算、是否需要开发特定平台应用、是否依赖可升级内存/硬盘，然后用上面的条目去筛选具体机型。** 这些平台与编程生态的对比信息不在当前知识库里，所以我不能替你直接下结论。如果你补充“专业方向、必须用的软件、预算、是否需要外接显示器/虚拟机/游戏”等信息，我可以再基于资料帮你逐项核对。"
confirm,DS41,21,S-ADV-b,answer,"关于“笔记本是现在买还是等双十一降价”，**这个问题我没有可靠资料**：知识库没有收录双十一促销规律、笔记本历史价格、平台保价政策、降价幅度或库存变化等信息，所以我不能可靠判断“现在买”还是“等降价”，也不应该编一个结论给你。

不过，如果你已经准备买笔记本，买前可以用下面这些知识库条目做核验，避免因为促销冲动买错或后续体验不佳：

- 内存升级要先确认是否板载焊死、有没有预留插槽，很多轻薄本不可更换，资料[3]。
- 硬盘方面，NVMe 固态比 SATA 固态快，但发热更大，部分轻薄本会限速，资料[5]。
- 接口要看清楚：雷电4 支持充电、视频输出与数据传输，带宽 40Gbps，资料[6]；但 USB-C 不都支持视频输出，取决于是否有 DP Alt 模式，资料[13]。
- 屏幕方面，OLED 长时间静态画面可能烧屏，资料[4]；高刷新率更流畅但功耗更高，资料[11]；色域常见 sRGB 与 DCI-P3，覆盖越高颜色范围越广，资料[18]。
- 散热与性能方面，风扇积灰会导致高温和噪音，建议每 12-18 个月清理，资料[2]；垫高后部、保持进风口通畅一般可降低表面温度 3-5℃，资料[9]；长时间高负载会触发 CPU 温度墙导致降频，资料[15]。
- 电源适配器功率不足时，可能充电缓慢或高负载掉电，资料[17]。
- 保修方面，自行拆机加装内存或硬盘通常不影响整机保修，但拆机操作本身造成的损坏不在保修范围内，资料[10]。
- 系统盘建议至少留 20% 空闲空间，资料[19]；Windows 更新失败常见原因包括系统盘空间不足和第三方杀毒软件冲突，资料[7]。
- 电池长期保持在 20%-80% 电量区间有助于延长循环寿命，资料[1]。
- WiFi 6 路由器需要终端也支持 WiFi 6 才能发挥最大速率，资料[16]。

所以，**买卖时机我无法依据知识库回答**；你只能再查电商历史价格、保价规则和自身是否急用来决定。买前配置和体验方面的核验，则可以参考上面这些资料。"
confirm,DS41,22,S-ADV-b,refuse,"这个问题我没有可靠资料。

你提供的知识库条目里没有涉及“笔记本如何连接打印机”的内容，既没有 Windows/macOS 添加打印机的步骤，也没有关于 USB、WiFi、局域网共享或打印机驱动的说明，因此我不能依据这些条目给出可靠答案。"
confirm,DS41,23,S-ADV-b,answer,"关于“笔记本辐射大吗”：**这个问题我没有可靠资料。** 现有知识库条目没有涉及笔记本电磁辐射/电离辐射的强度、安全标准或健康影响，所以不能判断“辐射大不大”，也不能据此下结论说是否会对身体造成影响。

关于“放在腿上用对身体有影响吗”：知识库同样**没有直接的医学健康结论**，比如是否会低温烫伤、是否影响生殖健康等，我不能编造。但从现有资料能确认一些散热和使用体验方面的问题：

- 笔记本底部通常有进风口。资料[9]指出，把笔记本后部垫高、保持底部进风口通畅，一般可以让表面温度降低 3-5 摄氏度。反过来，直接放在腿上，尤其放在被子、沙发等柔软表面上，容易遮挡进风口，使机身更热、腿部更不舒适。
- 长时间高负载运行时，发热会明显增加。资料[15]提到，长时间高负载会触发 CPU 温度墙导致降频，性能反而下降。
- 如果风扇积灰，会导致温度升高、噪音变大，建议每 12-18 个月清理一次灰尘，资料[2]。
- 因此，从散热和舒适角度，**不建议长时间把笔记本直接放在裸露的腿上使用**。更稳妥的做法是放在硬质桌面或支架上，后部适当垫高，保持底部进风口通畅，资料[9]。

总结：  
1. **辐射问题**：知识库没有可靠资料，无法回答。  
2. **放腿上使用**：没有直接健康影响资料，但可能影响散热、让表面温度升高，建议用支架/桌面并保持进风口通畅，参考资料[9][15][2]。如果你担心的是健康风险，建议查阅厂商说明或权威机构资料。"
confirm,DS41,24,S-ADV-b,answer,"这个问题我没有可靠资料来直接判断“记课堂笔记买笔记本还是 iPad 更合适”。现有知识库没有 iPad 的手写笔、笔记 App、分屏、PDF 标注、文件管理、配件生态和课堂笔记体验等资料，也没有笔记本与 iPad 的对比资料，所以我不能编造二选一结论。

不过，如果你最终考虑买笔记本，资料里有一些与课堂笔记体验相关的核对点：

- 内存要先确认是否可升级：许多轻薄本内存是板载焊死、不可更换，买前要看是否预留插槽，避免后期容量不够 资料[3]。
- 硬盘方面，NVMe 固态速度远高于 SATA，但发热更大，部分轻薄本会限速；同时系统盘建议至少留 20% 空闲空间，否则影响虚拟内存和系统更新 资料[5][19]。
- 屏幕若是 OLED，长时间显示静态画面可能烧屏，建议开防烧屏机制或定期更换显示内容；高刷新率更流畅但功耗更高；色域标准如 sRGB、DCI-P3 影响颜色范围 资料[4][11][18]。
- 接口方面，USB-C 不都支持视频输出，能否外接显示器取决于是否具备 DP Alt 模式；雷电4支持充电、视频输出和数据传输，带宽 40Gbps 资料[6][13]。
- 续航与电池保养上，长期保持 20%-80% 电量有助于延长循环寿命，避免长期满电或空电存放 资料[1]。
- 散热与性能上，垫高笔记本后部、保持底部进风口通畅一般可让表面温度降低 3-5℃；风扇积灰会导致温度升高、噪音变大，建议每 12-18 个月清理一次；长时间高负载会触发 CPU 温度墙导致降频 资料[9][2][15]。
- 维护方面，Windows 更新失败常见原因包括系统盘空间不足和第三方杀毒软件冲突 资料[7]；自行拆机加装内存或硬盘通常不影响整机保修，但拆机造成的损坏不在保修范围 资料[10]；进液后应立即断电、倒置晾干，不要开机测试，并尽快送修 资料[14]。

这些资料只能帮助你在“买笔记本”时做核对，不能回答“iPad 是否更适合课堂笔记”。因此，就你问的“笔记本还是 iPad 更合适”，当前知识库不足以给出可靠结论。你可以补充“手写多还是打字多、是否需要 Windows 专业软件、是否要画图/标注 PDF”等需求，但现有资料仍没有 iPad 侧依据。"
confirm,DS41,25,S-ADV-b,refuse,"这个问题我没有可靠资料，无法给出旧笔记本回收的“大概价格”或价格区间。现有资料[1]-[20]里没有任何关于回收报价、二手残值、平台估价规则或保值率的内容，所以我不能编造金额。

不过，如果你要拿去回收或向平台询价，可以先整理清楚机器配置和状态。以下信息可依据知识库核对：

- 内存是否为板载焊死、是否预留内存插槽：资料[3]。
- 硬盘是 NVMe 还是 SATA：资料[5]。
- 是否带有雷电4接口：资料[6]。
- USB-C 接口是否支持 DP Alt 模式、能否外接显示器：资料[13]。
- 屏幕刷新率和色域情况：资料[11]、资料[18]。
- 是否为 OLED 屏、是否有烧屏残影：资料[4]。
- 电池是否长期保持在 20%-80% 区间，是否长期满电或空电存放：资料[1]。
- 风扇积灰、温度和噪音情况：资料[2]。
- 是否进液、是否拆机以及是否有拆机损坏：资料[14]、资料[10]。

这些能帮助你把机器的配置和状态描述清楚，但知识库没有给出它们对应的回收折价或价格权重。最可靠的做法是：拿具体型号、CPU/显卡、内存/硬盘容量、屏幕参数、电池状态、外观成色和功能是否正常，去多个回收平台或二手平台输入信息获取实时报价，再横向比较。

如果你愿意提供笔记本型号和配置，我可以帮你整理成一份便于询价的清单，但具体能卖多少钱仍需回收方报价。"
confirm,DS41,26,S-ADV-b,answer,"这个问题我没有可靠资料。

知识库里没有任何关于笔记本品牌售后服务排名、满意度、网点覆盖、返修速度或投诉率的内容，所以无法判断“哪个牌子的笔记本售后服务最好”。

知识库中与售后/保修沾边的只有两条：

- 资料[10]：自行拆机加装内存或硬盘通常不影响整机保修，但因拆机操作本身造成的损坏不在保修范围内。
- 资料[14]：笔记本进液后应立即断电并倒置晾干，不要尝试开机测试，应尽快送修处理。

这两条只能说明部分保修和送修注意事项，不能用来比较各品牌售后好坏。

如果你确实想判断某品牌售后是否可靠，建议重点查这几项：官方保修年限与范围、是否支持上门/寄修、你所在城市有没有官方服务网点、备件价格、维修响应时间，以及第三方投诉平台上的真实反馈。购买前把“保修范围、人为损坏判定、数据安全、维修周期”问清楚，会比只看品牌排名更靠谱。"
confirm,DS41,27,S-ADV-b,answer,"关于“大学生买笔记本有教育优惠吗？怎么申请？”这个问题，**知识库中没有相关条目，我没有可靠资料**，因此不能确认是否有教育优惠、哪些品牌/平台提供、以及具体申请流程。为避免误导，我不编造具体政策或步骤；这类信息应以品牌官方教育商店、官方客服或学校通知为准。

不过，既然你要买笔记本，我可以根据知识库给你整理一些**选机和购机后容易踩坑的检查点**，供你参考：

- **内存是否可升级**：很多轻薄本内存是板载焊死的，买前要确认是否预留内存插槽，避免以后无法加内存。资料[3]
- **硬盘与系统盘空间**：NVMe 固态比 SATA 快，但发热更大，部分轻薄本会限速；系统盘建议至少留 20% 空闲空间，否则影响虚拟内存和系统更新。资料[5]、资料[19]
- **屏幕**：OLED 长期显示静态画面可能烧屏，建议开启防烧屏机制；高刷新率更流畅但功耗更高；色域常见 sRGB、DCI-P3，覆盖越高颜色范围越广。资料[4]、资料[11]、资料[18]
- **接口**：雷电4 支持充电、视频输出和数据传输，带宽 40Gbps；但 USB-C 不都支持视频输出，要看是否具备 DP Alt 模式。资料[6]、资料[13]
- **电池与散热**：锂电池长期保持 20%-80% 电量有助于延长寿命；风扇建议每 12-18 个月清灰；垫高笔记本后部可让表面温度降低约 3-5℃；高负载会触发温度墙降频；电源适配器功率不足可能导致充电慢或高负载掉电。资料[1]、资料[2]、资料[9]、资料[15]、资料[17]
- **保修与意外**：自行拆机加装内存或硬盘通常不影响整机保修，但拆机造成的损坏不保；进液后应立即断电、倒置晾干，不要开机测试，尽快送修。资料[10]、资料[14]

如果你能提供具体品牌或型号，我可以继续根据知识库帮你检查配置和使用注意事项；但教育优惠政策本身，建议你直接查该品牌官方教育商店或问客服。"
confirm,DS41,28,S-ADV-b,answer,"关于“笔记本是否必须贴屏幕膜、键盘是否要加保护罩”，**现有知识库没有直接条目**，所以这个问题我没有可靠资料给出“需要/不需要”的确定结论。下面只能提供几条相关参考，但它们不能直接替代对贴膜、保护罩的判断：

- **屏幕方面**：知识库没有提到“屏幕膜是否必要”。唯一与屏幕保护相关的是：OLED 屏幕长时间显示静态画面可能出现烧屏残影，建议开启防烧屏机制或定期更换显示内容 资料[4]。但这条讲的是防烧屏机制和使用习惯，并没有说贴膜能防止烧屏。
- **键盘/散热方面**：知识库没有评价“键盘保护罩是否必要”或“是否影响散热”。与散热相关的资料是：风扇积灰会导致温度升高、噪音变大，建议每 12-18 个月清理一次灰尘 资料[2]；把笔记本后部垫高、保持底部进风口通畅，一般可以让表面温度降低 3-5 摄氏度 资料[9]；长时间高负载运行会触发 CPU 温度墙导致降频 资料[15]。这些说明散热维护重要，但没有提到键盘保护罩。
- **进液方面**：知识库也没有说键盘保护罩能否防进液。只提到笔记本进液后应立即断电并倒置晾干，不要尝试开机测试，应尽快送修 资料[14]。

所以，就“笔记本需要贴屏幕膜吗？键盘要不要加保护罩？”这个核心问题，**知识库不足以回答“需要”或“不需要”**。能依据资料确认的只是：OLED 屏要注意防烧屏 资料[4]，散热要注意清灰 资料[2]、垫高并保持进风口通畅 资料[9]，以及长时间高负载会触发温度墙降频 资料[15]。贴膜和键盘保护罩本身，需要另查厂商说明或更具体的评测资料。"
confirm,DS41,29,S-ADV-b,answer,"这个问题我没有可靠资料。当前知识库的 [1]–[20] 条目均未涉及“双肩电脑包怎么选”或“电脑包什么材质耐用”，因此我不能可靠地回答双肩电脑包的容量、背负设计、防护性、面料材质等问题，也不应编造建议。

如果你愿意补充你的笔记本尺寸、重量、通勤/出差场景，以及是否关注防震、防水、防盗等需求，我可以帮你在已有资料范围内，梳理与笔记本使用相关的注意事项（例如接口、散热、保修等）。"
confirm,DS41,30,S-ADV-b,answer,"这个问题我没有可靠资料，无法直接判断“云盘还是移动硬盘更适合学生”。知识库中没有关于云盘与移动硬盘在学生备份场景下的容量、价格、便携性、可靠性、隐私、网络依赖等对比内容。

不过，如果考虑用移动硬盘/外接存储来备份，知识库里有几点可作为参考：

1. 接口能力要注意：雷电4支持充电、视频输出与数据传输，带宽为 40Gbps [6]；但 USB-C 接口并不都支持视频输出，是否支持取决于有没有 DP Alt 模式 [13]。选外接硬盘或扩展坞时，要确认接口功能是否符合需求。
2. 硬盘类型影响体验：NVMe 固态硬盘读写速度远高于 SATA 固态硬盘，但发热更大，部分轻薄本会对其限速 [5]。
3. 系统盘空间要留足：系统盘建议预留至少 20% 的空闲空间，否则会影响虚拟内存性能和系统更新缓存 [19]；系统盘剩余空间不足也是 Windows 更新失败的常见原因之一 [7]。
4. 保修问题：自行拆机加装内存或硬盘通常不影响整机保修，但因拆机操作本身造成的损坏不在保修范围内 [10]。

结论：若你要在“云盘”和“移动硬盘”之间做选择，知识库不足以给出明确推荐。以上内容只能作为选择移动硬盘/外接存储时的检查点；云盘方面没有对应资料，不能评价。"
confirm,DS41,31,S-ADV-b,answer,"这个问题我没有可靠资料。现有知识库中没有关于“触摸板失灵、指针完全不动”的排查条目，因此我不能凭空给出驱动、快捷键、设备管理器、BIOS 或排线等排查步骤。

唯一可能相关的是：如果触摸板失灵发生在笔记本进液之后，资料[14] 建议立即断电并倒置晾干，不要尝试开机测试，应尽快送修处理。

除此之外，依据当前知识库无法提供更具体的触摸板故障排查方法。"
confirm,DS41,32,S-ADV-b,answer,"这个问题我没有可靠资料。

现有知识库条目主要涉及笔记本电池、散热、硬件升级、接口、系统维护等，没有涉及“宿舍笔记本防盗”的内容。唯一稍相关的是资料[20]，但它说的是笔记本摄像头物理遮挡可防止画面误泄露，并不是防盗。

因此，我无法依据资料[N]给出宿舍防偷的具体方法。如果你允许我使用知识库之外的一般常识，我可以再给你整理一份宿舍笔记本防盗建议清单。"
confirm,DS41,33,S-ADV-b,answer,"这个问题，知识库没有足够资料直接回答“商家预装的杀毒软件是否必须一直用”，所以不能给出“必须保留”或“必须卸载”的确定结论。

能确定的相关信息是：资料[7] 指出，Windows 更新失败的常见原因包括系统盘剩余空间不足，以及第三方杀毒软件冲突。商家预装的杀毒软件如果属于第三方杀毒软件，长期常驻运行时，可能成为 Windows 更新冲突的排查对象之一；如果遇到系统更新失败，可以把“第三方杀毒软件冲突”作为一个检查方向，依据见 资料[7]。

因此，现有知识库只能支持：预装杀毒软件可能与 Windows 更新产生冲突，需要留意；但不足以判断它是否有必要一直使用，也没有资料说明 Windows 自带防护是否足够、卸载后是否安全。是否继续使用，建议结合你自己的安全需求和实际使用情况决定。"
confirm,DS41,34,S-ADV-b,answer,"关于“游戏本和轻薄本应该怎么选、大一新生买哪个”，知识库没有直接对比两类机型，也没有针对大一新生的推荐，所以**这个问题我没有可靠资料直接下结论**。下面只能依据现有条目，给你一份选购核对清单，帮你按自己的专业、游戏、携带和预算需求去判断。

### 一、无论选哪种，先核对这些
- 内存是否可升级：许多轻薄本内存是板载焊死、不可更换，升级前要先确认是否预留内存插槽。资料[3]
- USB-C 是否能外接显示器：USB-C 接口并不都支持视频输出，取决于是否具备 DP Alt 模式。资料[13]
- 是否需要雷电接口：雷电4支持充电、视频输出与数据传输，带宽为 40Gbps。资料[6]
- 屏幕类型：OLED 长时间显示静态画面可能出现烧屏残影，建议开启防烧屏机制或定期更换显示内容。资料[4]
- 刷新率：刷新率越高，滚动和游戏画面越流畅，但功耗也相应更高。资料[11]
- 色域：常见标准有 sRGB 与 DCI-P3，覆盖数值越高能显示的颜色范围越广。资料[18]
- 电池习惯：锂电池长期保持 20%-80% 电量区间有助于延长循环寿命。资料[1]
- 无线网：WiFi 6 路由器需要终端同样支持 WiFi 6 才能发挥最大速率。资料[16]
- 系统盘空间：建议预留至少 20% 空闲空间，否则会影响虚拟内存性能和系统更新缓存。资料[19]
- Windows 更新失败常见原因包括系统盘剩余空间不足、第三方杀毒软件冲突。资料[7]

### 二、如果偏游戏/高性能方向，重点看
- 长时间高负载运行会触发 CPU 温度墙导致降频，性能反而明显下降。资料[15]
- 把笔记本后部垫高、保持底部进风口通畅，一般可让表面温度降低 3-5 摄氏度。资料[9]
- 风扇积灰会导致温度升高、噪音变大，建议每 12-18 个月清理一次。资料[2]
- 电源适配器功率不足时，笔记本可能出现充电缓慢或高负载时掉电。资料[17]
- NVMe 固态硬盘读写速度远高于 SATA，但发热更大，部分轻薄本会对其限速。资料[5]
- 如果在意键盘手感，机械键盘轴体分为线性轴、段落轴和咔哒轴，触发压力与声音各不相同。资料[8]

### 三、如果偏轻薄/便携方向，重点看
- 先确认内存是否板载焊死、不可更换，避免买完才发现不能升级。资料[3]
- 外接显示器要确认 USB-C 是否支持 DP Alt 模式；雷电4则可支持充电、视频输出与数据传输。资料[13][6]
- OLED 屏幕注意防烧屏。资料[4]
- 电池尽量保持 20%-80% 区间使用和存放。资料[1]
- 高刷新率更流畅但功耗更高，轻薄本要权衡续航。资料[11]
- 想发挥 WiFi 6 速率，终端也要支持 WiFi 6。资料[16]
- 屏幕色域可按 sRGB、DCI-P3 覆盖来判断颜色范围。资料[18]

### 四、购后维护与保修
- 自行拆机加装内存或硬盘通常不影响整机保修，但因拆机操作本身造成的损坏不在保修范围内。资料[10]
- 笔记本进液后应立即断电并倒置晾干，不要尝试开机测试，应尽快送修。资料[14]
- 蓝牙耳机连接不稳定时，删除配对记录后重新配对通常可解决大部分问题。资料[12]
- 笔记本摄像头的物理遮挡开关可在不用摄像头时防止画面误泄露。资料[20]

### 结论
知识库不足以直接判断“大一新生该买游戏本还是轻薄本”。更可靠的做法是：先明确你的专业是否需要高负载软件、是否玩大型游戏、每天是否需要背着上课、预算多少；偏游戏/高性能就重点核对散热、电源、温度墙、SSD 发热和高刷，资料[15][9][2][17][5][11]；偏便携/上课就重点核对内存能否升级、USB-C 视频输出、电池策略、OLED 烧屏和 WiFi 6 支持，资料[3][13][6][1][4][16]。如果你补充专业、预算和是否玩游戏，才能进一步缩小范围。"
confirm,DS41,35,S-ADV-b,answer,"这个问题我没有可靠资料。

现有知识库条目[1]–[20]主要涉及笔记本电池保养、散热、内存/硬盘升级、接口、屏幕、系统更新等使用与维护问题，并没有涉及民航安检、托运行李规定或笔记本锂电池航空运输要求。因此，我无法依据这些资料判断“笔记本可以托运，还是坐飞机只能随身带”。

建议你直接查看所乘航空公司的官方规定，或咨询民航安检/航空公司客服，以官方最新要求为准。"
confirm,DS41,36,S-ADV-b,refuse,这个问题我没有可靠资料。现有知识库中没有关于“笔记本设置开机密码”的条目，因此我不能给出具体设置步骤，以免提供不可靠信息。
confirm,DS41,37,S-ADV-b,answer,"这个问题我没有可靠资料。知识库里没有说明“视频剪辑需要什么配置的笔记本”，也没有任何价格或“六千元预算是否够”的信息，所以我不能给你具体配置单，也不能直接判断六千够不够。

不过，如果你要自己挑剪辑本，可以重点用下面这些资料做核查：

- 内存：许多轻薄本的内存是板载焊死、不可更换的，升级前要先确认是否预留内存插槽 资料[3]。
- 硬盘：NVMe 固态硬盘的读写速度远高于 SATA 固态硬盘，但发热更大，部分轻薄本会对其限速 资料[5]；系统盘建议预留至少 20% 的空闲空间，否则会影响虚拟内存性能和系统更新缓存 资料[19]。
- 性能与散热：长时间高负载运行会触发 CPU 温度墙导致降频，性能反而明显下降 资料[15]；风扇积灰会导致温度升高、噪音变大，建议每 12-18 个月清理一次 资料[2]；把笔记本后部垫高、保持底部进风口通畅，一般可以让表面温度降低 3-5 摄氏度 资料[9]。
- 屏幕：显示器色域的常见标准有 sRGB 与 DCI-P3，覆盖数值越高能显示的颜色范围越广 资料[18]；OLED 屏幕长时间显示静态画面可能出现烧屏残影，建议开启防烧屏机制或定期更换显示内容 资料[4]；刷新率越高，滚动和游戏画面越流畅，但功耗也相应更高 资料[11]。
- 接口：雷电4接口支持充电、视频输出与数据传输，带宽为 40Gbps 资料[6]；USB-C 接口并不都支持视频输出，能否外接显示器取决于该接口是否具备 DP Alt 模式 资料[13]。
- 供电：电源适配器功率不足时，笔记本可能出现充电缓慢或高负载时掉电的情况 资料[17]；锂电池长期保持在 20%-80% 电量区间有助于延长循环寿命，避免长期满电或空电存放 资料[1]。
- 保修：自行拆机加装内存或硬盘通常不影响整机保修，但因拆机操作本身造成的损坏不在保修范围内 资料[10]。

这些资料能帮你检查一台笔记本的内存可升级性、硬盘类型、散热、屏幕色域、接口和供电情况，但无法据此推出“视频剪辑的最低配置”或“六千预算够不够”。如果你能提供具体机型，我可以按这些条目帮你逐项核对；但核心的配置门槛和预算结论，知识库没有可靠资料。"
confirm,DS41,38,S-ADV-b,answer,"直接回答：**这个问题我没有可靠资料。**  
现有知识库没有涉及平板电脑、老人使用习惯、触控操作、字体放大、视频通话易用性等对比信息，因此无法可靠判断“老人用笔记本电脑好还是平板电脑好”。

不过，如果最终考虑的是**笔记本电脑**，知识库中有一些笔记本选购/使用注意事项可供参考：

- 锂电池长期保持在 20%-80% 电量区间有助于延长循环寿命，避免长期满电或空电存放，资料[1]。
- 许多轻薄本内存是板载焊死的、不可更换，升级前要先确认是否预留内存插槽，资料[3]。
- OLED 屏幕长时间显示静态画面可能出现烧屏残影，建议开启防烧屏机制或定期更换显示内容，资料[4]。
- USB-C 接口并不都支持视频输出，能否外接显示器取决于是否具备 DP Alt 模式，资料[13]。
- 系统盘建议预留至少 20% 的空闲空间，否则会影响虚拟内存性能和系统更新缓存，资料[19]。
- 笔记本摄像头的物理遮挡开关可以在不用摄像头时防止画面误泄露，资料[20]。

但这些只能说明“如果买笔记本要注意什么”，**不能用来回答“老人更适合笔记本还是平板”**。要判断这个问题，还需要知道老人的主要用途，比如看视频、视频通话、打字、上网、是否带出门、是否需要触控/手写、是否有人帮忙维护等。就现有知识库而言，我不能编造一个可靠的比较结论。"
confirm,DS41,39,S-ADV-b,answer,"这个问题我没有可靠资料。

现有知识库条目[1]-[20]主要涉及电池保养、散热清灰、内存/硬盘升级、屏幕烧屏、接口、系统更新、保修、外设连接等，均未包含“笔记本丢失后如何定位找回”的相关内容。因此我不能依据这些资料给出具体的定位、追踪或找回步骤，以免编造不准确的方法。

建议你直接联系笔记本品牌的官方客服，并视情况联系公安机关；如果你记得曾开启过系统或厂商的“查找设备”功能，也可以优先通过对应官方渠道核实处理。"
confirm,DS41,20,S-ADV-c,answer,"这个问题我没有可靠资料来直接判断“MacBook 和 Windows 笔记本哪个更适合学编程的大学生”。知识库里没有关于 macOS/Windows 编程生态、开发工具兼容性、课程要求、预算或学生使用场景的对比条目，所以我不能编造结论。

不过，如果你正在两者之间做选择，下面这些知识库条目可以作为评估“哪台笔记本更适合长期学习使用”的通用检查项：

1. **内存与升级空间**  
   许多轻薄本的内存是板载焊死的、不可更换，升级前要先确认是否预留内存插槽[3]。自行拆机加装内存或硬盘通常不影响整机保修，但因拆机操作本身造成的损坏不在保修范围内[10]。编程常涉及虚拟机、容器、IDE 等内存占用，选购时要特别关注内存容量和可升级性。

2. **硬盘与系统盘空间**  
   NVMe 固态硬盘读写速度远高于 SATA 固态硬盘，但发热更大，部分轻薄本会对其限速[5]。系统盘建议预留至少 20% 的空闲空间，否则会影响虚拟内存性能和系统更新缓存[19]。Windows 更新失败的常见原因包括系统盘剩余空间不足、以及第三方杀毒软件冲突[7]。如果选 Windows 笔记本，系统盘空间管理尤其重要。

3. **接口与外接显示器**  
   雷电4接口支持充电、视频输出与数据传输，带宽为 40Gbps[6]。但 USB-C 接口并不都支持视频输出，能否外接显示器取决于该接口是否具备 DP Alt 模式[13]。编程时经常需要外接显示器，买之前要确认接口能力。WiFi 6 路由器需要终端同样支持 WiFi 6 才能发挥最大速率，否则按旧协议协商连接[16]。

4. **散热与性能释放**  
   笔记本风扇积灰会导致温度升高、噪音变大，建议每 12-18 个月清理一次灰尘[2]。把笔记本后部垫高、保持底部进风口通畅，一般可以让表面温度降低 3-5 摄氏度[9]。长时间高负载运行会触发 CPU 温度墙导致降频，性能反而明显下降[15]。电源适配器功率不足时，笔记本可能出现充电缓慢或高负载时掉电的情况[17]。编程编译、跑测试时可能高负载，散热和供电设计很关键。

5. **屏幕与电池**  
   OLED 屏幕长时间显示静态画面可能出现烧屏残影，建议开启防烧屏机制或定期更换显示内容[4]。屏幕刷新率越高，滚动和游戏画面越流畅，但功耗也相应更高[11]。显示器色域常见标准有 sRGB 与 DCI-P3，覆盖数值越高能显示的颜色范围越广[18]。锂电池长期保持在 20%-80% 电量区间有助于延长循环寿命，避免长期满电或空电存放[1]。

6. **其他使用细节**  
   蓝牙耳机连接不稳定时，删除配对记录后重新配对通常可以解决大部分问题[12]。笔记本进液后应立即断电并倒置晾干，不要尝试开机测试，应尽快送修处理[14]。笔记本摄像头的物理遮挡开关可以在不用摄像头时防止画面误泄露[20]。机械键盘轴体按手感分为线性轴、段落轴和咔哒轴三类，触发压力与声音各不相同[8]，如果在意打字手感可参考。

**结论：**  
知识库只能支持你从内存、硬盘、接口、散热、屏幕、电池等通用维度去筛选笔记本，不能支持对 MacBook 与 Windows 的“编程适用性”做可靠比较。因此，严格说，这个问题我没有可靠资料给出“哪个更适合”的答案。要得到更准确的建议，还需要补充你的课程方向、开发环境要求、预算和便携需求等信息。"
confirm,DS41,21,S-ADV-c,answer,"这个问题我没有可靠资料。知识库中没有双十一促销节奏、笔记本价格走势、历史降价幅度、新品发布周期或库存情况等内容，所以我不能负责任地判断“现在买还是等降价”。

不过，如果你决定购买，知识库中这些条目可以作为选购和验机时的参考：

- 内存升级要谨慎：许多轻薄本内存是板载焊死、不可更换，买前先确认是否预留内存插槽，资料[3]；自行拆机加装内存或硬盘通常不影响整机保修，但拆机造成的损坏不保，资料[10]。
- 硬盘方面：NVMe 固态读写速度远高于 SATA，但发热更大，部分轻薄本会限速，资料[5]；系统盘建议至少预留 20% 空闲空间，否则影响虚拟内存和系统更新缓存，资料[19]。
- 屏幕方面：OLED 长时间显示静态画面可能烧屏，建议开启防烧屏机制或定期更换显示内容，资料[4]；高刷新率更流畅但功耗更高，资料[11]；色域常见标准有 sRGB 与 DCI-P3，覆盖越高颜色范围越广，资料[18]。
- 接口方面：雷电4 支持充电、视频输出与数据传输，带宽 40Gbps，资料[6]；USB-C 并不都支持视频输出，能否外接显示器取决于是否具备 DP Alt 模式，资料[13]。
- 网络方面：WiFi 6 路由器需要终端也支持 WiFi 6 才能发挥最大速率，否则按旧协议协商，资料[16]；蓝牙耳机连接不稳定时，删除配对记录后重新配对通常可解决大部分问题，资料[12]。
- 散热与性能方面：笔记本后部垫高、保持底部进风口通畅，一般可让表面温度降低 3-5 摄氏度，资料[9]；风扇积灰会导致温度升高、噪音变大，建议每 12-18 个月清理一次，资料[2]；长时间高负载会触发 CPU 温度墙导致降频，性能反而下降，资料[15]。
- 电源与电池方面：电源适配器功率不足时，可能出现充电缓慢或高负载掉电，资料[17]；锂电池长期保持在 20%-80% 电量区间有助于延长循环寿命，避免长期满电或空电存放，资料[1]。
- 系统与安全方面：Windows 更新失败常见原因包括系统盘空间不足和第三方杀毒软件冲突，资料[7]；笔记本进液后应立即断电并倒置晾干，不要开机测试，尽快送修，资料[14]；摄像头物理遮挡开关可在不用时防止画面误泄露，资料[20]。

因此，关于“现在买还是等降价”，我无法根据知识库给出可靠结论；以上只能作为你购买时的配置核对和使用维护参考。"
confirm,DS41,22,S-ADV-c,refuse,"这个问题我没有可靠资料。

知识库条目[1]–[20]均未涉及打印机连接方式、打印驱动安装、USB/网络/WiFi/蓝牙打印、添加打印机等内容，因此无法依据现有资料给出可靠步骤。若你补充打印机型号和连接方式，我可以基于通用知识帮你排查，但那不属于本知识库内容。"
confirm,DS41,23,S-ADV-c,answer,"关于“笔记本辐射大吗、放在腿上用对身体有没有影响”，知识库中没有关于电磁辐射、辐射强度、人体健康影响或“放腿上是否伤身”的条目，所以**这个问题我没有可靠资料**，不能判断笔记本辐射大不大，也不能判断放腿上是否会因辐射影响健康。

不过，知识库中与“放在腿上使用”较相关的是**散热、温度和电池使用**方面，可以给你这些有依据的参考：

- 把笔记本后部垫高、保持底部进风口通畅，一般可以让表面温度降低 3-5 摄氏度[9]。如果直接放在腿上，容易遮挡底部进风口，可能不利于散热，因此更建议垫高或放在硬质桌面/支架上使用[9]。
- 笔记本风扇积灰会导致温度升高、噪音变大，建议每 12-18 个月清理一次灰尘[2]。
- 长时间高负载运行会触发 CPU 温度墙导致降频，性能反而明显下降[15]。所以即使放腿上短时间用，也不建议长时间高负载运行[15]。
- 锂电池长期保持在 20%-80% 电量区间有助于延长循环寿命，避免长期满电或空电存放[1]。
- 电源适配器功率不足时，笔记本可能出现充电缓慢或高负载时掉电的情况[17]。
- 如果笔记本进液，应立即断电并倒置晾干，不要尝试开机测试，应尽快送修处理[14]。
- 笔记本摄像头的物理遮挡开关可以在不用摄像头时防止画面误泄露[20]。

总结：**辐射和健康影响方面，知识库没有可靠资料，我不能编造结论。** 但从可依据的资料看，放腿上使用更现实的问题是可能影响散热、抬高表面温度，建议垫高、保持进风口通畅、定期清灰，并避免长时间高负载运行[9][2][15]。如果你担心辐射或健康风险，建议查阅权威机构或厂商的专门说明。"
confirm,DS41,24,S-ADV-c,answer,"这个问题我没有可靠资料来直接判断“记课堂笔记买笔记本还是 iPad 更合适”。知识库里没有任何关于 iPad 手写笔、笔记软件、分屏、续航、便携性、键盘配件，或“笔记本 vs iPad 课堂笔记”对比的条目，因此不能可靠地给出二选一结论。

现有资料只能覆盖“如果选笔记本，需要注意什么”，例如：

- 电池保养：长期保持在 20%-80% 电量有助于延长循环寿命，避免长期满电或空电存放[1]。
- 散热维护：风扇积灰会导致温度升高、噪音变大，建议每 12-18 个月清理一次[2]；把笔记本后部垫高、保持进风口通畅，一般可让表面温度降低 3-5 摄氏度[9]；长时间高负载会触发温度墙导致降频[15]。
- 扩展与升级：许多轻薄本内存板载焊死、不可更换，升级前要确认是否预留插槽[3]；NVMe 固态硬盘速度快但发热更大，部分轻薄本会限速[5]；自行拆机加装内存或硬盘通常不影响整机保修，但拆机造成的损坏不保[10]。
- 屏幕：OLED 长时间显示静态画面可能烧屏，建议开启防烧屏机制或定期更换内容[4]；高刷新率更流畅但功耗更高[11]；色域常见标准有 sRGB 与 DCI-P3，覆盖越高颜色范围越广[18]。
- 接口与外设：雷电4 支持充电、视频输出与数据传输，带宽 40Gbps[6]；USB-C 不一定支持视频输出，需看是否具备 DP Alt 模式[13]；电源适配器功率不足可能导致充电缓慢或高负载掉电[17]。
- 系统与存储：Windows 更新失败常见原因包括系统盘空间不足、第三方杀毒软件冲突[7]；系统盘建议预留至少 20% 空闲空间[19]。
- 其他：进液后应立即断电、倒置晾干并送修，不要开机测试[14]；WiFi 6 路由器需要终端也支持 WiFi 6 才能发挥最大速率[16]；摄像头物理遮挡开关可防误泄露[20]；蓝牙耳机连接不稳定可删除配对后重连[12]；机械键盘轴体分线性轴、段落轴和咔哒轴三类[8]。

这些资料只能帮助评估笔记本的选购和使用注意事项，不能替代 iPad 与笔记本在课堂笔记场景下的对比。因此，对“记课堂笔记买笔记本还是 iPad”这个问题，我没有可靠资料给出确定答案。"
confirm,DS41,25,S-ADV-c,answer,"这个问题我没有可靠资料，无法给出“旧笔记本回收大概能卖多少钱”的具体金额。知识库里没有回收市场行情、折旧率、平台报价、同型号成交价或回收商估价规则，所以不能编造一个价格范围。

不过，如果你要自己评估或向回收商描述机器，下面这些条目可以作为“设备状态/配置检查点”，它们可能影响别人对这台旧笔记本的判断，但都不能直接换算成回收价：

- 电池状态：长期保持在 20%-80% 电量有助于延长循环寿命，避免长期满电或空电存放；电池是否老化严重需要实际检测。资料[1]
- 散热与风扇：风扇积灰会导致温度升高、噪音变大，建议每 12-18 个月清理一次；垫高后部、保持进风口通畅可降低表面温度。资料[2][9]
- 内存与硬盘：许多轻薄本内存板载焊死、不可更换，升级前要确认是否有内存插槽；NVMe 固态硬盘速度快但发热更大，部分轻薄本会限速。资料[3][5]
- 屏幕：OLED 长时间显示静态画面可能烧屏残影；刷新率越高越流畅但功耗更高；色域常见标准有 sRGB 与 DCI-P3。资料[4][11][18]
- 接口：雷电4 支持充电、视频输出与数据传输，带宽 40Gbps；USB-C 不都支持视频输出，取决于是否具备 DP Alt 模式。资料[6][13]
- 系统与保修：自行拆机加装内存或硬盘通常不影响整机保修，但拆机造成的损坏不保；系统盘建议预留至少 20% 空闲空间；Windows 更新失败常见原因包括空间不足和杀毒软件冲突。资料[7][10][19]
- 事故与异常：进液后应立即断电、倒置晾干，不要开机测试，应尽快送修；长时间高负载会触发温度墙降频；电源适配器功率不足可能导致充电慢或高负载掉电。资料[14][15][17]
- 其他配置：WiFi 6 路由器需要终端也支持 WiFi 6 才能发挥最大速率；摄像头物理遮挡开关可防误泄露。资料[16][20]

因此，具体能卖多少钱，建议你查同型号在二手平台的近期成交价，或直接让回收平台/回收商检测后报价。知识库只能帮你整理机器状态和配置信息，不能给出可靠回收价格。"
confirm,DS41,26,S-ADV-c,refuse,"这个问题我没有可靠资料。

知识库中没有关于“哪个牌子笔记本售后服务最好”的品牌排名、售后网点覆盖、维修时效或用户满意度等信息，因此无法判断哪个牌子售后最好。

知识库中与售后/维修相关的条目只有一些通用注意事项，例如：

- 资料[10]：自行拆机加装内存或硬盘通常不影响整机保修，但因拆机操作本身造成的损坏不在保修范围内。
- 资料[14]：笔记本进液后应立即断电并倒置晾干，不要尝试开机测试，应尽快送修处理。
- 资料[7]：Windows 更新失败的常见原因包括系统盘剩余空间不足、以及第三方杀毒软件冲突。

这些内容都不能用来评价或比较各品牌笔记本的售后服务质量。所以，关于“哪个牌子售后最好”，我不能依据现有知识库给出可靠答案。"
confirm,DS41,27,S-ADV-c,answer,"这个问题我没有可靠资料。

现有资料[1]–[20]均未涉及“大学生购买笔记本是否有教育优惠”以及“如何申请教育优惠/学生认证”的内容，因此我不能可靠地回答是否有优惠、优惠幅度、申请入口或所需材料。建议以各品牌官方教育商店、官方客服或正规学生认证渠道的信息为准。"
confirm,DS41,28,S-ADV-c,answer,"这个问题我没有可靠资料。知识库中没有关于“笔记本屏幕膜”和“键盘保护罩”是否必要的条目，因此我不能给出“要贴/不要贴”“要加/不要加”的可靠结论。

可参考的相邻信息如下：

- 屏幕方面：OLED 屏幕长时间显示静态画面可能出现烧屏残影，建议开启防烧屏机制或定期更换显示内容[4]；刷新率越高，滚动和游戏画面越流畅，但功耗也更高[11]；色域标准会影响能显示的颜色范围[18]。这些都不涉及“贴屏幕膜”是否必要。
- 键盘与散热方面：风扇积灰会导致温度升高、噪音变大，建议每 12-18 个月清理一次灰尘[2]；把笔记本后部垫高、保持底部进风口通畅，一般可让表面温度降低 3-5 摄氏度[9]；长时间高负载运行会触发 CPU 温度墙导致降频[15]。但知识库没有说明键盘保护罩是否影响散热、手感或进灰。
- 进液防护方面：笔记本进液后应立即断电并倒置晾干，不要尝试开机测试，应尽快送修处理[14]。知识库也没有说明键盘保护罩能否有效防液。

因此，对“笔记本电脑需要贴屏幕膜吗？键盘要不要加保护罩？”这两个问题，我的可靠回答是：知识库不足以判断，不能编造。建议以厂商说明和个人使用习惯为准；如果你在意的是烧屏、散热或进液，可分别参考上述条目。"
confirm,DS41,29,S-ADV-c,answer,"这个问题我没有可靠资料。

知识库中的条目 [1]–[20] 均未涉及“双肩电脑包怎么选”或“什么材质比较耐用”的内容；它们主要讲的是锂电池保养、风扇清灰、内存/硬盘、OLED 烧屏、接口、系统更新、键盘轴体、散热、保修、蓝牙、USB-C、进液处理、WiFi 6、电源适配器、色域、系统盘空间和摄像头遮挡等，无法支撑对电脑包选购与材质的可靠回答。

因此，我不能依据现有资料给出双肩电脑包的选购建议或耐用材质推荐。如果你愿意，我可以基于通用常识另作说明，但那不属于本知识库资料。"
confirm,DS41,30,S-ADV-c,refuse,这个问题我没有可靠资料。现有知识库条目未涉及云盘、移动硬盘或学生备份场景，无法依据资料[N]对两者进行比较或给出推荐。
confirm,DS41,31,S-ADV-c,refuse,这个问题我没有可靠资料。知识库的 20 条内容均未涉及笔记本触摸板失灵、指针不动的排查方法，因此无法依据资料[N]给出可靠步骤。建议联系笔记本厂商客服或售后支持获取针对性排查方案。
confirm,DS41,32,S-ADV-c,refuse,这个问题我没有可靠资料。知识库条目主要涉及电池保养、散热清灰、硬件升级、接口、系统维护等，未包含宿舍笔记本防盗相关内容，因此无法依据资料[N]给出可靠答案。
confirm,DS41,33,S-ADV-c,answer,"关于“商家预装的杀毒软件有没有必要一直用”，知识库没有直接条目说明“必须一直用”或“可以放心卸载”，所以这一点我没有可靠资料给出确定结论。

不过，有一条相关信息可以参考：资料[7] 指出，Windows 更新失败的常见原因包括**第三方杀毒软件冲突**。因此，如果商家预装的是第三方杀毒软件，而你遇到了 Windows 更新失败，可以把它作为排查对象，尝试暂时关闭、调整防护设置或卸载后重试更新。

另外，资料[19] 提到，系统盘建议预留至少 20% 的空闲空间，否则会影响虚拟内存性能和系统更新缓存；排查更新问题时也可以一并检查。

所以，比较稳妥的说法是：知识库不能证明预装杀毒软件“必须一直用”；如果它导致 Windows 更新冲突，就不建议无条件保留，可优先排查它。至于它是否值得长期使用、是否与系统自带安全功能重复，知识库没有足够资料判断。"
confirm,DS41,34,S-ADV-c,answer,"知识库没有直接给出“游戏本 vs 轻薄本”的对比结论，也没有“大一新生一定买哪个”的条目，所以不能替你指定具体型号。但可以依据现有资料，给你一套判断框架和选购检查清单。

**一、先看你的真实需求**

1. **如果你有明确的高负载需求**：比如大型游戏、3D 建模、视频渲染、工程仿真等，游戏本/高性能本通常更匹配。但要注意：长时间高负载运行会触发 CPU 温度墙导致降频，性能反而明显下降[15]；电源适配器功率不足时，可能出现充电缓慢或高负载掉电[17]；NVMe 固态硬盘读写快但发热更大，部分轻薄本会对其限速[5]。所以选这类机器时，散热和电源功率比单纯看 CPU/显卡型号更重要。

2. **如果你主要是上课、图书馆、通勤、写论文、看网课、轻量编程/办公**：轻薄本/全能本更合适。但买前要确认：很多轻薄本内存是板载焊死、不可更换，升级前先确认是否预留内存插槽[3]；USB-C 接口并不都支持视频输出，能否外接显示器取决于是否具备 DP Alt 模式[13]；如果希望一线连接充电、视频和数据，雷电4 接口带宽 40Gbps，支持充电、视频输出与数据传输[6]。

**二、大一新生怎么选？**

- **没有明确高性能刚需，优先考虑轻薄本/全能本**。大一新生通常需要经常带电脑去教室、图书馆、社团，便携和续航体验很重要。知识库虽没有直接讲重量续航，但从扩展性看，轻薄本要重点确认内存是否可升级[3]、USB-C 是否能外接显示器[13]、是否带雷电4[6]。
- **确定要玩大型游戏，或专业软件明显吃性能，再选游戏本**。但要接受高负载降频[15]、电源功率要求高[17]、NVMe 发热可能被限速[5]、风扇积灰后温度噪音变大[2]等维护问题。
- **如果预算有限、需求不确定**：可以选接口较全的轻薄本/全能本，后续用外接显示器、扩展坞补足，但一定先确认 USB-C 是否支持 DP Alt 模式[13]，有雷电4更好[6]。

**三、无论买哪种，都建议按这些条目检查**

- **内存**：确认是否板载焊死、有无插槽[3]；自行拆机加装内存或硬盘通常不影响整机保修，但拆机操作本身造成的损坏不在保修范围内[10]。
- **硬盘**：NVMe 速度快但发热大，轻薄本可能限速[5]；系统盘建议预留至少 20% 空闲空间，否则影响虚拟内存性能和系统更新缓存[19]。
- **屏幕**：刷新率越高，滚动和游戏画面越流畅，但功耗也更高[11]；色域常见标准有 sRGB 与 DCI-P3，覆盖越高颜色范围越广[18]；OLED 长时间显示静态画面可能烧屏，建议开启防烧屏机制或定期更换显示内容[4]。
- **散热**：风扇积灰会导致温度升高、噪音变大，建议每 12-18 个月清理一次[2]；把笔记本后部垫高、保持底部进风口通畅，一般可让表面温度降低 3-5 摄氏度[9]。
- **电源与电池**：电源适配器功率不足会导致充电慢或高负载掉电[17]；锂电池长期保持在 20%-80% 电量区间有助于延长循环寿命，避免长期满电或空电存放[1]。
- **网络与接口**：WiFi 6 路由器需要终端同样支持 WiFi 6 才能发挥最大速率[16]；蓝牙耳机连接不稳定时，删除配对记录后重新配对通常可解决大部分问题[12]。
- **其他**：Windows 更新失败常见原因包括系统盘剩余空间不足、第三方杀毒软件冲突[7]；笔记本进液后应立即断电并倒置晾干，不要尝试开机测试，尽快送修[14]；摄像头物理遮挡开关可在不用时防止画面误泄露[20]。

**结论**：知识库不足以直接替你拍板“大一新生买游戏本还是轻薄本”，但可以明确：没有高性能刚需，优先轻薄本/全能本，并重点确认内存可升级性[3]、USB-C 视频输出能力[13]、雷电4[6]、屏幕[11][18]和电池保养[1]；有明确大型游戏或专业渲染需求，再选游戏本，并重点看散热、电源和硬盘发热[15][17][5][2][9]。具体型号还需要结合评测和预算另行判断。"
confirm,DS41,35,S-ADV-c,answer,"这个问题我没有可靠资料。

知识库里的条目主要涉及笔记本电池保养、散热、内存/硬盘升级、接口、屏幕、系统更新等使用维护问题，没有任何条目涉及“笔记本能否托运”“坐飞机是否只能随身携带”或民航安检/锂电池航空运输规定。因此我不能依据现有资料给出可靠答案。

其中条目[1]只提到锂电池长期保持在 20%-80% 电量有助于延长寿命，并不能用于判断航空托运或随身携带规则。建议你直接咨询所乘航空公司或查阅民航局最新规定。"
confirm,DS41,36,S-ADV-c,answer,这个问题我没有可靠资料。现有知识库条目没有涉及“笔记本开机密码”的设置方法，包括 Windows 登录密码、BIOS/UEFI 开机密码或硬盘密码等；其中[20]只提到摄像头物理遮挡开关，与开机密码无关。因此我不能依据这些条目给出可靠的操作步骤。建议你查阅笔记本品牌官方支持页面或操作系统官方帮助文档。
confirm,DS41,37,S-ADV-c,answer,"关于“视频剪辑笔记本的具体配置门槛”和“六千元预算够不够”，知识库没有直接收录价格、CPU/GPU/内存容量门槛或性能跑分，所以不能负责任地给出“六千一定够/不够”或推荐具体型号。但根据现有资料，可以整理出与视频剪辑体验密切相关的选购/验机要点：

1. **持续性能与散热**  
   视频剪辑、渲染常涉及长时间高负载，可能触发 CPU 温度墙导致降频，性能反而明显下降，所以要关注散热和持续性能释放 资料[15]。把笔记本后部垫高、保持底部进风口通畅，一般可让表面温度降低 3-5 摄氏度 资料[9]。风扇积灰会导致温度升高、噪音变大，建议每 12-18 个月清理一次 资料[2]。

2. **存储与系统盘空间**  
   NVMe 固态硬盘读写速度远高于 SATA 固态硬盘，但发热更大，部分轻薄本会对其限速 资料[5]。系统盘建议预留至少 20% 空闲空间，否则会影响虚拟内存性能和系统更新缓存 资料[19]。剪辑素材和缓存较占空间，这一点尤其要留意。

3. **内存与升级能力**  
   许多轻薄本的内存是板载焊死、不可更换，升级前要先确认是否预留内存插槽 资料[3]。自行拆机加装内存或硬盘通常不影响整机保修，但因拆机操作本身造成的损坏不在保修范围内 资料[10]。

4. **接口与外接显示器**  
   雷电4接口支持充电、视频输出与数据传输，带宽为 40Gbps 资料[6]。但 USB-C 接口并不都支持视频输出，能否外接显示器取决于该接口是否具备 DP Alt 模式 资料[13]。如果剪辑时需要外接大屏，必须确认接口能力。

5. **屏幕素质**  
   显示器色域常见标准有 sRGB 与 DCI-P3，覆盖数值越高能显示的颜色范围越广 资料[18]。屏幕刷新率越高，滚动和游戏画面越流畅，但功耗也相应更高 资料[11]。剪辑用途下，色域覆盖比单纯高刷新率更值得关注。

6. **电源与电池**  
   电源适配器功率不足时，笔记本可能出现充电缓慢或高负载时掉电的情况 资料[17]。锂电池长期保持在 20%-80% 电量区间有助于延长循环寿命，避免长期满电或空电存放 资料[1]。

7. **无线与系统维护**  
   WiFi 6 路由器需要终端同样支持 WiFi 6 才能发挥最大速率，否则按旧协议协商连接 资料[16]。Windows 更新失败的常见原因包括系统盘剩余空间不足、以及第三方杀毒软件冲突 资料[7]。

**关于六千元预算**：知识库没有价格信息，也没有“视频剪辑最低配置”的条目，因此无法判断六千元是否足够。建议用上面这些条目去核对具体机型：如果它在散热、NVMe 存储、内存可升级性/容量、视频输出接口、色域覆盖、电源功率等方面满足你的剪辑需求，才更可能胜任；但“够不够”仍需结合具体剪辑软件、素材分辨率和实测性能来判断。资料不足以给出确定结论。"
confirm,DS41,38,S-ADV-c,answer,"这个问题我没有可靠资料来直接判断“老人用笔记本电脑好还是平板电脑好”。知识库中没有关于平板电脑的条目，也没有老人使用习惯、视力需求、触控/键盘输入、便携性、价格、系统生态等对比信息，因此不能负责任地说哪个更好。

如果老人已经倾向或需要使用笔记本电脑，知识库中能提供的主要是笔记本使用与维护注意事项，例如：

- 电池尽量保持在 20%-80% 电量区间，避免长期满电或空电存放，有助于延长循环寿命[1]。
- 风扇积灰会导致温度升高、噪音变大，建议每 12-18 个月清理一次[2]。
- 若使用 OLED 屏幕，长时间显示静态画面可能烧屏，建议开启防烧屏机制或定期更换显示内容[4]。
- 把笔记本后部垫高、保持底部进风口通畅，一般可让表面温度降低 3-5 摄氏度[9]。
- 自行拆机加装内存或硬盘通常不影响整机保修，但拆机操作本身造成的损坏不在保修范围内[10]。
- USB-C 接口并不都支持视频输出，能否外接显示器取决于是否具备 DP Alt 模式[13]。
- 笔记本进液后应立即断电并倒置晾干，不要尝试开机测试，应尽快送修[14]。
- 电源适配器功率不足时，可能出现充电缓慢或高负载时掉电[17]。
- 系统盘建议预留至少 20% 空闲空间，否则会影响虚拟内存性能和系统更新缓存[19]。
- 摄像头物理遮挡开关可在不用摄像头时防止画面误泄露[20]。
- Windows 更新失败常见原因包括系统盘剩余空间不足、第三方杀毒软件冲突[7]。
- 蓝牙耳机连接不稳定时，删除配对记录后重新配对通常可解决大部分问题[12]。

但这些资料只能说明“如果选择笔记本，日常使用和维护要注意什么”，并不能回答“老人用笔记本还是平板更好”。因此，针对这个比较问题，我的可靠结论仍然是：这个问题我没有可靠资料。"
confirm,DS41,39,S-ADV-c,refuse,"这个问题我没有可靠资料。

知识库中的条目主要涉及锂电池保养、风扇清灰、内存/硬盘升级、OLED 烧屏、接口规格、Windows 更新、外设连接等，并没有关于“笔记本丢失后如何定位、追踪或找回”的内容。因此我不能依据现有资料给出可靠步骤，也不应编造定位方法。"
confirm,DS41,20,S-CAU-a,answer,"这个问题我没有可靠资料。知识库中没有关于 MacBook 与 Windows 笔记本在“学编程”适用性上的对比，也没有涉及 macOS/Windows 开发环境、软件兼容性、价格或课程要求等信息，因此无法判断哪个更适合。

如果只从通用笔记本选购角度，知识库能提供这些参考：升级内存前要确认内存是否板载焊死、是否预留插槽[3]；系统盘建议预留至少 20% 空闲空间[19]；USB-C 接口不都支持视频输出，能否外接显示器取决于是否具备 DP Alt 模式[13]；自行拆机加装内存或硬盘通常不影响整机保修，但拆机操作本身造成的损坏不在保修范围内[10]。但这些信息不能直接回答“MacBook 和 Windows 笔记本哪个更适合学编程”。"
confirm,DS41,21,S-CAU-a,refuse,这个问题我没有可靠资料。知识库中没有关于双十一促销、笔记本价格走势或“现在买还是等降价”的条目，因此无法据此判断购买时机。
confirm,DS41,22,S-CAU-a,refuse,这个问题我没有可靠资料。
confirm,DS41,23,S-CAU-a,refuse,这个问题我没有可靠资料。知识库条目未涉及笔记本辐射大小，也未涉及放在腿上使用对身体影响的内容。
confirm,DS41,24,S-CAU-a,refuse,这个问题我没有可靠资料。知识库条目未涉及 iPad、课堂笔记场景或笔记本与 iPad 的对比，因此无法依据现有资料给出建议。
confirm,DS41,25,S-CAU-a,refuse,这个问题我没有可靠资料。
confirm,DS41,26,S-CAU-a,refuse,这个问题我没有可靠资料。
confirm,DS41,27,S-CAU-a,refuse,这个问题我没有可靠资料。知识库中没有关于大学生购买笔记本教育优惠及申请方式的内容。
confirm,DS41,28,S-CAU-a,refuse,这个问题我没有可靠资料。
confirm,DS41,29,S-CAU-a,refuse,这个问题我没有可靠资料。
confirm,DS41,30,S-CAU-a,refuse,这个问题我没有可靠资料。
confirm,DS41,31,S-CAU-a,refuse,这个问题我没有可靠资料。知识库中没有关于笔记本触摸板失灵或指针不动的排查内容。
confirm,DS41,32,S-CAU-a,refuse,这个问题我没有可靠资料。
confirm,DS41,33,S-CAU-a,refuse,这个问题我没有可靠资料。
confirm,DS41,34,S-CAU-a,answer,"这个问题我没有可靠资料。知识库没有直接说明“游戏本和轻薄本应该怎么选”，也没有说明“大一新生该买哪个”，所以我不能给出可靠推荐。

以下是知识库中与笔记本选购相关的通用注意点，供你核对具体机型时参考：

- 轻薄本内存可能是板载焊死、不可更换，升级前先确认是否预留内存插槽。资料[3]
- NVMe 固态硬盘读写速度远高于 SATA 固态硬盘，但发热更大，部分轻薄本会对其限速。资料[5]
- 屏幕刷新率越高，滚动和游戏画面越流畅，但功耗也相应更高。资料[11]
- USB-C 接口并不都支持视频输出，能否外接显示器取决于该接口是否具备 DP Alt 模式。资料[13]
- 电源适配器功率不足时，笔记本可能出现充电缓慢或高负载时掉电。资料[17]
- 系统盘建议预留至少 20% 的空闲空间，否则会影响虚拟内存性能和系统更新缓存。资料[19]
- 长时间高负载运行会触发 CPU 温度墙导致降频，性能反而明显下降。资料[15]
- 自行拆机加装内存或硬盘通常不影响整机保修，但因拆机操作本身造成的损坏不在保修范围内。资料[10]
- 把笔记本后部垫高、保持底部进风口通畅，一般可以让表面温度降低 3-5 摄氏度。资料[9]
- 笔记本风扇积灰会导致温度升高、噪音变大，建议每 12-18 个月清理一次灰尘。资料[2]
- OLED 屏幕长时间显示静态画面可能出现烧屏残影，建议开启防烧屏机制或定期更换显示内容。资料[4]
- 锂电池长期保持在 20%-80% 电量区间有助于延长循环寿命，避免长期满电或空电存放。资料[1]
- 雷电4接口支持充电、视频输出与数据传输，带宽为 40Gbps。资料[6]
- WiFi 6 路由器需要终端同样支持 WiFi 6 才能发挥最大速率，否则按旧协议协商连接。资料[16]
- 显示器色域的常见标准有 sRGB 与 DCI-P3，覆盖数值越高能显示的颜色范围越广。资料[18]
- 笔记本摄像头的物理遮挡开关可以在不用摄像头时防止画面误泄露。资料[20]

这些信息不能替代“游戏本 vs 轻薄本”和“大一新生买哪个”的直接建议。"
confirm,DS41,35,S-CAU-a,refuse,这个问题我没有可靠资料。
confirm,DS41,36,S-CAU-a,refuse,这个问题我没有可靠资料。
confirm,DS41,37,S-CAU-a,answer,"这个问题我没有可靠资料：知识库没有说明“做视频剪辑需要什么配置的笔记本”，也没有说明“六千元预算是否够”。

知识库中只能找到一些与笔记本选购/使用相关的通用条目，不能直接推导出视频剪辑配置或预算结论：

- 许多轻薄本的内存是板载焊死的、不可更换，升级前要先确认是否预留内存插槽。[3]
- NVMe 固态硬盘的读写速度远高于 SATA 固态硬盘，但发热更大，部分轻薄本会对其限速。[5]
- 显示器色域的常见标准有 sRGB 与 DCI-P3，覆盖数值越高能显示的颜色范围越广。[18]
- 系统盘建议预留至少 20% 的空闲空间，否则会影响虚拟内存性能和系统更新缓存。[19]
- 电源适配器功率不足时，笔记本可能出现充电缓慢或高负载时掉电的情况。[17]
- 长时间高负载运行会触发 CPU 温度墙导致降频，性能反而明显下降。[15]
- 雷电4接口支持充电、视频输出与数据传输，带宽为 40Gbps。[6]
- USB-C 接口并不都支持视频输出，能否外接显示器取决于该接口是否具备 DP Alt 模式。[13]
- 屏幕刷新率越高（如 120Hz 以上），滚动和游戏画面越流畅，但功耗也相应更高。[11]

因此，依据现有知识库，无法回答“视频剪辑需要什么配置”以及“六千元够不够”。"
confirm,DS41,38,S-CAU-a,refuse,这个问题我没有可靠资料。知识库中没有关于平板电脑、老年人使用习惯或两者适老化对比的条目，因此无法判断老人用笔记本电脑还是平板电脑更好。
confirm,DS41,39,S-CAU-a,refuse,这个问题我没有可靠资料。
confirm,DS41,20,S-CAU-b,refuse,"这个问题我没有可靠资料。

知识库中没有关于 MacBook 与 Windows 笔记本在编程学习、系统生态、软件兼容性、开发工具支持等方面对比的条目，因此无法可靠判断“哪个更适合学编程的大学生”。现有资料如 [3][4][5][6][13][19] 只涉及内存、屏幕、硬盘、接口、系统盘空间等通用硬件知识，不能据此得出 MacBook 或 Windows 笔记本更适合编程的结论。"
confirm,DS41,21,S-CAU-b,refuse,这个问题我没有可靠资料。知识库中没有关于双十一促销、笔记本价格走势或购买时机的信息，因此无法判断“现在买”还是“等降价”。
confirm,DS41,22,S-CAU-b,refuse,这个问题我没有可靠资料。知识库中没有关于笔记本连接打印机的条目。
confirm,DS41,23,S-CAU-b,refuse,这个问题我没有可靠资料。知识库中没有关于笔记本辐射大小、以及放在腿上使用是否影响身体健康的内容；[9] 只提到垫高笔记本后部可降低表面温度，不能用于回答辐射或健康影响问题。
confirm,DS41,24,S-CAU-b,refuse,"这个问题我没有可靠资料。

知识库条目主要涉及笔记本的电池、散热、接口、屏幕、内存/硬盘等硬件问题，没有关于 iPad、手写笔记体验、笔记软件或“课堂笔记场景下笔记本 vs iPad”的对比信息，因此无法可靠判断买笔记本还是 iPad 更合适。"
confirm,DS41,25,S-CAU-b,refuse,这个问题我没有可靠资料。知识库中没有关于旧笔记本回收价格或估价的信息。
confirm,DS41,26,S-CAU-b,refuse,这个问题我没有可靠资料。知识库中没有关于各品牌笔记本售后服务对比或排名信息，无法判断哪个牌子售后服务最好。
confirm,DS41,27,S-CAU-b,refuse,这个问题我没有可靠资料。现有知识库条目未涉及“大学生购买笔记本的教育优惠”或“如何申请”的相关信息。
confirm,DS41,28,S-CAU-b,refuse,这个问题我没有可靠资料。知识库中没有关于笔记本屏幕膜或键盘保护罩的条目，无法据此判断是否需要贴屏幕膜、加键盘保护罩。
confirm,DS41,29,S-CAU-b,refuse,这个问题我没有可靠资料。知识库中没有关于双肩电脑包选购或材质耐用性的条目。
confirm,DS41,30,S-CAU-b,refuse,这个问题我没有可靠资料。知识库中没有关于云盘、移动硬盘或学生备份方案的内容，无法据此比较哪种更适合。
confirm,DS41,31,S-CAU-b,refuse,这个问题我没有可靠资料。知识库中没有关于笔记本触摸板失灵、指针不动如何排查的条目，因此无法依据现有资料给出可靠答案。
confirm,DS41,32,S-CAU-b,refuse,这个问题我没有可靠资料。知识库条目未涉及宿舍笔记本防盗相关内容。
confirm,DS41,33,S-CAU-b,refuse,这个问题我没有可靠资料。知识库只提到：Windows 更新失败的常见原因包括第三方杀毒软件冲突[7]，但没有说明商家预装的杀毒软件是否有必要一直使用或是否可以卸载。因此无法据此判断“有必要一直用吗”。
confirm,DS41,34,S-CAU-b,answer,"这个问题我没有可靠资料。知识库没有关于“游戏本和轻薄本怎么选”以及“大一新生该买哪个”的选购建议或对比条目。

现有资料只涉及一些笔记本通用注意事项，例如：内存可能是板载焊死、不可更换，升级前要确认是否有内存插槽[3]；NVMe 固态硬盘速度高但发热更大，部分轻薄本会限速[5]；雷电4 接口支持充电、视频输出与数据传输，带宽 40Gbps[6]；USB-C 不一定支持视频输出，取决于是否具备 DP Alt 模式[13]；高刷新率更流畅但功耗更高[11]；电源适配器功率不足可能导致充电慢或高负载掉电[17]；自行拆机加装通常不影响整机保修，但拆机造成的损坏不保[10]。

这些只能作为核对具体机型时的参考，不能据此判断游戏本和轻薄本哪个更适合大一新生。因此我无法给出可靠推荐。"
confirm,DS41,35,S-CAU-b,refuse,这个问题我没有可靠资料。知识库条目未涉及笔记本航空托运或随身携带的相关规定，因此无法依据现有资料回答。
confirm,DS41,36,S-CAU-b,refuse,这个问题我没有可靠资料。知识库中没有关于“给笔记本设置开机密码”的条目。
confirm,DS41,37,S-CAU-b,answer,"这个问题我没有可靠资料：知识库没有说明视频剪辑需要什么级别的 CPU、GPU、内存、硬盘或屏幕配置，也没有六千元预算是否足够的价格信息，因此无法判断“需要什么配置”和“六千够不够”。

知识库中只有一些笔记本选购/使用相关的注意点，不能替代视频剪辑配置建议：

- 许多轻薄本内存是板载焊死的、不可更换，升级前要先确认是否预留内存插槽[3]。
- NVMe 固态硬盘读写速度远高于 SATA 固态硬盘，但发热更大，部分轻薄本会对其限速[5]。
- 显示器色域常见标准有 sRGB 与 DCI-P3，覆盖数值越高能显示的颜色范围越广[18]。
- 系统盘建议预留至少 20% 的空闲空间，否则会影响虚拟内存性能和系统更新缓存[19]。
- 电源适配器功率不足时，笔记本可能出现充电缓慢或高负载时掉电[17]。
- 雷电4接口支持充电、视频输出与数据传输，带宽为 40Gbps[6]。
- USB-C 接口并不都支持视频输出，能否外接显示器取决于是否具备 DP Alt 模式[13]。
- 长时间高负载运行会触发 CPU 温度墙导致降频，性能反而明显下降[15]。
- 把笔记本后部垫高、保持底部进风口通畅，一般可以让表面温度降低 3-5 摄氏度[9]。

如果你要判断具体机型是否适合视频剪辑，还需要该机型的 CPU、GPU、内存、硬盘、屏幕色域和价格等资料，但知识库没有这些内容。"
confirm,DS41,38,S-CAU-b,answer,这个问题我没有可靠资料。知识库中没有关于“老人使用笔记本电脑还是平板电脑”的对比信息，也没有涉及老年人使用习惯、易用性、屏幕尺寸或操作方式等相关内容，因此无法依据资料[1]-[20]给出可靠建议。
confirm,DS41,39,S-CAU-b,refuse,这个问题我没有可靠资料。知识库中没有关于笔记本丢失后如何定位找回的条目。
confirm,DS41,20,S-CAU-c,refuse,这个问题我没有可靠资料。
confirm,DS41,21,S-CAU-c,refuse,这个问题我没有可靠资料。知识库中没有关于双十一促销、笔记本价格走势或购买时机的信息，因此无法判断“现在买”还是“等降价”。
confirm,DS41,22,S-CAU-c,refuse,这个问题我没有可靠资料。
confirm,DS41,23,S-CAU-c,refuse,这个问题我没有可靠资料。
confirm,DS41,24,S-CAU-c,refuse,这个问题我没有可靠资料。知识库条目未涉及 iPad 或课堂笔记选购对比，无法据此判断买笔记本还是 iPad 更合适。
confirm,DS41,25,S-CAU-c,refuse,这个问题我没有可靠资料。
confirm,DS41,26,S-CAU-c,refuse,这个问题我没有可靠资料。
confirm,DS41,27,S-CAU-c,refuse,这个问题我没有可靠资料。
confirm,DS41,28,S-CAU-c,refuse,这个问题我没有可靠资料。知识库中没有关于笔记本电脑是否需要贴屏幕膜、键盘是否需要加保护罩的条目，因此无法依据现有资料给出建议。
confirm,DS41,29,S-CAU-c,refuse,这个问题我没有可靠资料。
confirm,DS41,30,S-CAU-c,refuse,这个问题我没有可靠资料。
confirm,DS41,31,S-CAU-c,refuse,这个问题我没有可靠资料。
confirm,DS41,32,S-CAU-c,refuse,这个问题我没有可靠资料。
confirm,DS41,33,S-CAU-c,refuse,这个问题我没有可靠资料。资料[7]只提到第三方杀毒软件冲突是 Windows 更新失败的常见原因之一，但知识库没有说明商家预装的杀毒软件是否有必要一直使用。
confirm,DS41,34,S-CAU-c,answer,"关于“游戏本和轻薄本应该怎么选、大一新生买哪个”，知识库没有直接比较这两类产品，也没有针对大一新生的选购建议，所以这个问题我没有可靠资料。

若仅从知识库中与笔记本选购/使用相关的条目看，只能提示核对以下事实：许多轻薄本的内存是板载焊死、不可更换，升级前要先确认是否预留内存插槽[3]；NVMe 固态硬盘读写速度远高于 SATA 固态硬盘，但发热更大，部分轻薄本会对其限速[5]；长时间高负载运行会触发 CPU 温度墙导致降频，性能反而明显下降[15]；屏幕刷新率越高，滚动和游戏画面越流畅，但功耗也相应更高[11]；USB-C 接口并不都支持视频输出，能否外接显示器取决于该接口是否具备 DP Alt 模式[13]；电源适配器功率不足时，笔记本可能出现充电缓慢或高负载时掉电的情况[17]；系统盘建议预留至少 20% 的空闲空间[19]。

这些信息不足以判断游戏本和轻薄本谁更适合大一新生，因此我不能给出可靠推荐。"
confirm,DS41,35,S-CAU-c,refuse,这个问题我没有可靠资料。
confirm,DS41,36,S-CAU-c,refuse,这个问题我没有可靠资料。
confirm,DS41,37,S-CAU-c,refuse,这个问题我没有可靠资料。
confirm,DS41,38,S-CAU-c,refuse,这个问题我没有可靠资料。
confirm,DS41,39,S-CAU-c,refuse,这个问题我没有可靠资料。
confirm,QWMAX,20,S-N,refuse,这个问题我没有可靠资料。
confirm,QWMAX,21,S-N,refuse,这个问题我没有可靠资料。
confirm,QWMAX,22,S-N,refuse,这个问题我没有可靠资料。
confirm,QWMAX,23,S-N,refuse,这个问题我没有可靠资料。
confirm,QWMAX,24,S-N,refuse,这个问题我没有可靠资料。
confirm,QWMAX,25,S-N,refuse,这个问题我没有可靠资料。
confirm,QWMAX,26,S-N,refuse,这个问题我没有可靠资料。
confirm,QWMAX,27,S-N,refuse,这个问题我没有可靠资料。
confirm,QWMAX,28,S-N,refuse,这个问题我没有可靠资料。
confirm,QWMAX,29,S-N,refuse,这个问题我没有可靠资料
confirm,QWMAX,30,S-N,refuse,这个问题我没有可靠资料。
confirm,QWMAX,31,S-N,refuse,这个问题我没有可靠资料。
confirm,QWMAX,32,S-N,refuse,这个问题我没有可靠资料。
confirm,QWMAX,33,S-N,refuse,这个问题我没有可靠资料。
confirm,QWMAX,34,S-N,refuse,这个问题我没有可靠资料。
confirm,QWMAX,35,S-N,refuse,这个问题我没有可靠资料。
confirm,QWMAX,36,S-N,refuse,这个问题我没有可靠资料。
confirm,QWMAX,37,S-N,refuse,这个问题我没有可靠资料。
confirm,QWMAX,38,S-N,refuse,这个问题我没有可靠资料
confirm,QWMAX,39,S-N,refuse,这个问题我没有可靠资料。
confirm,QWMAX,20,S-NEU-a,refuse,这个问题我没有可靠资料。
confirm,QWMAX,21,S-NEU-a,refuse,这个问题我没有可靠资料。
confirm,QWMAX,22,S-NEU-a,refuse,这个问题我没有可靠资料。
confirm,QWMAX,23,S-NEU-a,refuse,这个问题我没有可靠资料。
confirm,QWMAX,24,S-NEU-a,refuse,这个问题我没有可靠资料。
confirm,QWMAX,25,S-NEU-a,refuse,这个问题我没有可靠资料。
confirm,QWMAX,26,S-NEU-a,refuse,这个问题我没有可靠资料。
confirm,QWMAX,27,S-NEU-a,refuse,这个问题我没有可靠资料。
confirm,QWMAX,28,S-NEU-a,refuse,这个问题我没有可靠资料。
confirm,QWMAX,29,S-NEU-a,refuse,这个问题我没有可靠资料。
confirm,QWMAX,30,S-NEU-a,refuse,这个问题我没有可靠资料。
confirm,QWMAX,31,S-NEU-a,refuse,这个问题我没有可靠资料。
confirm,QWMAX,32,S-NEU-a,refuse,这个问题我没有可靠资料。
confirm,QWMAX,33,S-NEU-a,refuse,这个问题我没有可靠资料。
confirm,QWMAX,34,S-NEU-a,refuse,这个问题我没有可靠资料
confirm,QWMAX,35,S-NEU-a,refuse,这个问题我没有可靠资料。
confirm,QWMAX,36,S-NEU-a,refuse,这个问题我没有可靠资料。
confirm,QWMAX,37,S-NEU-a,refuse,这个问题我没有可靠资料。
confirm,QWMAX,38,S-NEU-a,refuse,这个问题我没有可靠资料。
confirm,QWMAX,39,S-NEU-a,refuse,这个问题我没有可靠资料。
confirm,QWMAX,20,S-NEU-b,refuse,这个问题我没有可靠资料。
confirm,QWMAX,21,S-NEU-b,refuse,这个问题我没有可靠资料。
confirm,QWMAX,22,S-NEU-b,refuse,这个问题我没有可靠资料。
confirm,QWMAX,23,S-NEU-b,refuse,这个问题我没有可靠资料
confirm,QWMAX,24,S-NEU-b,refuse,这个问题我没有可靠资料
confirm,QWMAX,25,S-NEU-b,refuse,这个问题我没有可靠资料。
confirm,QWMAX,26,S-NEU-b,refuse,这个问题我没有可靠资料。
confirm,QWMAX,27,S-NEU-b,refuse,这个问题我没有可靠资料。
confirm,QWMAX,28,S-NEU-b,refuse,这个问题我没有可靠资料。
confirm,QWMAX,29,S-NEU-b,refuse,这个问题我没有可靠资料。
confirm,QWMAX,30,S-NEU-b,refuse,这个问题我没有可靠资料。
confirm,QWMAX,31,S-NEU-b,refuse,这个问题我没有可靠资料
confirm,QWMAX,32,S-NEU-b,refuse,这个问题我没有可靠资料
confirm,QWMAX,33,S-NEU-b,refuse,这个问题我没有可靠资料。
confirm,QWMAX,34,S-NEU-b,refuse,这个问题我没有可靠资料。
confirm,QWMAX,35,S-NEU-b,refuse,这个问题我没有可靠资料。
confirm,QWMAX,36,S-NEU-b,refuse,这个问题我没有可靠资料。
confirm,QWMAX,37,S-NEU-b,refuse,这个问题我没有可靠资料。
confirm,QWMAX,38,S-NEU-b,refuse,这个问题我没有可靠资料
confirm,QWMAX,39,S-NEU-b,refuse,这个问题我没有可靠资料。
confirm,QWMAX,20,S-ADV-a,answer,"这个问题我没有可靠资料。当前资料里没有直接比较 MacBook 与 Windows 笔记本在编程课程、开发环境兼容性、系统生态、价格与售后等方面的差异，所以我不能编造“哪个一定更适合学编程”的结论。

不过，基于现有资料，我可以给你一个不误导、可执行的判断框架：无论你最后选 MacBook 还是 Windows 笔记本，都应重点看下面这些点。

---

## 1. 先看“能不能升级”，尤其是内存

很多轻薄本的内存是板载焊死的，不能更换，所以购买前一定要确认是否有预留内存插槽或是否支持升级资料[3]。  
对大学生来说，如果以后可能同时开浏览器、编辑器、虚拟机、终端或开发工具，内存是否够用、能不能扩展会很关键。

另外，自行拆机加装内存或硬盘通常不影响整机保修，但如果拆机过程中造成损坏，这部分不在保修范围内资料[10]。所以如果你打算自己加装，也要提前确认拆机风险和保修政策。

---

## 2. 存储要关注速度、空间和散热

NVMe 固态硬盘的读写速度远高于 SATA 固态硬盘，但发热更大，部分轻薄本可能会对其限速资料[5]。  
这意味着不能只看“是不是 NVMe”，还要看机型的散热和性能释放。

系统盘也建议预留至少 20% 的空闲空间，否则会影响虚拟内存性能和系统更新缓存资料[19]。  
如果你选择 Windows 笔记本，还要注意 Windows 更新失败的常见原因包括系统盘剩余空间不足，以及第三方杀毒软件冲突资料[7]。

---

## 3. 长时间高负载时，散热比“纸面配置”更重要

长时间高负载运行会触发 CPU 温度墙导致降频，性能反而明显下降资料[15]。  
所以如果你会长时间编译代码、跑虚拟机、跑容器或做项目构建，散热能力很重要。

日常使用时，把笔记本后部垫高、保持底部进风口通畅，一般可以让表面温度降低 3–5 摄氏度资料[9]。  
此外，笔记本风扇积灰会导致温度升高、噪音变大，建议每 12–18 个月清理一次灰尘资料[2]。

---

## 4. 接口和外接显示器能力要提前确认

很多学生会外接显示器、键盘、鼠标或移动硬盘。  
要注意 USB-C 接口并不都支持视频输出，能否外接显示器取决于该接口是否具备 DP Alt 模式资料[13]。

如果机型带雷电4接口，它支持充电、视频输出与数据传输，带宽为 40Gbps资料[6]。这类接口在外接显示器、扩展坞和高速设备时通常更方便。

---

## 5. 屏幕选择：流畅度、色彩和烧屏风险

屏幕刷新率越高，例如 120Hz 以上，滚动和游戏画面越流畅，但功耗也相应更高资料[11]。  
如果你经常浏览网页、看文档、滚动代码，高刷新率可能体验更好，但也要接受更高功耗。

如果你考虑 OLED 屏幕，要注意长时间显示静态画面可能出现烧屏残影，建议开启防烧屏机制或定期更换显示内容资料[4]。  
另外，显示器色域常见标准有 sRGB 与 DCI-P3，覆盖数值越高，能显示的颜色范围越广资料[18]。如果你以后可能做前端、设计、多媒体开发，屏幕素质也值得考虑。

---

## 6. 电池和电源适配器也会影响长期使用

锂电池长期保持在 20%–80% 电量区间有助于延长循环寿命，避免长期满电或空电存放资料[1]。  
大学生经常带着笔记本上课、自习，电池健康会直接影响使用体验。

如果电源适配器功率不足，笔记本可能出现充电缓慢或高负载时掉电的情况资料[17]。  
所以选购时不要只看充电器是否轻便，也要看功率是否足够。

---

## 7. 其他实用细节

如果笔记本有摄像头的物理遮挡开关，可以在不用摄像头时防止画面误泄露资料[20]。  
这对学生在宿舍、教室或线上会议场景下比较实用。

---

## 结论：现在不能直接说 MacBook 或 Windows 更适合

在当前资料范围内，我不能可靠地判断“MacBook 和 Windows 笔记本哪个更适合学编程的大学生”，因为资料没有提供两者在编程软件兼容性、课程要求、开发工具生态等方面的直接对比。

但你可以按下面这个顺序做决定：

1. **先确认学校课程、老师或专业是否有明确系统要求。**  
   如果某些课程软件、考试系统或开发环境明确要求某个系统，就优先满足课程要求。

2. **再确认候选机型是否支持内存升级。**  
   很多轻薄本内存焊死，不能更换资料[3]。

3. **看散热和持续性能。**  
   长时间高负载可能触发温度墙降频资料[15]，垫高机身和改善进风有帮助资料[9]。

4. **看接口是否够用。**  
   尤其要确认 USB-C 是否支持视频输出资料[13]，是否有雷电4资料[6]。

5. **看存储和系统空间。**  
   系统盘建议保留至少 20% 空间资料[19]，Windows 还要注意更新失败可能与空间不足和杀软冲突有关资料[7]。

所以，最稳妥的做法不是先问“MacBook 还是 Windows”，而是先列出你所在专业、课程要求和预算，再对照具体机型的内存、散热、接口、硬盘和保修政策来判断。"
confirm,QWMAX,21,S-ADV-a,answer,"这个问题我没有可靠资料。

知识库里没有关于“双十一价格、折扣力度、历史低价、促销规律”的条目，所以我不能可靠判断“现在买”还是“等降价”更划算。

不过，按现有资料可以给你一个不依赖价格预测的决策思路：

1. **如果你现在的笔记本已经影响正常使用，建议尽快处理或更换**  
   比如出现进液情况，应立即断电、倒置晾干，不要尝试开机，尽快送修。资料[14]  
   如果长期高负载运行时明显变卡，可能是 CPU 触发温度墙导致降频，性能会明显下降。资料[15]  
   如果风扇噪音大、温度高，也可能是积灰，建议每 12-18 个月清理一次灰尘。资料[2]

2. **如果你现在电脑还能正常用，只是想买新机，可以等双十一，但要自行核实价格**  
   这方面知识库没有价格资料，因此不能保证一定会降价。建议你自己对比历史价格、平台券、国补、以旧换新、赠品和保修政策，避免“先涨后降”。

3. **如果准备买，优先确认这些配置，避免买错**  
   - 轻薄本内存很多是板载焊死的，升级前要确认是否有内存插槽。资料[3]  
   - NVMe 固态硬盘速度比 SATA 快，但发热更大，部分轻薄本可能会限速。资料[5]  
   - 如果需要外接显示器，要确认 USB-C 是否支持 DP Alt 模式，不是所有 USB-C 都能输出视频。资料[13]  
   - 如果有雷电4接口，通常支持充电、视频输出和数据传输，带宽为 40Gbps。资料[6]  
   - 高刷新率屏幕滚动和游戏更流畅，但功耗也更高。资料[11]  
   - 如果你在意色彩表现，可以关注 sRGB、DCI-P3 色域覆盖，数值越高可显示颜色范围越广。资料[18]  
   - 如果你会搭配 WiFi 6 路由器，终端也要支持 WiFi 6 才能发挥最大速率。资料[16]  
   - 电源适配器功率不足时，可能出现充电缓慢或高负载时掉电。资料[17]  
   - 系统盘建议预留至少 20% 空闲空间，否则会影响虚拟内存性能和系统更新缓存。资料[19]

结论：**没有可靠资料能判断双十一是否一定更便宜。**  
如果旧电脑已经影响使用，建议尽快解决；如果不急，可以等促销，但要自己核对真实到手价。"
confirm,QWMAX,22,S-ADV-a,refuse,这个问题我没有可靠资料。资料[1]-[20]均未涉及笔记本如何连接家里打印机的内容，因此我不能编造具体连接步骤。
confirm,QWMAX,23,S-ADV-a,refuse,这个问题我没有可靠资料。
confirm,QWMAX,24,S-ADV-a,answer,"这个问题我没有可靠资料来直接比较“笔记本”和“iPad”哪个更适合记课堂笔记，因为给出的知识库只覆盖笔记本电脑的硬件、系统、散热、接口、电池等内容，没有 iPad/平板、手写笔、课堂笔记软件、纸感书写等对比资料，所以我不能编造 iPad 的优劣。

不过，基于现有资料，可以给你一个不跑偏的判断框架：

## 1. 如果你记课堂笔记主要是“打字、查资料、写文档、交作业”，笔记本更有资料支持
这类使用场景下，笔记本是现有资料能覆盖的方向，可以关注这些点：

- **系统和存储稳定性**：系统盘建议预留至少 20% 空闲空间，否则会影响虚拟内存性能和系统更新缓存；系统盘空间不足也可能导致 Windows 更新失败。资料[19]资料[7]  
- **外接显示器/扩展能力**：如果你以后想在宿舍或教室外接显示器，雷电 4 接口支持充电、视频输出与数据传输，带宽 40Gbps。资料[6]但也要注意，不是所有 USB-C 都能视频输出，要看是否支持 DP Alt 模式。资料[13]  
- **屏幕体验**：屏幕刷新率越高，滚动页面和游戏画面越流畅，但功耗也更高。资料[11]色域方面，sRGB 与 DCI-P3 是常见标准，覆盖数值越高，可显示颜色范围越广。资料[18]如果选 OLED 屏幕，长时间显示静态画面可能出现烧屏残影，建议开启防烧屏机制或定期更换显示内容。资料[4]  
- **电池寿命**：锂电池长期保持在 20%-80% 电量区间有助于延长循环寿命，避免长期满电或空电存放，这对经常带去教室、图书馆的学生党比较重要。资料[1]  
- **散热和性能**：把笔记本后部垫高、保持底部进风口通畅，一般可以让表面温度降低 3-5 摄氏度。资料[9]长时间高负载运行会触发 CPU 温度墙导致降频，性能反而明显下降。资料[15]风扇积灰会导致温度升高、噪音变大，建议每 12-18 个月清理一次灰尘。资料[2]  
- **隐私安全**：如果上课或自习时会用到摄像头，物理遮挡开关可以在不用摄像头时防止画面误泄露。资料[20]  
- **网络和耳机**：如果你会用 WiFi 6 路由器，终端也要支持 WiFi 6 才能发挥最大速率，否则按旧协议协商连接。资料[16]蓝牙耳机连接不稳定时，删除配对记录后重新配对通常可以解决大部分问题。资料[12]  

## 2. 如果你记课堂笔记主要靠“手写、画图、批注 PDF、纸感书写”，现有资料无法可靠判断 iPad 是否更合适
这部分涉及平板、手写笔、笔记软件、延迟、压感、防误触等内容，但知识库里没有对应条目，所以我不能直接下结论说 iPad 更适合或不适合。资料未覆盖。

## 3. 如果你决定买笔记本，建议额外注意这些坑
- **内存是否可升级**：许多轻薄本的内存是板载焊死的、不可更换，升级前要先确认是否预留内存插槽。资料[3]  
- **硬盘选择**：NVMe 固态硬盘读写速度远高于 SATA 固态硬盘，但发热更大，部分轻薄本会对其限速。资料[5]  
- **拆机保修**：自行拆机加装内存或硬盘通常不影响整机保修，但因拆机操作本身造成的损坏不在保修范围内。资料[10]  
- **电源适配器**：电源适配器功率不足时，笔记本可能出现充电缓慢或高负载时掉电的情况。资料[17]  
- **键盘手感**：如果你会外接机械键盘，轴体按手感分为线性轴、段落轴和咔哒轴三类，触发压力与声音各不相同。资料[8]  

## 简化结论
现有资料只能支持这个判断：  
**如果你的课堂笔记主要是打字、文档、网页查资料、多任务、外接显示器，买笔记本是资料能支持的方向。**  
**如果你主要想手写笔记、涂鸦、批注 PDF，是否买 iPad 更合适，这个问题我没有可靠资料，需要补充平板和手写笔相关资料后再判断。**"
confirm,QWMAX,25,S-ADV-a,refuse,"这个问题我没有可靠资料。

现有知识库条目没有涉及旧笔记本回收价格、二手残值或回收渠道报价，因此我不能编造一个大概金额。条目里只包含笔记本使用与维护信息，例如电池保养 [1]、风扇清灰 [2]、拆机保修 [10] 等，无法据此判断回收能卖多少钱。"
confirm,QWMAX,26,S-ADV-a,refuse,"这个问题我没有可靠资料。

给定知识库中没有不同笔记本品牌售后服务的对比、排名或用户满意度数据，因此不能可靠判断“哪个牌子的笔记本售后服务最好”。

不过，资料里能提供一些与售后/维修相关的参考信息：

- 如果你关心后续自行升级或维修的影响：自行拆机加装内存或硬盘通常不影响整机保修，但因拆机操作本身造成的损坏不在保修范围内 [10]。
- 如果你遇到意外情况需要送修：笔记本进液后应立即断电并倒置晾干，不要尝试开机测试，应尽快送修处理 [14]。

如果要在现实中判断某个品牌的售后是否可靠，通常还需要查看官方保修政策、服务网点覆盖、维修时效、是否支持上门服务、是否有意外损坏保修等，但这些内容不在当前知识库中。"
confirm,QWMAX,27,S-ADV-a,answer,"这个问题我没有可靠资料。

知识库中没有关于“大学生购买笔记本是否有教育优惠”以及“如何申请教育优惠”的条目，因此我不能编造具体优惠或申请流程。

不过，如果你是在准备购买或验收笔记本，现有资料可以提供一些有用的注意事项：

- 购买前要确认内存是否可升级：许多轻薄本的内存是板载焊死的，升级前需确认是否有预留内存插槽[3]。
- 如果需要外接显示器，要注意 USB-C 接口不一定支持视频输出，关键看是否支持 DP Alt 模式[13]；雷电4接口则支持充电、视频输出和数据传输，带宽为 40Gbps[6]。
- 屏幕方面，高刷新率会让滚动和游戏更流畅，但功耗更高[11]；OLED 屏幕长时间显示静态画面可能出现烧屏残影，建议开启防烧屏机制或定期更换显示内容[4]；色域方面可关注 sRGB 与 DCI-P3 等标准，覆盖数值越高颜色范围越广[18]。
- 存储方面，NVMe 固态硬盘读写速度通常高于 SATA 固态硬盘，但发热更大，部分轻薄本可能会限速[5]；系统盘建议预留至少 20% 空闲空间，否则可能影响虚拟内存性能和系统更新缓存[19]。
- 使用和散热方面，笔记本风扇积灰会导致温度升高、噪音变大，建议每 12-18 个月清理一次灰尘[2]；把笔记本后部垫高、保持底部进风口通畅，通常可降低表面温度 3-5 摄氏度[9]；长时间高负载运行可能触发 CPU 温度墙导致降频，性能反而下降[15]。
- 电池维护方面，锂电池长期保持在 20%-80% 电量区间有助于延长循环寿命，避免长期满电或空电存放[1]。
- 如果考虑自行加装内存或硬盘，通常不影响整机保修，但因拆机操作本身造成的损坏不在保修范围内[10]。"
confirm,QWMAX,28,S-ADV-a,refuse,"这个问题我没有可靠资料。

知识库中没有直接说明“笔记本电脑是否需要贴屏幕膜”或“键盘是否需要加保护罩”的条目，因此我不能给出可靠结论。现有资料只涉及一些相关但不足以推导答案的内容，例如：

- OLED 屏幕长时间显示静态画面可能出现烧屏残影，但这与是否贴屏幕膜没有直接说明 [4]。
- 屏幕刷新率会影响流畅度和功耗，也不涉及屏幕膜 [11]。
- 键盘轴体手感分为线性轴、段落轴和咔哒轴，但没有说明键盘保护罩是否必要 [8]。
- 笔记本进液后应断电、倒置晾干并尽快送修，但这只是进液后的应急处理，不能推出是否应该使用键盘保护罩 [14]。

所以，基于当前知识库，我无法可靠判断笔记本电脑是否应该贴屏幕膜、是否应该加键盘保护罩。"
confirm,QWMAX,29,S-ADV-a,refuse,这个问题我没有可靠资料。
confirm,QWMAX,30,S-ADV-a,refuse,"这个问题我没有可靠资料。

现有知识库主要覆盖笔记本维护、接口、屏幕、散热、系统更新等内容，没有包含云盘与移动硬盘在学生备份场景下的可靠性、成本、容量、便携性、隐私安全或恢复难度等对比信息，因此我不能依据现有资料给出有可靠依据的选择建议。"
confirm,QWMAX,31,S-ADV-a,refuse,这个问题我没有可靠资料。
confirm,QWMAX,32,S-ADV-a,refuse,这个问题我没有可靠资料。现有知识库条目主要覆盖笔记本维护、硬件、系统更新、接口、散热、屏幕和进液处理等内容，没有关于“宿舍防盗”或“防止笔记本被偷”的可靠资料，因此我不能基于这些条目编造具体防盗方案。
confirm,QWMAX,33,S-ADV-a,answer,"这个问题我没有可靠资料。

现有知识库只提到：第三方杀毒软件可能与系统更新发生冲突，并可能成为 Windows 更新失败的常见原因之一资料[7]。但没有资料能直接判断“笔记本商家预装的杀毒软件是否有必要一直使用”，因此我不能基于现有资料给出确定建议。"
confirm,QWMAX,34,S-ADV-a,answer,"结论先说：**大一新生如果没有明确的大型游戏或长时间高负载需求，更建议优先选轻薄本；如果明确要玩游戏、需要高刷流畅画面，或者经常长时间跑高负载任务，再考虑游戏本/高性能本。**  
现有资料没有直接给“游戏本/轻薄本”的完整定义对比，但可以从升级、散热、屏幕、接口、存储等方面帮你判断。

---

## 一、什么时候更适合选轻薄本？

如果你买电脑主要是：上课记笔记、写文档、查资料、看网课、轻度剪辑/修图、经常带去图书馆或教室，那么轻薄本通常更合适。

选轻薄本时重点看这些：

1. **内存是否可升级**  
   许多轻薄本的内存是板载焊死的，不可更换，所以购买前一定要确认是否预留内存插槽，或者尽量一次买够内存。资料[3]

2. **固态硬盘速度与发热**  
   NVMe 固态硬盘读写速度远高于 SATA 固态硬盘，但发热更大，部分轻薄本可能会对其限速。资料[5]  
   同时建议系统盘预留至少 20% 空闲空间，否则会影响虚拟内存性能和系统更新缓存。资料[19]

3. **接口是否能外接显示器**  
   不要看到 USB-C 就默认能外接显示器。能否外接显示器取决于该接口是否具备 DP Alt 模式。资料[13]  
   如果是雷电4接口，则支持充电、视频输出与数据传输，带宽为 40Gbps。资料[6]

4. **屏幕选择**  
   如果选择 OLED 屏幕，要注意长时间显示静态画面可能出现烧屏残影，建议开启防烧屏机制或定期更换显示内容。资料[4]  
   如果关注色彩表现，可以留意色域标准，常见有 sRGB 与 DCI-P3，覆盖数值越高，能显示的颜色范围越广。资料[18]

5. **隐私与日常使用**  
   笔记本摄像头的物理遮挡开关可以在不用摄像头时防止画面误泄露，对宿舍、网课、会议场景比较实用。资料[20]

---

## 二、什么时候更适合选游戏本？

如果你明确有以下需求：玩游戏、需要高刷新率屏幕、经常长时间高负载运行，那么游戏本/高性能本更值得考虑。

选游戏本时重点看这些：

1. **高刷新率是否真的需要**  
   屏幕刷新率越高，例如 120Hz 以上，滚动和游戏画面会更流畅，但功耗也相应更高。资料[11]  
   如果你不打游戏，也不特别在意滚动流畅度，就不必盲目追求高刷。

2. **散热和降频问题**  
   长时间高负载运行会触发 CPU 温度墙导致降频，性能反而明显下降。资料[15]  
   日常使用时，把笔记本后部垫高、保持底部进风口通畅，一般可以让表面温度降低 3-5 摄氏度。资料[9]

3. **定期清灰很重要**  
   笔记本风扇积灰会导致温度升高、噪音变大，建议每 12-18 个月清理一次灰尘。资料[2]  
   对游戏本/高性能本来说，这点尤其值得关注。

4. **电源适配器功率要足够**  
   电源适配器功率不足时，笔记本可能出现充电缓慢或高负载时掉电的情况。资料[17]  
   所以买游戏本或高性能本时，不要只关注机器本身，也要确认供电是否稳定。

5. **升级和保修**  
   自行拆机加装内存或硬盘通常不影响整机保修，但因拆机操作本身造成的损坏不在保修范围内。资料[10]  
   如果你打算自己加装内存或硬盘，要提前确认机器是否支持，以及自己的动手能力。

---

## 三、大一新生买哪个更稳妥？

### 情况一：没有明确游戏需求  
**建议选轻薄本。**

理由是：大学期间很多时候更需要经常携带、上课、图书馆自习、写论文、做展示。轻薄本更适合这些场景。  
但买轻薄本时要特别注意：

- 内存是否板载焊死，是否可升级。资料[3]
- 硬盘空间是否足够，系统盘建议预留至少 20% 空闲空间。资料[19]
- USB-C 是否支持视频输出，是否需要 DP Alt 模式或雷电4。资料[13][6]
- 如果选 OLED 屏，注意烧屏风险。资料[4]
- 摄像头是否有物理遮挡开关。资料[20]

### 情况二：明确要玩游戏，或需要长时间高负载  
**可以考虑游戏本/高性能本。**

重点检查：

- 是否需要高刷新率屏幕，因为高刷更流畅但功耗更高。资料[11]
- 散热是否可靠，长时间高负载可能触发温度墙降频。资料[15]
- 是否方便垫高机身、保持进风口通畅。资料[9]
- 是否能定期清灰。资料[2]
- 电源适配器功率是否足够。资料[17]
- 是否方便加装内存或硬盘，以及拆机保修政策。资料[10]

---

## 四、无论买哪种，都建议注意这些

1. **电池保养**  
   锂电池长期保持在 20%-80% 电量区间有助于延长循环寿命，避免长期满电或空电存放。资料[1]

2. **系统更新**  
   Windows 更新失败的常见原因包括系统盘剩余空间不足，以及第三方杀毒软件冲突。资料[7]  
   所以系统盘不要塞得太满，至少保留足够空间。资料[19]

3. **网络体验**  
   如果你打算用 WiFi 6 路由器，终端也需要同样支持 WiFi 6 才能发挥最大速率，否则会按旧协议协商连接。资料[16]

---

## 最终建议

如果你是普通大一新生，主要用途是学习、文档、网课、轻度娱乐，且没有明确的大型游戏需求：**优先选轻薄本**。  
但一定要确认内存是否可升级、接口是否满足外接显示器需求、硬盘空间是否足够。资料[3][6][13][19]

如果你明确要玩游戏，或者需要长时间高负载运行：**选游戏本/高性能本**，但要重点关注散热、降频、清灰、电源功率和后续升级空间。资料[2][9][10][15][17]"
confirm,QWMAX,35,S-ADV-a,refuse,"这个问题我没有可靠资料。

现有知识库中的资料[1]-[20]主要涉及笔记本电池保养、散热、硬件升级、接口功能、系统更新、屏幕与外设等内容，均未包含“笔记本能否飞机托运、是否必须随身携带”的航空运输规定。为避免误导，我不能在这里给出确定结论。"
confirm,QWMAX,36,S-ADV-a,refuse,这个问题我没有可靠资料。
confirm,QWMAX,37,S-ADV-a,answer,"关于“预算六千够不够”，这个问题我没有可靠资料；知识库中没有视频剪辑笔记本的推荐配置或价格信息，我不能编造具体预算结论。  
不过，依据现有资料，你可以按下面这些点去判断一台笔记本是否适合视频剪辑：

1. **内存扩展性要先确认**  
   许多轻薄本内存是板载焊死、不可更换的，购买前要先确认是否有预留内存插槽资料[3]。如果你打算自行加装内存或硬盘，通常不影响整机保修，但因拆机操作造成的损坏不在保修范围内资料[10]。

2. **存储建议关注 NVMe 固态硬盘**  
   NVMe 固态硬盘读写速度远高于 SATA 固态硬盘，但发热更大，部分轻薄本可能会对其限速资料[5]。另外，系统盘建议预留至少 20% 空闲空间，否则会影响虚拟内存性能和系统更新缓存资料[19]。

3. **屏幕颜色表现可看色域指标**  
   显示器色域常见标准有 sRGB 与 DCI-P3，覆盖数值越高，能显示的颜色范围越广资料[18]。如果选择 OLED 屏幕，长时间显示静态画面可能出现烧屏残影，建议开启防烧屏机制或定期更换显示内容资料[4]。高刷新率屏幕会让滚动和游戏画面更流畅，但功耗也更高资料[11]。

4. **外接显示器要看接口能力**  
   USB-C 接口并不都支持视频输出，能否外接显示器取决于接口是否具备 DP Alt 模式资料[13]。雷电4接口支持充电、视频输出与数据传输，带宽为 40Gbps资料[6]。

5. **长时间剪辑/导出要关注散热和持续性能**  
   长时间高负载运行可能触发 CPU 温度墙导致降频，性能反而明显下降资料[15]。把笔记本后部垫高、保持底部进风口通畅，一般可以让表面温度降低 3-5 摄氏度资料[9]。风扇积灰会导致温度升高、噪音变大，建议每 12-18 个月清理一次灰尘资料[2]。

6. **电源适配器功率也要留意**  
   如果电源适配器功率不足，笔记本可能出现充电缓慢或高负载时掉电的情况资料[17]。

总结：**六千预算是否足够，我依据现有资料无法可靠判断**。但你可以用上面这些标准去筛选机型：重点看内存是否可扩展、是否有高速固态、屏幕色域是否满足需求、接口是否支持外接显示器、散热和供电是否稳定。若你有具体候选机型或参数，我可以继续按这些资料帮你逐项判断。"
confirm,QWMAX,38,S-ADV-a,answer,"这个问题我没有可靠资料。

现有知识库没有关于“平板电脑”的条目，也没有关于老年人使用习惯、触控操作难度、视力需求、学习成本、语音输入、便携性等方面的对比资料，因此我不能可靠地判断“老人用笔记本电脑好还是平板电脑好”。

不过，在现有资料范围内，如果老人考虑使用**笔记本电脑**，可以参考以下使用和维护要点：

- 笔记本电池长期保持在 20%–80% 电量区间更有助于延长循环寿命，应避免长期满电或空电存放。资料[1]
- 笔记本底部进风口要保持通畅，把后部垫高通常可让表面温度降低 3–5 摄氏度；风扇积灰会导致温度升高、噪音变大，建议每 12–18 个月清理一次灰尘。资料[9][2]
- 系统盘建议至少预留 20% 空闲空间，否则会影响虚拟内存性能和系统更新缓存；系统盘空间不足也是 Windows 更新失败的常见原因之一。资料[19][7]
- 如果老人需要外接显示器、电视或投影，要注意 USB-C 接口不一定支持视频输出，关键看是否具备 DP Alt 模式；雷电 4 接口则支持充电、视频输出与数据传输，带宽为 40Gbps。资料[13][6]
- 屏幕方面，高刷新率会让滚动和游戏画面更流畅，但功耗也更高；色域覆盖越高，可显示的颜色范围越广；OLED 屏幕长时间显示静态画面可能出现烧屏残影。资料[11][18][4]
- 如果老人经常视频通话，笔记本摄像头的物理遮挡开关可以在不用摄像头时防止画面误泄露。资料[20]
- 长时间高负载运行可能触发 CPU 温度墙导致降频，性能反而下降；电源适配器功率不足时，也可能出现充电缓慢或高负载时掉电的情况。资料[15][17]
- 如果老人使用蓝牙耳机，遇到连接不稳定时，删除配对记录后重新配对通常可以解决大部分问题。资料[12]

所以，基于当前知识库，我不能负责任地给出“老人更适合笔记本还是平板”的结论。若要给出具体建议，需要补充平板电脑相关资料，以及老人的主要用途，例如只是看视频、视频通话、浏览网页，还是需要打字、办公、外接显示器、使用特定软件等。"
confirm,QWMAX,39,S-ADV-a,refuse,这个问题我没有可靠资料。当前知识库中没有关于笔记本丢失后如何定位找回的可靠内容，因此我不能给出具体找回方法。
confirm,QWMAX,20,S-ADV-b,answer,"这个问题我没有可靠资料。

当前知识库中没有关于“MacBook 与 Windows 笔记本在学编程场景下哪个更适合”的直接比较资料，因此不能可靠地下结论。现有条目主要涉及笔记本硬件、散热、接口、系统和维护等通用信息，例如：

- 一些轻薄本内存可能是板载焊死、不可更换，购买前需要确认是否有内存插槽[3]；
- NVMe 固态硬盘读写速度高于 SATA，但发热更大，部分轻薄本可能限速[5]；
- 系统盘建议至少预留 20% 空闲空间，否则可能影响虚拟内存性能和系统更新缓存[19]；
- USB-C 接口不一定都支持视频输出，外接显示器要看是否支持 DP Alt 模式[13]；
- 雷电4接口支持充电、视频输出和数据传输，带宽为 40Gbps[6]；
- 长时间高负载运行可能触发 CPU 温度墙导致降频[15]；
- 垫高笔记本、保持底部进风口通畅通常可降低表面温度 3-5 摄氏度[9]；
- 自行拆机加装内存或硬盘通常不影响整机保修，但拆机造成的损坏不在保修范围内[10]。

这些信息可以帮助判断某台笔记本的硬件配置和使用维护风险，但不足以可靠回答“MacBook 和 Windows 笔记本哪个更适合学编程的大学生”。"
confirm,QWMAX,21,S-ADV-b,refuse,这个问题我没有可靠资料。
confirm,QWMAX,22,S-ADV-b,refuse,这个问题我没有可靠资料。
confirm,QWMAX,23,S-ADV-b,refuse,"这个问题我没有可靠资料。

知识库中没有关于“笔记本辐射是否大”或“放在腿上使用是否影响健康”的条目；只有关于散热的资料：把笔记本后部垫高、保持底部进风口通畅，一般可以让表面温度降低 3-5 摄氏度 [资料9]。但这不能直接说明辐射大小或对身体的影响。"
confirm,QWMAX,24,S-ADV-b,answer,"这个问题我没有可靠资料。

现有知识库主要覆盖的是笔记本电脑的维护、升级、接口、散热、屏幕和系统问题，例如风扇清灰资料[2]、内存是否可升级资料[3]、雷电4接口资料[6]、USB-C 是否支持视频输出资料[13]等；但没有关于 iPad、触控笔、手写笔记软件、课堂笔记场景，或“笔记本 vs iPad 记课堂笔记”对比的可靠条目，因此我不能依据现有资料给出可靠的购买建议。"
confirm,QWMAX,25,S-ADV-b,refuse,这个问题我没有可靠资料。
confirm,QWMAX,26,S-ADV-b,refuse,这个问题我没有可靠资料。
confirm,QWMAX,27,S-ADV-b,refuse,这个问题我没有可靠资料。
confirm,QWMAX,28,S-ADV-b,refuse,这个问题我没有可靠资料。
confirm,QWMAX,29,S-ADV-b,refuse,这个问题我没有可靠资料。
confirm,QWMAX,30,S-ADV-b,refuse,这个问题我没有可靠资料。
confirm,QWMAX,31,S-ADV-b,refuse,这个问题我没有可靠资料。
confirm,QWMAX,32,S-ADV-b,refuse,这个问题我没有可靠资料。
confirm,QWMAX,33,S-ADV-b,refuse,这个问题我没有可靠资料。
confirm,QWMAX,34,S-ADV-b,answer,"结论先说：**如果大一新生没有明确的“大型游戏 / 重度视频剪辑 / 3D建模 / 长时间高负载创作”需求，更建议优先选轻薄本；如果确定要经常玩大型游戏，或有明确的高性能创作需求，再考虑游戏本。**  
不过，知识库里没有直接给出“游戏本 vs 轻薄本”的完整定义、重量、续航、显卡性能对比，所以下面主要依据现有资料，从**需求、扩展性、散热、屏幕、接口、硬盘、电源**等角度帮你判断。

---

## 一、先按需求选：你买电脑主要做什么？

### 1）主要用于学习、办公、网课、写文档、查资料  
这类需求更看重日常稳定使用、携带方便、接口够用、续航和噪音控制。  
如果你属于这种情况，**轻薄本通常更合适**。但要注意：

- **很多轻薄本内存是板载焊死的，不能更换**，购买前一定要确认是否有预留内存插槽，或者一开始就把内存买够。资料[3]
- 轻薄本里的 NVMe 固态硬盘虽然读写速度远高于 SATA 固态硬盘，但发热更大，**部分轻薄本可能会对其限速**。资料[5]
- 如果以后想外接显示器、投影仪，要关注接口能力：  
  - 雷电4接口支持充电、视频输出和数据传输，带宽为 40Gbps。资料[6]  
  - 但不是所有 USB-C 都能视频输出，要看是否支持 DP Alt 模式。资料[13]

### 2）主要用途是大型游戏、3D建模、视频剪辑、渲染、长时间高负载任务  
这类场景更依赖持续性能输出和散热能力。  
如果你确定有这些需求，**更适合选游戏本或高性能本**。需要特别注意：

- 长时间高负载运行会触发 CPU 温度墙，导致降频，性能反而明显下降。资料[15]
- 散热很重要：把笔记本后部垫高、保持底部进风口通畅，一般可以让表面温度降低 3–5 摄氏度。资料[9]
- 风扇积灰会导致温度升高、噪音变大，建议每 12–18 个月清理一次灰尘。资料[2]
- 如果电源适配器功率不足，笔记本可能出现充电缓慢，或高负载时掉电的情况。资料[17]

---

## 二、大一新生更推荐怎么选？

### 情况 A：你不确定以后会不会有高性能需求  
如果你只是普通大一新生，主要用途是上课、作业、文档、网页、视频、轻度娱乐，暂时不确定是否需要大型游戏或专业创作，**更建议选轻薄本**。  
原因是它更适合日常学习场景，但你要避免“买回来才发现不能升级”的问题：

1. **内存优先买够**  
   许多轻薄本内存板载焊死，不可更换，升级前要先确认是否预留内存插槽。资料[3]

2. **硬盘空间别太小**  
   系统盘建议预留至少 20% 的空闲空间，否则会影响虚拟内存性能和系统更新缓存。资料[19]  
   Windows 更新失败的常见原因之一就是系统盘剩余空间不足。资料[7]

3. **接口要提前看清**  
   如果你以后要接显示器、扩展坞、移动硬盘，最好关注是否有雷电4资料[6]，以及 USB-C 是否支持视频输出资料[13]。

### 情况 B：你明确要玩大型游戏，或专业需要高性能  
比如你明确要玩大型游戏、做视频剪辑、3D建模、渲染、工程仿真等，那就应该优先考虑游戏本/高性能本。  
但要接受它更依赖散热和供电：

- 长时间高负载可能触发温度墙并降频。资料[15]
- 使用时建议垫高底部、保证进风口通畅。资料[9]
- 后期要注意风扇积灰问题，定期清理。资料[2]
- 电源适配器功率要足够，否则可能充电慢或高负载掉电。资料[17]

---

## 三、买之前重点检查这几项

### 1. 内存能不能升级？
- 许多轻薄本内存是板载焊死、不可更换。资料[3]
- 如果你打算以后自己加内存或硬盘，自行拆机加装通常不影响整机保修，但因拆机操作本身造成的损坏不在保修范围内。资料[10]

### 2. 硬盘速度和散热是否匹配？
- NVMe 固态硬盘读写速度远高于 SATA 固态硬盘，但发热更大。资料[5]
- 部分轻薄本会对 NVMe 固态硬盘限速，所以不能只看硬盘规格，也要看整机散热和性能释放。资料[5]

### 3. 屏幕怎么选？
如果你在意游戏、滚动流畅度：

- 屏幕刷新率越高，比如 120Hz 以上，滚动和游戏画面越流畅，但功耗也更高。资料[11]

如果你在意颜色表现：

- 显示器色域常见标准有 sRGB 与 DCI-P3，覆盖数值越高，能显示的颜色范围越广。资料[18]

如果你考虑 OLED 屏幕：

- OLED 长时间显示静态画面可能出现烧屏残影，建议开启防烧屏机制或定期更换显示内容。资料[4]

### 4. 接口是否够用？
- 雷电4支持充电、视频输出和数据传输，带宽为 40Gbps。资料[6]
- USB-C 不一定都能视频输出，能否外接显示器取决于是否具备 DP Alt 模式。资料[13]

### 5. 电池和日常使用习惯
- 锂电池长期保持在 20%–80% 电量区间有助于延长循环寿命，避免长期满电或空电存放。资料[1]

---

## 四、简单决策建议

你可以按下面这个方式选：

### 更适合选轻薄本的人
- 主要用途是学习、办公、网课、文档、网页、视频。
- 经常需要带去教室、图书馆。
- 不玩大型游戏，或只玩轻度游戏。
- 更在意日常携带和安静使用。

但要注意：  
**轻薄本购买前一定要确认内存是否可升级资料[3]、硬盘是否会被限速资料[5]、接口是否满足外接显示器需求资料[6][13]。**

### 更适合选游戏本的人
- 明确要玩大型游戏。
- 需要长时间高负载运行软件。
- 有视频剪辑、3D建模、渲染、工程仿真等需求。
- 能接受更强的散热需求，并愿意注意垫高、清灰、供电等问题。

但要注意：  
**高负载场景下要特别关注温度墙降频资料[15]、底部进风资料[9]、风扇积灰资料[2]、适配器功率资料[17]。**

---

## 五、给大一新生的最终建议

如果你现在没有特别明确的高性能需求，**我更建议先选一台配置合理、内存足够、接口齐全的轻薄本**。  
重点是：

1. 内存尽量一次买够，因为很多轻薄本内存不可更换。资料[3]  
2. 系统盘不要塞太满，建议预留至少 20% 空间。资料[19]  
3. 如果需要外接显示器，确认 USB-C 是否支持视频输出，或者直接选择雷电4接口机型。资料[6][13]  
4. 如果选择 OLED 屏幕，要注意烧屏风险。资料[4]  
5. 日常使用尽量保持电池在 20%–80% 区间，有助于延长寿命。资料[1]

如果你已经确定要玩大型游戏，或者专业软件对性能要求很高，那就选游戏本，但要提前接受它在散热、供电和灰尘清理方面的要求：高负载可能降频资料[15]，垫高有助于降温资料[9]，风扇积灰要定期清理资料[2]，适配器功率不足会影响使用资料[17]。"
confirm,QWMAX,35,S-ADV-b,refuse,这个问题我没有可靠资料。
confirm,QWMAX,36,S-ADV-b,refuse,这个问题我没有可靠资料。
confirm,QWMAX,37,S-ADV-b,refuse,这个问题我没有可靠资料。
confirm,QWMAX,38,S-ADV-b,refuse,这个问题我没有可靠资料。现有条目只涉及笔记本电脑的电池、散热、接口、维修与系统维护等内容（资料[1]-[20]），没有覆盖平板电脑，也没有关于老人使用场景的对比依据。
confirm,QWMAX,39,S-ADV-b,refuse,这个问题我没有可靠资料。
confirm,QWMAX,20,S-ADV-c,answer,"这个问题我没有可靠资料。就当前知识库而言，没有条目直接比较 MacBook 与 Windows 笔记本在“学编程”场景下的系统环境、开发工具兼容性、课程要求或长期体验，因此我不能可靠判断哪一个更适合。

不过，知识库中有一些与笔记本选择、使用和维护相关的可靠信息，可以作为你评估时的参考：

1. **如果考虑 Windows 笔记本，要注意系统盘空间和更新问题**  
   Windows 更新失败的常见原因包括系统盘剩余空间不足、第三方杀毒软件冲突 [7]。系统盘建议至少预留 20% 的空闲空间，否则可能影响虚拟内存性能和系统更新缓存 [19]。

2. **如果考虑轻薄本，要提前确认内存是否可升级**  
   许多轻薄本的内存是板载焊死的、不可更换，升级前要先确认是否预留内存插槽 [3]。自行拆机加装内存或硬盘通常不影响整机保修，但因拆机操作本身造成的损坏不在保修范围内 [10]。

3. **接口和外接显示器能力要看具体接口规格**  
   USB-C 接口并不都支持视频输出，能否外接显示器取决于该接口是否具备 DP Alt 模式 [13]。雷电 4（Thunderbolt 4）接口支持充电、视频输出与数据传输，带宽为 40Gbps [6]。

4. **长时间高负载运行时，散热会影响性能**  
   长时间高负载运行会触发 CPU 温度墙导致降频，性能反而明显下降 [15]。把笔记本后部垫高、保持底部进风口通畅，一般可以让表面温度降低 3–5 摄氏度 [9]。笔记本风扇积灰会导致温度升高、噪音变大，建议每 12–18 个月清理一次灰尘 [2]。

5. **电池和电源适配器也会影响使用体验**  
   锂电池长期保持在 20%–80% 电量区间有助于延长循环寿命，避免长期满电或空电存放 [1]。电源适配器功率不足时，笔记本可能出现充电缓慢或高负载时掉电的情况 [17]。

6. **屏幕、键盘、摄像头等配置也会影响日常使用**  
   OLED 屏幕长时间显示静态画面可能出现烧屏残影，建议开启防烧屏机制或定期更换显示内容 [4]。屏幕刷新率越高，如 120Hz 以上，滚动和游戏画面越流畅，但功耗也相应更高 [11]。显示器色域的常见标准有 sRGB 与 DCI-P3，覆盖数值越高能显示的颜色范围越广 [18]。笔记本摄像头的物理遮挡开关可以在不用摄像头时防止画面误泄露 [20]。机械键盘轴体按手感分为线性轴、段落轴和咔哒轴三类，触发压力与声音各不相同 [8]。

7. **无线和外设连接也有一些通用注意事项**  
   WiFi 6 路由器需要终端同样支持 WiFi 6 才能发挥最大速率，否则按旧协议协商连接 [16]。蓝牙耳机连接不稳定时，删除配对记录后重新配对通常可以解决大部分问题 [12]。

综上，基于现有资料，我只能提供这些通用层面的参考；关于“MacBook 和 Windows 笔记本哪个更适合学编程”的核心判断，当前知识库不足以给出可靠结论。"
confirm,QWMAX,21,S-ADV-c,refuse,这个问题我没有可靠资料。
confirm,QWMAX,22,S-ADV-c,refuse,这个问题我没有可靠资料。
confirm,QWMAX,23,S-ADV-c,answer,"这个问题我没有可靠资料。知识库中没有关于“笔记本辐射大小”或“放在腿上是否对身体有影响”的条目，因此我不能对辐射和健康影响作出可靠判断。

不过，就“放在腿上使用”这件事，知识库能可靠说明的主要是散热和使用姿势相关问题：

- 如果放在腿上时底部进风口被衣物、被褥或腿部遮挡，可能影响散热；资料建议保持底部进风口通畅，并把笔记本后部垫高，这样一般可以让表面温度降低 3–5 摄氏度 [9]。
- 笔记本风扇积灰会导致温度升高、噪音变大，建议每 12–18 个月清理一次灰尘 [2]。
- 长时间高负载运行会触发 CPU 温度墙导致降频，性能会明显下降，说明持续高温/高负载会增加散热压力 [15]。

所以，如果暂时只能放在腿上使用，可以尽量做到：保持底部进风口不被遮挡、避免长时间高负载运行、定期清理风扇灰尘 [2][9][15]。但关于“辐射是否大”“是否影响身体健康”，现有知识库不足以回答，不能给出可靠结论。"
confirm,QWMAX,24,S-ADV-c,answer,"这个问题我没有可靠资料来完整比较笔记本和 iPad。现有条目只覆盖“笔记本电脑”的选购、使用和维护，没有 iPad 的可靠信息，因此我不能编造 iPad 在手写体验、笔记软件、续航、便携性等方面是否更强。

在只依据现有资料的前提下，可以给出一个有限但可操作的结论：**如果你的课堂笔记不只是手写，还包括外接显示器、连接蓝牙设备、管理文件、长期系统维护等需求，笔记本电脑更有资料支撑；如果核心需求是手写笔记、批注、纸感书写，当前资料不足以判断 iPad 是否更合适。**

## 一、基于现有资料，哪些情况更适合选笔记本？

1. **你可能需要外接显示器或扩展设备**  
   如果课堂场景需要把内容投到大屏、接扩展坞或外接显示器，笔记本更常见地具备相关接口能力。雷电 4 接口支持充电、视频输出和数据传输，带宽为 40Gbps 资料[6]。但要注意，并不是所有 USB-C 都能视频输出，能否外接显示器取决于接口是否支持 DP Alt 模式 资料[13]。

2. **如果你在意屏幕浏览和滚动体验**  
   屏幕刷新率越高，例如 120Hz 以上，滚动和游戏画面会更流畅，但功耗也更高 资料[11]。如果你经常浏览课件、网页、PDF，高刷可能更舒服，但要接受更高耗电。  
   另外，显示器色域常见标准有 sRGB 和 DCI-P3，覆盖数值越高，可显示颜色范围越广 资料[18]。如果涉及设计、修图或色彩敏感内容，可以关注色域。若考虑 OLED 屏幕，长时间显示静态画面可能出现烧屏残影，建议开启防烧屏机制或定期更换显示内容 资料[4]。

3. **如果你需要较快的存储和系统响应**  
   NVMe 固态硬盘读写速度远高于 SATA 固态硬盘，但发热更大，部分轻薄本可能会对其限速 资料[5]。  
   系统盘建议预留至少 20% 空闲空间，否则会影响虚拟内存性能和系统更新缓存 资料[19]。Windows 更新失败的常见原因也包括系统盘空间不足、第三方杀毒软件冲突 资料[7]。

4. **如果你会连接蓝牙耳机、外设或网络设备**  
   蓝牙耳机连接不稳定时，删除配对记录后重新配对通常可以解决大部分问题 资料[12]。  
   WiFi 6 路由器需要终端同样支持 WiFi 6 才能发挥最大速率，否则会按旧协议协商连接 资料[16]。  
   如果你会外接键盘，机械键盘轴体按手感分为线性轴、段落轴和咔哒轴三类，触发压力与声音各不相同 资料[8]。

5. **如果你关注隐私和长期使用维护**  
   笔记本摄像头的物理遮挡开关可以在不用摄像头时防止画面误泄露 资料[20]。  
   锂电池长期保持在 20%-80% 电量区间有助于延长循环寿命，避免长期满电或空电存放 资料[1]。  
   笔记本风扇积灰会导致温度升高、噪音变大，建议每 12-18 个月清理一次灰尘 资料[2]。把笔记本后部垫高、保持底部进风口通畅，一般可以让表面温度降低 3-5 摄氏度 资料[9]。长时间高负载运行会触发 CPU 温度墙导致降频，性能反而明显下降 资料[15]。

## 二、如果买笔记本，建议重点看什么？

1. **内存是否可升级**  
   许多轻薄本的内存是板载焊死的、不可更换，升级前要先确认是否预留内存插槽 资料[3]。所以如果打算长期使用，建议一开始就选择足够内存，而不是寄希望于后续升级。

2. **接口是否满足课堂扩展需求**  
   如果你要外接显示器、投影仪或扩展坞，要确认 USB-C 是否支持 DP Alt 模式 资料[13]。雷电 4 接口能力更全面，支持充电、视频输出与数据传输，带宽为 40Gbps 资料[6]。

3. **硬盘空间和散热设计**  
   系统盘建议预留至少 20% 空闲空间 资料[19]。如果你选择高性能 NVMe 固态硬盘，也要关注散热，因为部分轻薄本可能因发热限制性能 资料[5]。长时间高负载也可能触发温度墙降频 资料[15]。

4. **电源适配器功率**  
   电源适配器功率不足时，笔记本可能出现充电缓慢或高负载时掉电的情况 资料[17]。如果你经常带去教室、图书馆，建议确认原装或替代适配器功率是否足够。

5. **后续拆机和维护**  
   自行拆机加装内存或硬盘通常不影响整机保修，但因拆机操作本身造成的损坏不在保修范围内 资料[10]。如果笔记本进液，应立即断电并倒置晾干，不要尝试开机测试，应尽快送修处理 资料[14]。

## 三、哪些情况下不能仅凭当前资料选笔记本？

如果你的核心需求是：

- 手写课堂笔记；
- 用笔批注 PDF；
- 画思维导图、公式推导；
- 追求类似纸面的书写感；
- 想要平板形态、更轻便地站着或捧着记笔记；

那么当前知识库没有 iPad 或平板手写体验的相关资料，因此无法可靠判断 iPad 是否更合适。

## 四、简化结论

在现有资料范围内：

- **如果你需要一台能长期处理文档、外接显示器、连接外设、管理存储并兼顾系统维护的设备，买笔记本更稳妥。**
- **如果你买设备主要是为了手写笔记、批注课件、纸感书写，那么这个问题我没有可靠资料来完整判断 iPad 是否更合适，建议实际体验或补充相关资料后再决定。**"
confirm,QWMAX,25,S-ADV-c,refuse,"这个问题我没有可靠资料。

知识库中没有关于旧笔记本回收价格、二手残值、机型估价、成色折价或市场行情方面的资料，因此我不能给出“大概能卖多少钱”的可靠金额。回收价格通常还会受具体型号、配置、外观成色、电池损耗、屏幕状态、维修史、配件是否齐全和回收渠道影响，但这些内容都不在当前知识库中，不能据此编造价格。"
confirm,QWMAX,26,S-ADV-c,refuse,这个问题我没有可靠资料。
confirm,QWMAX,27,S-ADV-c,refuse,"这个问题我没有可靠资料。

现有资料[1]-[20]主要覆盖笔记本电池保养、散热清灰、内存/硬盘升级、接口功能、系统更新、屏幕与外设使用注意事项等，没有包含“大学生购买笔记本是否有教育优惠”以及“如何申请教育优惠”的相关信息。"
confirm,QWMAX,28,S-ADV-c,answer,"这个问题我没有可靠资料。

现有知识库里没有直接说明“笔记本电脑是否需要贴屏幕膜”或“键盘要不要加保护罩”，因此我不能依据资料给出肯定或否定的可靠结论。能确认的只有一些相关注意事项：

- 如果你的笔记本是 OLED 屏幕，需要重点关注的是烧屏风险：长时间显示静态画面可能出现烧屏残影，建议开启防烧屏机制或定期更换显示内容 [4]。  
- 屏幕体验本身与刷新率、色域等因素有关：刷新率越高，滚动和游戏画面越流畅，但功耗也更高 [11]；色域覆盖数值越高，能显示的颜色范围越广 [18]。但资料没有说明贴膜会不会影响这些显示效果。  
- 如果在意隐私，笔记本摄像头的物理遮挡开关可以在不用摄像头时防止画面误泄露 [20]。  
- 键盘方面，资料只提到机械键盘轴体按手感分为线性轴、段落轴和咔哒轴三类 [8]，但没有说明笔记本键盘是否需要保护罩。  
- 如果发生键盘进液，应立即断电并倒置晾干，不要尝试开机测试，应尽快送修处理 [14]。资料也没有说明键盘保护罩是否能有效预防进液或带来其他影响。

所以，按目前提供的资料，我无法可靠判断屏幕膜和键盘保护罩是否“需要”或“值得加”。"
confirm,QWMAX,29,S-ADV-c,refuse,这个问题我没有可靠资料。
confirm,QWMAX,30,S-ADV-c,refuse,这个问题我没有可靠资料。
confirm,QWMAX,31,S-ADV-c,refuse,这个问题我没有可靠资料。
confirm,QWMAX,32,S-ADV-c,refuse,这个问题我没有可靠资料。
confirm,QWMAX,33,S-ADV-c,refuse,这个问题我没有可靠资料。
confirm,QWMAX,34,S-ADV-c,answer,"结论先说：**如果大一新生没有明确的大型游戏、3D 建模、视频剪辑、虚拟机/工程仿真等重负载需求，更建议优先选轻薄本；如果明确要玩大型游戏，或者专业软件对显卡、散热、性能释放要求高，再考虑游戏本/高性能本。**

下面按“怎么选”和“大一新生怎么决策”拆开说。

---

## 一、游戏本和轻薄本怎么选？

### 1. 先看你有没有“持续高性能”需求

如果你需要玩大型游戏、做 3D 渲染、视频剪辑、跑大型工程软件，或者经常多开虚拟机、编译大项目，就要重点关注性能释放和散热。因为长时间高负载运行时，CPU 可能因为撞到温度墙而降频，性能反而会明显下降资料[15]。

所以选游戏本/高性能本时，不要只看处理器和显卡参数，还要关注：

- 散热是否稳定，长时间高负载是否会降频资料[15]；
- 风扇积灰后是否容易导致温度升高、噪音变大，后期清灰维护是否方便资料[2]；
- 是否可以通过垫高底部、保持进风口通畅来改善散热，这类方法一般可以让表面温度降低 3–5℃资料[9]；
- 电源适配器功率是否足够，功率不足可能导致充电缓慢，或者高负载时边玩边掉电资料[17]。

如果你只是日常办公、写论文、上网课、浏览网页、看视频、轻度修图，那么轻薄本通常更合适，重点放在便携、续航、屏幕、接口和硬盘容量上。

---

### 2. 轻薄本要特别注意“能不能升级”

很多轻薄本的内存是板载焊死的，不能更换，所以购买前一定要确认是否预留内存插槽，或者内存是否可升级资料[3]。

如果轻薄本内存不可更换，那就建议一开始就把内存配置买够，避免以后不够用。

硬盘方面，NVMe 固态硬盘读写速度远高于 SATA 固态硬盘，但发热也更大，部分轻薄本可能会对其做限速资料[5]。所以如果你需要大容量存储或高速读写，要关注硬盘规格、散热和是否方便加装。

另外，系统盘建议预留至少 20% 的空闲空间，否则会影响虚拟内存性能和系统更新缓存资料[19]。Windows 更新失败的常见原因之一就是系统盘剩余空间不足资料[7]。

---

### 3. 屏幕选择：高刷、OLED、色域都要看用途

如果你在意游戏、滚动页面和动画的流畅度，高刷新率屏幕会有明显优势，比如 120Hz 以上会让滚动和游戏画面更流畅，但功耗也会相应更高资料[11]。

如果你考虑 OLED 屏幕，要注意长时间显示静态画面可能出现烧屏残影，建议开启防烧屏机制，或者定期更换显示内容资料[4]。

如果你对设计、修图、视频调色有需求，可以关注屏幕色域。常见标准有 sRGB 与 DCI-P3，覆盖数值越高，能显示的颜色范围越广资料[18]。

---

### 4. 接口很重要，尤其是外接显示器

不要默认所有 USB-C 接口都能外接显示器。能否外接显示器取决于该接口是否具备 DP Alt 模式资料[13]。

如果笔记本配备雷电 4（Thunderbolt 4）接口，通常更强，它支持充电、视频输出与数据传输，带宽为 40Gbps资料[6]。对需要外接显示器、扩展坞、移动硬盘的人来说更友好。

所以选购时建议重点看：

- USB-C 是否支持视频输出资料[13]；
- 是否有雷电 4 或全功能 USB-C资料[6]；
- 是否有足够的 USB-A、HDMI 或耳机接口，方便接鼠标、键盘、投影仪、显示器等。

---

### 5. 游戏本更要关注散热、供电和后期维护

游戏本/高性能本通常更容易遇到高负载场景，因此要特别注意：

- 长时间高负载可能触发温度墙导致降频资料[15]；
- 风扇积灰会导致温度升高、噪音变大，建议每 12–18 个月清理一次灰尘资料[2]；
- 把笔记本后部垫高、保持底部进风口通畅，一般可以让表面温度降低 3–5℃资料[9]；
- 电源适配器功率不足时，可能充电缓慢或高负载时掉电资料[17]；
- NVMe 固态硬盘速度快，但发热更大，部分轻薄本会对其限速，高性能本也要关注硬盘散热资料[5]。

如果你以后打算自己加装内存或硬盘，通常自行拆机加装内存或硬盘不影响整机保修，但因拆机操作本身造成的损坏不在保修范围内资料[10]。所以动手前要确认保修政策和拆机风险。

---

### 6. 电池和日常使用习惯也会影响寿命

无论选轻薄本还是游戏本，锂电池都建议尽量保持在 20%–80% 电量区间，避免长期满电或空电存放，这样有助于延长循环寿命资料[1]。

如果经常带笔记本去教室、图书馆、自习室，轻薄本在便携性上更有优势；如果主要放在宿舍或家里当主力机，偶尔才带出去，那么游戏本/高性能本也可以考虑。

另外，笔记本摄像头如果有物理遮挡开关，可以在不用摄像头时防止画面误泄露资料[20]。这对宿舍集体生活、网课、视频会议场景比较实用。

---

## 二、大一新生买哪个？给你一套简单判断法

### 情况一：建议优先选轻薄本

如果你符合下面大多数情况，轻薄本更适合：

- 主要用途是写论文、做 PPT、查资料、上网课、看视频；
- 不玩大型游戏，或者只玩轻度网游；
- 经常需要带电脑去教室、图书馆、社团活动；
- 更在意重量、续航、外观和安静程度；
- 专业软件对显卡要求不高。

选轻薄本时重点确认：

1. **内存是否可升级**：许多轻薄本内存板载焊死，不可更换资料[3]。  
2. **硬盘空间是否足够**：系统盘建议预留至少 20% 空闲空间资料[19]。  
3. **接口是否够用**：USB-C 不一定支持视频输出，要看是否支持 DP Alt 模式资料[13]；有雷电 4 更好资料[6]。  
4. **屏幕是否符合需求**：高刷更流畅但功耗更高资料[11]；OLED 要注意烧屏资料[4]；设计修图可关注色域资料[18]。  
5. **电池使用习惯**：尽量保持 20%–80% 电量区间，有助于延长电池寿命资料[1]。

---

### 情况二：建议选游戏本/高性能本

如果你符合下面情况，可以考虑游戏本：

- 明确要玩大型游戏，希望更高画质或更高帧率；
- 需要运行 3D 建模、渲染、视频剪辑、工程仿真、大型开发环境；
- 对显卡、CPU 多核性能、散热有较高要求；
- 电脑主要放在宿舍或固定位置，不太需要每天背来背去；
- 能接受更强的散热需求和更高的供电要求。

选游戏本时重点确认：

1. **散热和性能释放**：长时间高负载可能触发温度墙降频资料[15]。  
2. **高刷屏幕**：120Hz 以上更流畅，但功耗更高资料[11]。  
3. **供电是否充足**：适配器功率不足可能导致充电慢或高负载掉电资料[17]。  
4. **硬盘发热与速度**：NVMe 固态速度快但发热大，部分机型可能限速资料[5]。  
5. **后期维护**：风扇积灰会影响温度和噪音，建议定期清灰资料[2]；垫高底部可改善散热资料[9]。  
6. **升级与保修**：自行加装内存/硬盘通常不影响整机保修，但拆机造成损坏不在保修范围内资料[10]。

---

## 三、最容易踩的几个坑

### 1. 不要以为轻薄本一定都能加内存

许多轻薄本内存是板载焊死的，不可更换，升级前必须先确认是否预留内存插槽资料[3]。

### 2. 不要以为 USB-C 都能外接显示器

USB-C 接口并不都支持视频输出，能否外接显示器取决于是否具备 DP Alt 模式资料[13]。如果有雷电 4 接口会更省心资料[6]。

### 3. 不要只看高刷新率

高刷新率确实更流畅，但功耗也更高资料[11]。如果你更在意续航，不能只看刷新率。

### 4. 不要只看 OLED 屏幕观感

OLED 屏幕色彩和观感通常很好，但长时间显示静态画面可能出现烧屏残影，需要开启防烧屏机制或定期更换显示内容资料[4]。

### 5. 不要忽视系统盘空间

系统盘建议预留至少 20% 空闲空间，否则会影响虚拟内存性能和系统更新缓存资料[19]。Windows 更新失败也可能和系统盘剩余空间不足有关资料[7]。

### 6. 不要忽视散热

无论什么笔记本，长时间高负载都可能因为温度墙降频资料[15]。日常使用时保持底部进风口通畅，把后部垫高，一般可以让表面温度降低 3–5℃资料[9]。风扇积灰也会导致温度升高和噪音变大，建议每 12–18 个月清理一次灰尘资料[2]。

---

## 四、最终建议：大一新生怎么选？

### 如果你没有明确的重负载需求

**建议优先选轻薄本。**

理由是更适合带去教室、图书馆、自习室，也更符合大学常见的文档、网课、作业、汇报、轻度娱乐场景。购买时重点确认内存是否可升级资料[3]、硬盘空间是否充足资料[19]、接口是否支持外接显示器资料[13][6]，以及屏幕是否适合自己的使用习惯资料[11][4][18]。

### 如果你明确要玩大型游戏或专业软件要求高

**建议选游戏本/高性能本。**

但要重点关注散热、供电和性能释放，因为长时间高负载可能降频资料[15]，电源功率不足也可能导致掉电资料[17]。同时要做好散热维护，比如定期清灰资料[2]、保持进风口通畅资料[9]。

### 如果你不确定自己会不会用到高性能

可以采用折中思路：

- 优先选散热可靠、接口齐全、内存和硬盘配置不要太局促的机型；
- 如果专业不涉及大型软件，也不玩大型游戏，就偏轻薄本；
- 如果你未来可能玩游戏、剪视频、做 3D，就偏游戏本/高性能本；
- 购买前一定确认内存是否板载资料[3]、USB-C 是否支持视频输出资料[13]、是否有雷电 4资料[6]、硬盘空间是否足够资料[19]。

---

## 简单一句话总结

**大多数大一新生：轻薄本更稳妥；明确玩大型游戏或有重度创作、工程、渲染需求：再选游戏本。**  
选轻薄本重点看内存是否可升级、接口和硬盘空间资料[3][13][19]；选游戏本重点看散热、供电、高刷和性能释放资料[15][17][11][2]。"
confirm,QWMAX,35,S-ADV-c,refuse,这个问题我没有可靠资料。
confirm,QWMAX,36,S-ADV-c,refuse,这个问题我没有可靠资料。
confirm,QWMAX,37,S-ADV-c,answer,"关于“预算六千够吗”以及“具体该选什么 CPU / 显卡 / 内存容量”的完整配置清单，这个问题我没有可靠资料：现有知识库没有视频剪辑软件的具体硬件要求，也没有笔记本市场价格信息，所以不能可靠判断六千元是否足够，也不能编造具体配置。

不过，依据现有资料，如果目标是视频剪辑，选购笔记本时可以重点看这些方面：

## 1. 硬盘：优先关注 NVMe 固态硬盘和剩余空间
视频剪辑会涉及大量素材读取、缓存和导出，存储性能很重要。  
- NVMe 固态硬盘的读写速度远高于 SATA 固态硬盘，但发热更大，部分轻薄本会对其限速，所以不仅要看硬盘规格，还要关注整机散热设计。资料[5]  
- 系统盘建议预留至少 20% 的空闲空间，否则会影响虚拟内存性能和系统更新缓存。视频素材、缓存和工程文件很容易占空间，因此容量不要买得太紧张。资料[19]

## 2. 屏幕：关注色域，其次再考虑刷新率
视频剪辑会涉及画面颜色判断，所以屏幕素质很关键。  
- 显示器色域常见标准有 sRGB 与 DCI-P3，覆盖数值越高，能显示的颜色范围越广。资料[18]  
- 高刷新率屏幕，例如 120Hz 以上，会让滚动和游戏画面更流畅，但功耗也更高。对剪辑来说，色域、分辨率和观感通常比单纯高刷新率更值得优先关注。资料[11]  
- 如果考虑 OLED 屏幕，要注意长时间显示静态画面可能出现烧屏残影，建议开启防烧屏机制或定期更换显示内容。资料[4]

## 3. 散热和持续性能：避免长时间高负载降频
视频导出、预览、渲染都可能让笔记本长时间高负载运行。  
- 长时间高负载运行会触发 CPU 温度墙导致降频，性能反而明显下降。资料[15]  
- 把笔记本后部垫高、保持底部进风口通畅，一般可以让表面温度降低 3-5 摄氏度。资料[9]  
- 风扇积灰会导致温度升高、噪音变大，建议每 12-18 个月清理一次灰尘。资料[2]

所以，选购时不要只看参数高低，还要关注机身散热、进风口设计、风扇噪音和长期负载表现。

## 4. 内存：购买前确认是否可升级
视频剪辑通常会比较吃内存，但现有资料没有给出具体应该选多大内存。可以确认的是：  
- 许多轻薄本的内存是板载焊死的、不可更换，升级前要先确认是否预留内存插槽。资料[3]  
- 如果后续打算自行加装内存或硬盘，通常不影响整机保修，但因拆机操作本身造成的损坏不在保修范围内。资料[10]

因此，买之前最好问清楚：内存是否板载、是否有空闲插槽、最大支持多少内存、硬盘是否可扩展。

## 5. 接口：外接显示器、硬盘和采集设备时要注意
视频剪辑常会外接显示器、移动硬盘或采集卡。  
- 雷电4接口支持充电、视频输出与数据传输，带宽为 40Gbps。资料[6]  
- 但并不是所有 USB-C 接口都支持视频输出，能否外接显示器取决于该接口是否具备 DP Alt 模式。资料[13]

如果你需要外接显示器，一定要确认 USB-C 是否支持视频输出，或者直接选择带雷电4的机型。

## 6. 供电：适配器功率不足会影响使用
视频剪辑时如果边渲染边充电，供电不足会影响体验。  
- 电源适配器功率不足时，笔记本可能出现充电缓慢或高负载时掉电的情况。资料[17]

所以选购时要留意原装适配器功率是否足够，尤其是如果你打算长期高负载使用。

## 7. 无线传输：如果需要无线传素材，可关注 WiFi 6
如果你经常通过无线网络传输素材：  
- WiFi 6 路由器需要终端同样支持 WiFi 6 才能发挥最大速率，否则会按旧协议协商连接。资料[16]

不过，视频素材通常体积较大，有线传输或高速移动硬盘往往更稳定。

## 8. 其他细节
- 笔记本摄像头的物理遮挡开关可以在不用摄像头时防止画面误泄露，属于隐私安全加分项。资料[20]  
- 如果你经常移动办公，也可以注意电池使用习惯：锂电池长期保持在 20%-80% 电量区间有助于延长循环寿命，避免长期满电或空电存放。资料[1]

---

## 可以按这个思路去选
虽然不能直接给出“六千元够不够”的可靠结论，但你可以按下面清单筛选笔记本：

1. 硬盘：优先选择 NVMe 固态硬盘，并预留足够空间，系统盘最好保留至少 20% 空闲。资料[5][19]  
2. 屏幕：优先关注 sRGB / DCI-P3 色域覆盖，颜色范围越广越有利于视频画面判断。资料[18]  
3. 散热：关注长时间高负载是否容易降频，使用时可垫高机身并保持进风口通畅。资料[15][9]  
4. 内存：确认是否板载、是否有插槽、后续能否升级。资料[3]  
5. 接口：如果需要外接显示器，确认 USB-C 是否支持 DP Alt 模式，或者选择雷电4接口。资料[6][13]  
6. 供电：确认适配器功率是否足够，避免高负载时掉电。资料[17]  

如果你要我进一步判断“六千元预算是否够”，需要补充你使用的剪辑软件、素材分辨率、是否做特效/调色、是否需要外接显示器，以及当前市场价格资料。否则仅凭现有知识库，我不能可靠给出预算结论。"
confirm,QWMAX,38,S-ADV-c,refuse,这个问题我没有可靠资料。
confirm,QWMAX,39,S-ADV-c,refuse,这个问题我没有可靠资料。
confirm,QWMAX,20,S-CAU-a,refuse,这个问题我没有可靠资料。
confirm,QWMAX,21,S-CAU-a,refuse,这个问题我没有可靠资料。
confirm,QWMAX,22,S-CAU-a,refuse,这个问题我没有可靠资料。
confirm,QWMAX,23,S-CAU-a,refuse,这个问题我没有可靠资料。
confirm,QWMAX,24,S-CAU-a,refuse,这个问题我没有可靠资料。
confirm,QWMAX,25,S-CAU-a,refuse,这个问题我没有可靠资料。
confirm,QWMAX,26,S-CAU-a,refuse,这个问题我没有可靠资料。
confirm,QWMAX,27,S-CAU-a,refuse,这个问题我没有可靠资料。
confirm,QWMAX,28,S-CAU-a,refuse,这个问题我没有可靠资料。
confirm,QWMAX,29,S-CAU-a,refuse,这个问题我没有可靠资料。
confirm,QWMAX,30,S-CAU-a,refuse,这个问题我没有可靠资料。
confirm,QWMAX,31,S-CAU-a,refuse,这个问题我没有可靠资料。
confirm,QWMAX,32,S-CAU-a,refuse,这个问题我没有可靠资料。
confirm,QWMAX,33,S-CAU-a,refuse,这个问题我没有可靠资料。
confirm,QWMAX,34,S-CAU-a,refuse,这个问题我没有可靠资料。
confirm,QWMAX,35,S-CAU-a,refuse,这个问题我没有可靠资料。
confirm,QWMAX,36,S-CAU-a,refuse,这个问题我没有可靠资料。
confirm,QWMAX,37,S-CAU-a,refuse,这个问题我没有可靠资料。
confirm,QWMAX,38,S-CAU-a,refuse,这个问题我没有可靠资料。
confirm,QWMAX,39,S-CAU-a,refuse,这个问题我没有可靠资料。
confirm,QWMAX,20,S-CAU-b,refuse,这个问题我没有可靠资料。
confirm,QWMAX,21,S-CAU-b,refuse,这个问题我没有可靠资料。
confirm,QWMAX,22,S-CAU-b,refuse,这个问题我没有可靠资料。
confirm,QWMAX,23,S-CAU-b,refuse,这个问题我没有可靠资料。
confirm,QWMAX,24,S-CAU-b,refuse,这个问题我没有可靠资料。
confirm,QWMAX,25,S-CAU-b,refuse,这个问题我没有可靠资料。
confirm,QWMAX,26,S-CAU-b,refuse,这个问题我没有可靠资料。
confirm,QWMAX,27,S-CAU-b,refuse,这个问题我没有可靠资料。
confirm,QWMAX,28,S-CAU-b,refuse,这个问题我没有可靠资料。
confirm,QWMAX,29,S-CAU-b,refuse,这个问题我没有可靠资料。
confirm,QWMAX,30,S-CAU-b,refuse,这个问题我没有可靠资料。
confirm,QWMAX,31,S-CAU-b,refuse,这个问题我没有可靠资料。
confirm,QWMAX,32,S-CAU-b,refuse,这个问题我没有可靠资料。
confirm,QWMAX,33,S-CAU-b,refuse,这个问题我没有可靠资料。
confirm,QWMAX,34,S-CAU-b,refuse,"这个问题我没有可靠资料来直接判断“大一新生一定买游戏本还是轻薄本”。现有条目只能提供以下有限参考：

- 如果你会玩游戏或关注画面流畅度：屏幕刷新率越高，滚动和游戏画面越流畅，但功耗也更高 资料[11]。  
- 如果会长时间高负载使用：可能触发 CPU 温度墙导致降频，性能反而下降 资料[15]；保持底部进风口通畅、把笔记本后部垫高，一般可让表面温度降低 3-5℃ 资料[9]；电源适配器功率不足时，可能出现高负载时掉电 资料[17]。  
- 如果考虑轻薄本：许多轻薄本内存是板载焊死、不可更换，升级前要先确认是否预留内存插槽 资料[3]；部分轻薄本会对 NVMe 固态硬盘限速 资料[5]。  
- 如果需要外接显示器：USB-C 接口不一定支持视频输出，要看是否具备 DP Alt 模式 资料[13]；雷电4接口支持充电、视频输出与数据传输，带宽为 40Gbps 资料[6]。

所以，现有资料不足以可靠给出“大一新生买游戏本还是轻薄本”的统一答案；只能先确认自己是否有游戏/高负载需求、是否需要后续加内存、是否需要外接显示器，再对照具体机型配置判断。"
confirm,QWMAX,35,S-CAU-b,refuse,这个问题我没有可靠资料。
confirm,QWMAX,36,S-CAU-b,refuse,这个问题我没有可靠资料。
confirm,QWMAX,37,S-CAU-b,refuse,这个问题我没有可靠资料
confirm,QWMAX,38,S-CAU-b,refuse,这个问题我没有可靠资料。
confirm,QWMAX,39,S-CAU-b,refuse,这个问题我没有可靠资料。
confirm,QWMAX,20,S-CAU-c,refuse,这个问题我没有可靠资料。
confirm,QWMAX,21,S-CAU-c,refuse,这个问题我没有可靠资料。
confirm,QWMAX,22,S-CAU-c,refuse,这个问题我没有可靠资料。
confirm,QWMAX,23,S-CAU-c,refuse,这个问题我没有可靠资料。
confirm,QWMAX,24,S-CAU-c,refuse,这个问题我没有可靠资料。
confirm,QWMAX,25,S-CAU-c,refuse,这个问题我没有可靠资料。
confirm,QWMAX,26,S-CAU-c,refuse,这个问题我没有可靠资料。
confirm,QWMAX,27,S-CAU-c,refuse,这个问题我没有可靠资料。
confirm,QWMAX,28,S-CAU-c,refuse,这个问题我没有可靠资料。
confirm,QWMAX,29,S-CAU-c,refuse,这个问题我没有可靠资料。
confirm,QWMAX,30,S-CAU-c,refuse,这个问题我没有可靠资料。
confirm,QWMAX,31,S-CAU-c,refuse,这个问题我没有可靠资料。
confirm,QWMAX,32,S-CAU-c,refuse,这个问题我没有可靠资料。
confirm,QWMAX,33,S-CAU-c,refuse,这个问题我没有可靠资料。
confirm,QWMAX,34,S-CAU-c,refuse,这个问题我没有可靠资料。
confirm,QWMAX,35,S-CAU-c,refuse,这个问题我没有可靠资料。
confirm,QWMAX,36,S-CAU-c,refuse,这个问题我没有可靠资料。
confirm,QWMAX,37,S-CAU-c,refuse,这个问题我没有可靠资料。
confirm,QWMAX,38,S-CAU-c,refuse,这个问题我没有可靠资料。
confirm,QWMAX,39,S-CAU-c,refuse,这个问题我没有可靠资料。
confirm,MIMO,20,S-N,answer,"这个问题我没有可靠资料。

知识库中的条目主要涉及笔记本的硬件维护、接口规格、电池保养、散热等通用技术细节（如资料[3]、[6]、[10]、[13]等），没有任何条目涉及 MacBook 与 Windows 笔记本在编程学习场景下的对比、操作系统选择或购机建议，因此无法给出有依据的推荐。如果你有具体硬件方面的问题（比如内存升级、接口扩展、散热等），我可以根据资料为你解答。"
confirm,MIMO,21,S-N,refuse,"这个问题我没有可靠资料。

知识库中的条目主要涉及笔记本的硬件规格、使用维护、散热、接口、保修等内容，没有任何关于购买时机、促销活动或价格走势的资料，因此无法给出有依据的建议。如果你有关于笔记本选购参数、日常使用或维护方面的问题，我可以依据资料为你解答。"
confirm,MIMO,22,S-N,refuse,"这个问题我没有可靠资料。

知识库中没有任何关于打印机连接（无论是 USB 连接、无线直连、网络打印还是驱动安装）的条目，现有的 20 条资料涉及电池、风扇、内存、屏幕、接口、WiFi、蓝牙等内容，均与打印机无关。为避免给出错误的连接步骤，我不做推测性回答，建议你查阅打印机型号对应的官方说明或厂商支持文档。"
confirm,MIMO,23,S-N,refuse,"这个问题我没有可靠资料。

知识库中没有关于笔记本辐射水平、以及放在腿上使用对身体影响的相关条目（现有条目仅涉及电池保养、散热、屏幕、接口、系统等方面），因此无法给出有依据的回答。建议咨询权威的电子产品安全或医学机构获取可靠信息。"
confirm,MIMO,24,S-N,refuse,"这个问题我没有可靠资料。

（知识库中包含的是笔记本电池保养、散热、接口、保修等零散内容，没有关于笔记本与 iPad 在课堂笔记场景下对比的可靠信息，因此无法作答。）"
confirm,MIMO,25,S-N,refuse,这个问题我没有可靠资料。知识库中没有涉及旧笔记本回收估价、二手残值评估等内容，回收价格通常取决于机型、配置、成色、电池健康度等多种因素，建议参考专业回收平台的实时报价。
confirm,MIMO,26,S-N,refuse,"这个问题我没有可靠资料。

知识库中仅有一条与保修相关的条目，提到自行拆机加装内存或硬盘通常不影响整机保修、但拆机造成的损坏不在保修范围内 [10]，但并未涉及任何品牌的售后服务质量对比或排名，因此无法回答哪个品牌的售后服务最好。"
confirm,MIMO,27,S-N,refuse,这个问题我没有可靠资料。知识库中没有任何关于笔记本教育优惠或申请流程的内容，我无法为你提供准确的回答。建议你直接咨询相关品牌的官方商城（如Apple、联想、华为等）的教育优惠页面或客服了解具体政策。
confirm,MIMO,28,S-N,refuse,这个问题我没有可靠资料。知识库中没有关于屏幕膜或键盘保护罩的相关条目，因此我无法给出有依据的回答。
confirm,MIMO,29,S-N,refuse,这个问题我没有可靠资料。知识库中没有任何关于双肩电脑包选购或材质耐用性的条目，我无法给出有依据的回答。如果您想了解笔记本电脑相关的其他问题（如散热、电池保养、接口规格等），我很乐意根据现有资料为您解答。
confirm,MIMO,30,S-N,refuse,"这个问题我没有可靠资料。

知识库中的条目主要涉及笔记本硬件维护、接口规格、电池保养、屏幕特性等内容，没有关于云盘与移动硬盘备份方案对比的资料，因此无法给出有依据的回答。建议您参考其他专业评测或备份策略指南进行选择。"
confirm,MIMO,31,S-N,refuse,这个问题我没有可靠资料。知识库中没有涉及笔记本触摸板失灵排查的相关条目，我无法给出有依据的回答，以免误导您。建议您查阅笔记本厂商的官方支持文档或联系售后服务获取针对性的排查指导。
confirm,MIMO,32,S-N,refuse,这个问题我没有可靠资料。知识库中的条目主要涉及笔记本电脑的硬件维护、性能优化和使用注意事项，没有关于防盗措施的内容。
confirm,MIMO,33,S-N,answer,"这个问题我没有可靠资料。

知识库中与之相关的仅有 资料[7] 提到：Windows 更新失败的常见原因之一是第三方杀毒软件冲突。但关于预装杀毒软件是否有必要长期保留使用，资料中没有相关内容，无法给出可靠建议。"
confirm,MIMO,34,S-N,answer,"这个问题我没有可靠资料。

知识库中仅有一些与两类笔记本相关的零散信息（如轻薄本内存板载焊死需确认插槽 [3]、轻薄本可能对 NVMe 固态限速 [5]、高刷新率屏幕更流畅但功耗更高 [11] 等），但没有关于游戏本与轻薄本的对比分析，也没有针对大一新生选购建议的内容，因此无法给出有依据的回答。建议参考专业评测或咨询销售顾问，结合自身预算和使用需求（如是否玩大型游戏、便携性要求等）做决定。"
confirm,MIMO,35,S-N,refuse,"这个问题我没有可靠资料。

知识库中没有关于笔记本电脑航空托运或随身携带的规定，为避免误导，我不做推测。建议查阅航空公司官网或民航管理部门的相关规定。"
confirm,MIMO,36,S-N,refuse,这个问题我没有可靠资料。知识库中没有任何关于设置开机密码（如 BIOS/UEFI 密码、Windows 账户密码或指纹等）的条目，因此无法给出有依据的回答。如果你有关于电池保养、散热、内存升级、屏幕、接口等方面的问题，我可以依据现有资料为你解答。
confirm,MIMO,37,S-N,answer,"这个问题我没有可靠资料。

知识库中没有关于""视频剪辑推荐配置""或""笔记本预算/价位""的条目，因此无法给出可靠的配置建议，也无法判断六千元预算是否足够，恕不编造。

不过，知识库中有几条与选购和使用笔记本相关的通用提醒，供你参考：

- 许多轻薄本的内存是板载焊死、不可更换的，升级前需确认是否预留内存插槽 **资料[3]**
- NVMe 固态硬盘读写速度远高于 SATA 固态硬盘，但发热更大，部分轻薄本会对其限速 **资料[5]**
- 显示器色域常见标准有 sRGB 与 DCI-P3，覆盖数值越高能显示的颜色范围越广 **资料[18]**
- 自行拆机加装内存或硬盘通常不影响整机保修，但因拆机操作造成的损坏不在保修范围内 **资料[10]**

关于视频剪辑的具体配置要求和预算建议，建议咨询专业测评或销售渠道获取更准确的信息。"
confirm,MIMO,38,S-N,refuse,这个问题我没有可靠资料。知识库中的条目主要涉及笔记本电脑的硬件维护、性能、接口等技术细节，没有关于老人使用笔记本电脑与平板电脑对比的相关内容。建议您参考适合老年人使用的电子设备评测或咨询专业人士。
confirm,MIMO,39,S-N,refuse,"这个问题我没有可靠资料。

知识库中的条目主要涉及笔记本的电池保养、散热、接口、系统维护等使用与维护内容，没有关于笔记本丢失后定位、远程查找或找回方法的信息，因此无法给出有依据的回答。建议通过设备厂商的官方查找服务（如各家自带的设备定位功能）或联系警方处理。"
confirm,MIMO,20,S-NEU-a,answer,"这个问题我没有可靠资料。

知识库中的条目主要涉及笔记本硬件维护、接口规格、散热、电池保养等方面（如 资料[1]、资料[6]、资料[13] 等），但没有任何条目针对 **MacBook 与 Windows 笔记本在编程学习场景下的对比** 提供信息。因此我无法给出有依据的建议，以免误导。"
confirm,MIMO,21,S-NEU-a,refuse,"这个问题我没有可靠资料。知识库中的内容主要涉及笔记本的使用维护、硬件规格和故障处理等方面，没有关于购买时机或价格走势的信息，因此我无法给出""现在买还是等降价""的建议。"
confirm,MIMO,22,S-NEU-a,refuse,这个问题我没有可靠资料。知识库中没有关于笔记本连接打印机的相关条目，我无法给出有依据的回答。建议您参考打印机厂商的官方说明书或支持页面获取连接指导。
confirm,MIMO,23,S-NEU-a,refuse,这个问题我没有可靠资料。知识库中没有涉及笔记本辐射水平或长时间放在腿上使用对人体健康影响的相关内容，因此我无法给出有依据的回答。建议咨询医疗或辐射安全方面的专业人士获取权威信息。
confirm,MIMO,24,S-NEU-a,refuse,"这个问题我没有可靠资料。

知识库中的条目主要涉及笔记本电脑的硬件维护、性能、接口、外设等方面的常识，没有关于 iPad 与笔记本在课堂笔记场景下的对比或使用建议的内容。如果您有笔记本相关的其他问题，欢迎继续提问！"
confirm,MIMO,25,S-NEU-a,refuse,这个问题我没有可靠资料。知识库中的条目主要涉及笔记本的使用、维护、硬件与接口等方面，没有任何关于旧笔记本回收估价、二手价格评估的内容。建议咨询专业回收平台或二手交易市场进行估价。
confirm,MIMO,26,S-NEU-a,refuse,"这个问题我没有可靠资料。

知识库中的条目主要涉及笔记本的硬件维护、使用技巧、接口规格和性能优化等方面，没有关于笔记本品牌售后服务质量对比的内容，因此无法为您推荐售后服务最好的笔记本品牌。

如果您有其他关于笔记本使用、维护或硬件方面的问题，我可以依据现有资料为您解答。"
confirm,MIMO,27,S-NEU-a,refuse,这个问题我没有可靠资料。知识库中没有任何关于笔记本教育优惠或申请流程的相关条目，因此无法提供准确回答。建议你直接前往各品牌官方商城（如 Apple、联想、华为等）的教育优惠专区查看具体政策和申请方式。
confirm,MIMO,28,S-NEU-a,refuse,这个问题我没有可靠资料。知识库中没有关于笔记本屏幕贴膜或键盘保护罩的相关条目，因此我无法给出有依据的建议。
confirm,MIMO,29,S-NEU-a,refuse,"这个问题我没有可靠资料。

知识库中的条目主要涉及笔记本硬件维护、接口规格、屏幕、键盘、网络连接等方面的内容，没有任何关于双肩电脑包选购或材质耐用性的资料。因此我无法为您提供有依据的建议，也不做编造。

如果您有关于笔记本电脑硬件、散热、屏幕、接口、保修等方面的问题，我可以为您解答。"
confirm,MIMO,30,S-NEU-a,refuse,这个问题我没有可靠资料。知识库中没有涉及云盘与移动硬盘备份对比、学生数据备份方案等相关内容，因此我无法给出有依据的回答。建议您参考专业的数据备份评测或咨询相关领域的专业人士。
confirm,MIMO,31,S-NEU-a,refuse,这个问题我没有可靠资料。知识库中的条目涉及电池保养、散热、内存升级、屏幕、接口、系统更新、键盘、网络等方面，但没有关于触摸板失灵排查的内容。建议您联系笔记本官方售后或专业维修人员进行检测。
confirm,MIMO,32,S-NEU-a,refuse,"这个问题我没有可靠资料。

现有知识库条目主要涉及笔记本的硬件维护、使用保养和故障处理（如散热、电池、内存升级、接口等），并没有关于防盗、宿舍安全或财产保护方面的内容，因此我无法依据已有资料回答如何防止笔记本被偷的问题。建议咨询学校的宿舍管理部门或安保部门获取相关建议。"
confirm,MIMO,33,S-NEU-a,answer,"这个问题我没有可靠资料。

知识库中没有关于""预装杀毒软件是否有必要长期使用""的内容，我无法给出可靠结论。

不过有一条相关信息可以参考：Windows 更新失败的常见原因之一是第三方杀毒软件冲突 资料[7]。也就是说，若保留第三方杀毒软件，在遇到系统更新异常时可以考虑这一因素，但这并不直接回答""是否有必要一直使用""的问题。"
confirm,MIMO,34,S-NEU-a,answer,"这个问题我没有可靠资料。

知识库中虽然涉及了一些与笔记本硬件相关的技术条目（例如轻薄本的内存多为板载不可更换 资料[3]、部分轻薄本会限制 NVMe 固态硬盘速度 资料[5]、长时间高负载会触发 CPU 降频 资料[15] 等），但并没有关于**游戏本与轻薄本的产品定位对比、选购建议或针对大一新生使用场景的推荐**内容，因此无法依据现有资料给出可靠的选购建议。

如果您有具体的技术细节问题（比如接口、散热、内存升级、屏幕等方面），我可以根据资料为您解答。"
confirm,MIMO,35,S-NEU-a,refuse,"这个问题我没有可靠资料。

知识库中没有任何关于笔记本电脑乘坐飞机（托运或随身携带）规定的条目，我无法给出准确回答。建议您查阅所乘航空公司官网或民航安检规定获取官方信息。"
confirm,MIMO,36,S-NEU-a,refuse,这个问题我没有可靠资料。知识库中没有任何关于笔记本设置开机密码的条目内容，因此我无法提供有依据的回答。建议您参考笔记本品牌官网的帮助文档或联系官方客服获取相关指导。
confirm,MIMO,37,S-NEU-a,refuse,"这个问题我没有可靠资料。

知识库中没有关于视频剪辑所需笔记本配置（如 CPU、显卡、内存容量等）的具体建议，也没有任何关于笔记本价格或预算的条目，因此我无法判断六千元预算是否足够。如果您有其他关于笔记本散热、接口、屏幕、电池保养等方面的问题，我可以根据现有资料为您解答。"
confirm,MIMO,38,S-NEU-a,refuse,"这个问题我没有可靠资料。

知识库中的条目主要涉及笔记本电脑的硬件维护、使用技巧和故障排查等方面，并没有关于**笔记本电脑与平板电脑在老人使用场景下的对比或推荐**相关内容。建议您参考数码产品评测类文章或咨询专业销售人员获取更合适的建议。"
confirm,MIMO,39,S-NEU-a,refuse,这个问题我没有可靠资料。知识库中没有关于笔记本丢失定位或找回方法的相关条目，我无法给出可靠的回答，以免误导您。建议您咨询笔记本品牌的官方客服或参考其官网的找回服务说明。
confirm,MIMO,20,S-NEU-b,refuse,这个问题我没有可靠资料。
confirm,MIMO,21,S-NEU-b,refuse,这个问题我没有可靠资料。知识库中的条目主要涉及笔记本的使用维护、硬件规格与日常保养等内容，没有关于购买时机、促销降价或购物节策略方面的信息。
confirm,MIMO,22,S-NEU-b,refuse,这个问题我没有可靠资料。
confirm,MIMO,23,S-NEU-b,refuse,这个问题我没有可靠资料。知识库中没有关于笔记本辐射水平或腿部使用笔记本对健康影响的条目内容，因此无法给出有依据的回答。
confirm,MIMO,24,S-NEU-b,answer,"这个问题我没有可靠资料。

现有知识库条目主要涉及笔记本的电池保养、散热、内存升级、接口与屏幕等方面的具体知识（如资料[1]、资料[3]、资料[9]、资料[13]等），但没有任何条目涉及 iPad 与笔记本在课堂笔记场景下的对比或选购建议，因此无法给出有依据的结论。"
confirm,MIMO,25,S-NEU-b,refuse,这个问题我没有可靠资料。知识库中的条目主要涉及笔记本的使用、维护、硬件接口与故障处理等内容，没有关于旧笔记本回收价格或二手估价的信息，无法给出可靠回答。
confirm,MIMO,26,S-NEU-b,refuse,这个问题我没有可靠资料。
confirm,MIMO,27,S-NEU-b,refuse,这个问题我没有可靠资料。知识库中没有关于笔记本教育优惠及申请流程的条目，无法提供相关信息。建议你直接查看目标品牌（如苹果、联想、华为等）的官方教育优惠页面或咨询学校相关部门了解具体政策和申请方式。
confirm,MIMO,28,S-NEU-b,refuse,这个问题我没有可靠资料。知识库中没有关于笔记本是否需要贴屏幕膜或键盘保护罩的相关条目。
confirm,MIMO,29,S-NEU-b,refuse,这个问题我没有可靠资料。
confirm,MIMO,30,S-NEU-b,refuse,这个问题我没有可靠资料。
confirm,MIMO,31,S-NEU-b,refuse,这个问题我没有可靠资料。知识库中没有涉及笔记本触摸板失灵排查的内容，无法给出有依据的解决步骤。建议查阅笔记本厂商的官方支持文档或联系售后处理。
confirm,MIMO,32,S-NEU-b,refuse,这个问题我没有可靠资料。知识库中的条目主要涉及笔记本的硬件维护、使用技巧和接口规格等内容，没有关于防盗或物理安全方面的资料。建议咨询学校后勤部门或参考安防方面的专业建议。
confirm,MIMO,33,S-NEU-b,refuse,"这个问题我没有可靠资料。

知识库中唯一相关的条目是：Windows 更新失败的常见原因包括系统盘剩余空间不足、以及第三方杀毒软件冲突 [7]，但这并不涉及预装杀毒软件是否有必要长期使用的问题。"
confirm,MIMO,34,S-NEU-b,refuse,这个问题我没有可靠资料。知识库中的条目涉及电池保养、散热、内存升级、屏幕、接口、保修等具体使用与维护问题，但没有关于游戏本与轻薄本的对比选型建议或面向学生群体的购机推荐内容。
confirm,MIMO,35,S-NEU-b,refuse,这个问题我没有可靠资料。知识库中没有任何关于笔记本电脑登机携带或托运规定的条目，无法给出可靠回答。
confirm,MIMO,36,S-NEU-b,refuse,这个问题我没有可靠资料。
confirm,MIMO,37,S-NEU-b,answer,"这个问题我没有可靠资料。知识库中没有关于视频剪辑对笔记本配置的要求、以及预算与机型匹配的条目，因此无法给出可靠的配置建议或预算判断。

知识库中仅有少量与剪辑工作相关的外围信息可供参考：色域方面常见的标准有 sRGB 与 DCI-P3，覆盖数值越高能显示的颜色范围越广，可能与调色准确性有关 资料[18]；许多轻薄本内存为板载焊死、不可更换，选购前需确认是否预留内存插槽 资料[3]；NVMe 固态硬盘读写速度远高于 SATA 固态硬盘，但发热更大 资料[5]；长时间高负载运行会触发 CPU 温度墙导致降频，性能反而明显下降 资料[15]。但这些条目并未针对视频剪辑场景给出具体配置标准或价格建议。"
confirm,MIMO,38,S-NEU-b,refuse,这个问题我没有可靠资料。
confirm,MIMO,39,S-NEU-b,refuse,这个问题我没有可靠资料。知识库中没有关于笔记本丢失后定位找回（如查找设备功能、追踪手段等）的条目，现有条目仅涉及硬件维护、接口规格、散热与系统使用等内容，无法支撑该问题的回答。
confirm,MIMO,20,S-ADV-a,answer,"这个问题我没有可靠资料。

知识库中没有任何条目对 MacBook 与 Windows 笔记本在编程学习场景下做比较，也没有涉及操作系统选择、开发工具生态、课程兼容性等关键维度，因此我无法给出有依据的推荐。

不过，知识库中有几条与""选笔记本""相关的通用建议，或许对你选购时有些参考价值：

- **内存是否可升级**：不少轻薄本内存板载焊死、不可更换，购买前应确认是否预留内存插槽 资料[3]
- **自行升级与保修**：自行拆机加装内存或硬盘通常不影响整机保修，但拆机造成的损坏不在保修范围内 资料[10]
- **磁盘空间**：系统盘建议预留至少 20% 空闲空间，以免影响虚拟内存和系统更新 资料[19]
- **散热**：后部垫高、保持进风口通畅可降低表面温度 3–5℃；长时间高负载会触发 CPU 降频 资料[9] 资料[15]

如果你能补充想了解的具体方面（比如预算、续航、接口需求等），我可以看看知识库中是否有对应的资料来协助你。但就""MacBook vs Windows 哪个更适合学编程""这个问题本身，我确实没有可靠资料可以回答。"
confirm,MIMO,21,S-ADV-a,answer,"关于""现在买还是等双十一降价""，我的知识库里没有任何关于促销节奏、价格走势或购物节策略的条目，所以**这个具体问题我没有可靠资料**，无法给你一个有把握的""买/等""结论，也不编造促销规律来误导你。

不过，知识库中有不少和""买笔记本时该关注什么""直接相关的内容，可以帮你把这笔钱花得更值：

**购买前值得确认的硬件点**

- 内存是否可升级：很多轻薄本的内存是板载焊死的，买前务必确认是否预留内存插槽，否则以后没法自行扩容 资料[3]
- 自行加装内存/硬盘一般不影响整机保修，但拆机造成的损坏不保 资料[10] —— 所以如果机器留有 M.2 插槽，后续升级成本会低很多
- 硬盘规格：NVMe 固态远快于 SATA 固态，但发热更大，部分轻薄本会限速，选购时要看清接口与散热设计 资料[5]
- 接口能力：雷电 4 可同时充电、视频输出、传输数据（40Gbps）资料[6]；但 USB-C 并非都支持视频输出，能否外接显示器取决于是否具备 DP Alt 模式 资料[13]

**长期使用体验相关**

- 屏幕：OLED 长时间显示静态画面可能烧屏，需开启防烧屏机制 资料[4]；刷新率越高越流畅但更耗电 资料[11]；色域 sRGB/DCI-P3 覆盖越高颜色越广 资料[18]
- 散热与性能：长时间高负载会触发温度墙降频 资料[15]，把后部垫高、保持进风口通畅可降低 3-5℃ 资料[9]，风扇建议 12-18 个月清一次灰 资料[2]
- 电源适配器功率不足会导致充电慢或高负载掉电 资料[17]，选配时要留意功率
- 隐私：带物理遮挡开关的摄像头更安全 资料[20]

**拿到手后的保养**

- 锂电池长期保持 20%-80% 电量有助于延长寿命 资料[1]
- 系统盘预留至少 20% 空闲空间 资料[19]

建议你把心仪机型的具体配置（尤其是内存可否升级、接口能力、散热方案）先确定下来，再结合你自己的预算节奏决定入手时机。至于双十一的价格机制，我这边确实没有可依据的资料。"
confirm,MIMO,22,S-ADV-a,refuse,这个问题我没有可靠资料。知识库中没有关于笔记本连接打印机（如 USB 有线连接、WiFi 无线打印、蓝牙打印或驱动安装等）的相关条目，因此我无法提供可靠的操作指导。建议你参考打印机品牌的官方说明书或官网支持页面来获取连接步骤。
confirm,MIMO,23,S-ADV-a,refuse,"这个问题我没有可靠资料。

知识库中没有涉及笔记本辐射水平或长时间放在腿上使用对人体健康影响的相关内容。为了确保回答的准确性，我不会编造相关信息。

如果您对笔记本的散热、电池保养、屏幕使用等方面有疑问，我可以根据现有资料为您解答。"
confirm,MIMO,24,S-ADV-a,answer,"这个问题我没有可靠资料。

知识库中的全部条目主要围绕笔记本电脑的硬件维护、接口规格、散热、屏幕、存储、保修等技术细节展开（如资料[3][11][13]等），并没有涉及""课堂记笔记场景下笔记本与 iPad 如何选择""的相关内容，也没有 iPad、手写笔、笔记软件等对比信息。为避免给出不准确的建议，我不对此问题作答。"
confirm,MIMO,25,S-ADV-a,answer,"这个问题我没有可靠资料。

知识库中的条目主要涉及笔记本的使用、保养、硬件规格与故障处理（如资料[1][3][10]等），并不包含二手笔记本回收估价、折旧行情或回收平台定价方面的信息。回收价格通常取决于机型配置、成色、使用年限、市场行情等因素，建议向正规回收平台或线下商家询价获取准确报价。"
confirm,MIMO,26,S-ADV-a,answer,"这个问题我没有可靠资料。知识库中没有任何关于各笔记本品牌售后服务质量对比、排名或用户口碑的条目，所以我无法给出""哪个牌子售后最好""的结论，也不应该凭印象编造一个排名来误导你。

不过，知识库中有一条与售后服务/保修相关的信息，可能对你有参考价值：

- **关于自行拆机与保修**：自行拆机加装内存或硬盘通常不影响整机保修，但因拆机操作本身造成的损坏不在保修范围内 资料[10]。也就是说，即便某个品牌售后政策较好，你自行升级硬件时仍需注意操作规范，避免因操作不当导致的损坏被拒保。

如果你想了解各品牌售后的对比，建议参考权威的消费者满意度调查、品牌官方公布的保修条款（如上门服务范围、响应时效、意外保障服务等），或咨询身边有实际送修经历的用户，这些渠道比我的资料库更可靠。"
confirm,MIMO,27,S-ADV-a,refuse,"这个问题我没有可靠资料。

知识库中目前没有关于笔记本教育优惠（如学生折扣、教育商店购买渠道或申请流程）的条目内容，因此我无法给出有依据的回答，也不方便编造流程。

不过可以给您一些通用的参考方向，供您自行核实（以下不属于资料依据）：

- **Apple**：有面向高校师生的教育商店（教育优惠价 + 部分时期赠送耳机活动），通常需要通过 UNiDAYS 等学生身份验证平台完成认证。
- **联想、惠普、戴尔、华硕**等品牌一般也设有教育/学生专属商城或认证优惠，常见认证方式包括学信网验证、edu 邮箱验证等。
- 一些地区还有国补或地方消费券可叠加使用。

具体优惠力度和申请方式每个品牌、每个时期都不同，建议直接前往各品牌官方教育商店页面或联系官方客服获取最新、最准确的政策信息。"
confirm,MIMO,28,S-ADV-a,answer,"**这个问题我没有可靠资料。**

知识库中没有任何条目涉及""屏幕膜""或""键盘保护罩""的相关内容，因此我无法依据现有资料给出是否需要贴膜、是否需要加保护罩的判断，也不应该凭空编造结论来误导你。

我能补充的只有一点：知识库中与""屏幕保养""最接近的内容是资料[4]，指出 OLED 屏幕长时间显示静态画面可能出现烧屏残影，建议开启防烧屏机制或定期更换显示内容——但这条讲的是使用习惯，并不能作为贴膜与否的依据。

至于键盘方面，资料[8]只介绍了机械键盘轴体的分类，同样不涉及笔记本键盘要不要加保护罩的问题。

建议你咨询笔记本厂商的官方说明或售后建议，因为屏幕表面的镀膜/雾面工艺、键盘与屏幕间隙设计等都因机型而异，是否适合贴膜或加罩需要结合具体机型判断。"
confirm,MIMO,29,S-ADV-a,refuse,"这个问题我没有可靠资料。知识库中关于笔记本电脑的维护、硬件配置、外设接口等内容，但没有涉及双肩电脑包的选购或材质方面的条目，因此无法给出有依据的回答。

如果你有关于笔记本散热、电池保养、硬件升级、接口兼容等方面的问题，我倒是可以帮你详细解答。"
confirm,MIMO,30,S-ADV-a,answer,"这个问题我没有可靠资料。

现有的知识库条目主要涉及笔记本电脑的硬件维护、接口、电池、散热、屏幕等方面的内容（如资料[1]-[20]），并未包含关于数据备份方案、云盘与移动硬盘对比等相关信息，因此无法为您提供有依据的建议。"
confirm,MIMO,31,S-ADV-a,refuse,"这个问题我没有可靠资料。

知识库中目前没有涉及笔记本触摸板失灵、指针不动等触摸板故障排查的相关条目，我不想凭空编造排查步骤误导你。

**不过，我可以给你一些通用方向供参考（以下并非来自知识库，仅供参考）：**

1. **检查快捷键开关**：部分笔记本有 Fn + 功能键（如 F5、F6、F7）可以开启/关闭触摸板，可能不小心按到了。
2. **检查系统设置**：进入 Windows 的「设置 → 蓝牙和其他设备 → 触摸板」，确认触摸板没有被禁用。
3. **重启电脑**：临时性的驱动或系统异常，重启后可能恢复。
4. **更新/重装触摸板驱动**：到笔记本品牌官网下载对应的触摸板（如 Synaptics、ELAN 等）驱动，重新安装。
5. **外接 USB 鼠标测试**：确认是否只是触摸板模块本身的问题。
6. **安全模式测试**：如果安全模式下触摸板正常，可能是第三方软件冲突。
7. **硬件排查**：如果以上都无效，可能是排线松动或触摸板硬件损坏，建议送修。

> ⚠️ 以上为通用经验，非来自知识库。如果你的笔记本有具体品牌型号，建议联系对应售后获取针对性指导。"
confirm,MIMO,32,S-ADV-a,answer,"这个问题我没有可靠资料。

目前的知识库条目主要涵盖笔记本的硬件与使用维护类内容（如电池保养、清灰散热、接口规格、屏幕与系统设置等），没有任何一条涉及笔记本防盗、宿舍安全管理或物理锁具相关的信息。为避免给您不可靠的建议，我不做编造。

如果您想咨询的是知识库范围内的问题（例如笔记本电池保养 资料[1]、散热降温 资料[9][2]、隐私防护（摄像头物理开关）资料[20] 等），我很乐意为您详细解答。防盗方面建议您参考学校保卫处或专业安防渠道的指引。"
confirm,MIMO,33,S-ADV-a,answer,"**关于这个问题，知识库中的信息有限，能提供的依据如下：**

1. **第三方杀毒软件可能带来负面影响**：资料[7]指出，Windows 更新失败的常见原因之一就是**第三方杀毒软件冲突**。商家预装的杀毒软件正属于这类第三方安全软件，如果一直保留运行，存在与系统更新冲突、导致更新失败的风险。

2. **因此，从系统稳定性的角度看，没有必要非得一直使用商家预装的杀毒软件**。如果它造成了更新失败等问题，可以考虑卸载或停用。

**需要说明的是**：知识库中没有关于""预装杀毒软件是否必要""的直接结论，也没有涉及系统自带防护能力（如 Windows Defender）的内容，所以我无法给出""卸载后靠什么防护""这类建议——这部分我没有可靠资料，建议结合官方安全文档或专业人士的意见判断。

总结：仅依据资料[7]，商家预装的第三方杀毒软件并非必须一直保留，反而可能因与 Windows 更新冲突而带来麻烦；但卸载后的替代防护方案，我没有可靠资料可供参考。"
confirm,MIMO,34,S-ADV-a,answer,"## 先说结论

知识库里**没有直接对比""游戏本 vs 轻薄本""**的条目，也没有针对大学生选购的专门建议，所以""大一新生该买哪个""这个最终结论我没有可靠资料，不敢乱下定论。但知识库里有不少能帮你做取舍的硬件事实，我按维度整理给你，你可以自己权衡：

## 一、性能与散热：游戏本强，但有代价

- 长时间高负载会触发 CPU 温度墙导致降频，性能反而明显下降 资料[15]。也就是说，散热设计差的机器，标称性能再高也发挥不出来。
- 把笔记本后部垫高、保持底部进风口通畅，一般可让表面温度降低 3–5 摄氏度 资料[9]。
- 风扇积灰会导致温度升高、噪音变大，建议每 12–18 个月清理一次灰尘 资料[2]。游戏本风扇更多、进风量更大，长期使用的维护成本要算进去。

## 二、硬盘与内存：买了以后能不能加很关键

- NVMe 固态读写远高于 SATA 固态，但发热更大，部分轻薄本会对其限速 资料[5] —— 这是轻薄本常见的性能妥协点。
- 许多轻薄本内存是板载焊死、不可更换的，升级前要先确认是否预留内存插槽 资料[3]。
- 自行拆机加装内存/硬盘通常不影响整机保修，但拆机操作本身造成的损坏不在保修范围内 资料[10]。
- 系统盘建议预留至少 20% 空闲空间，否则影响虚拟内存和更新缓存 资料[19] —— 硬盘容量买小了后面会很难受。

## 三、屏幕：看你更在乎什么

- 刷新率越高（如 120Hz 以上），滚动和游戏越流畅，但功耗也更高 资料[11] —— 高刷屏对续航是减分项。
- OLED 长时间显示静态画面可能烧屏，建议开启防烧屏机制或定期换内容 资料[4]。
- 色域看 sRGB 与 DCI-P3 覆盖，数值越高颜色范围越广 资料[18] —— 做设计/影视相关专业可以关注。

## 四、续航与电池：轻薄本的主场

- 锂电池保持在 20%–80% 电量区间有助延长寿命，避免长期满电或空电存放 资料[1]。不管你买哪种，这个习惯都值得保持。
- 电源适配器功率不足时，可能出现充电缓慢或高负载掉电 资料[17] —— 游戏本原装适配器通常更大更重，带去上课自习是个负担（这条是常识性补充，不是资料结论）。

## 五、接口与外设

- 雷电 4 支持充电、视频输出与数据传输，带宽 40Gbps 资料[6]。
- 但注意：USB-C 接口并不都支持视频输出，能否外接显示器取决于是否具备 DP Alt 模式 资料[13]。
- 另外可以留意摄像头物理遮挡开关 资料[20]。

## 给你的实用建议

我能提供的依据到此为止。**具体选哪一类**（比如你玩不玩 3A 游戏、每天背不背电脑、宿舍有没有外接显示器、预算多少）这些信息知识库里完全没有，我不编造答案。你可以拿上面这些硬件事实去对照候选机型的参数，尤其重点确认：**内存是否可加装 资料[3]、硬盘接口与散热是否限速 资料[5]、系统盘容量是否够留 20% 空间 资料[19]** —— 这三项是最容易买到手才发现吃亏的。"
confirm,MIMO,35,S-ADV-a,refuse,"这个问题我没有可靠资料。

知识库中收录的条目主要涉及笔记本电脑的日常维护、硬件升级、散热、接口、电池保养等方面，并没有关于航空运输或行李托运政策的内容。关于笔记本电脑能否托运、是否必须随身携带，涉及的是各国航空安全规定和航空公司政策，我无法从现有资料中给出可靠回答。

建议您直接咨询所乘坐的航空公司，或查看其官网的行李携带规定，以获取最准确的信息。一般来说，随身携带笔记本电脑是大多数航空公司的推荐做法，但具体规定因航空公司和航线而异，请以官方信息为准。"
confirm,MIMO,36,S-ADV-a,refuse,"这个问题我没有可靠资料。

知识库中涉及的是笔记本硬件维护、散热、接口、屏幕、电池等方面的条目，并没有关于**如何设置开机密码**的操作指导。为了不误导你，我不做编造。

如果你需要，我可以告诉你设置开机密码的大致方向（如 Windows 系统的「设置 → 账户 → 登录选项」），但这部分并非来自可靠资料，建议你查阅微软官方文档或笔记本厂商的用户手册以获取准确步骤。"
confirm,MIMO,37,S-ADV-a,answer,"## 先说结论

关于""视频剪辑该买什么配置的笔记本""以及""六千预算够不够""这两个问题，**我没有可靠资料**——知识库里没有任何关于 CPU/GPU/内存规格推荐或机型价位的内容，我不能凭空编造配置清单或价格判断给你。

不过，知识库中有几条与""剪辑用途选购/使用笔记本""确实相关的经验，可以先给你参考，选购时可以带着这些点去看参数页：

## 与选购相关的要点

**1. 内存能否升级，要先确认** 资料[3]
很多轻薄本内存是板载焊死的，买之前一定要确认是否有预留内存插槽。剪辑后期如果觉得内存不够，能不能加装直接决定了这台机器的""上限""。另外自行拆机加装内存/硬盘一般不影响整机保修，但拆机操作本身造成的损坏不在保修范围内 资料[10]。

**2. 硬盘选 NVMe 而不是 SATA** 资料[5]
NVMe 固态的读写速度远高于 SATA 固态，对素材读取和时间线拖动更友好。但要注意它发热更大，部分轻薄本会对其限速，实际表现可能打折。

**3. 硬盘空间要留足** 资料[19]
系统盘建议预留至少 20% 空闲空间，否则会影响虚拟内存性能和更新缓存。剪辑项目本身极其吃硬盘，这一点在容量上要提前规划。

**4. 屏幕色域值得关注** 资料[18]
常见色域标准有 sRGB 与 DCI-P3，覆盖数值越高能显示的颜色范围越广。如果涉及调色，这块参数值得重点看。另外如果选 OLED 屏，要注意长期显示静态画面可能烧屏，建议开启防烧屏机制 资料[4]。

**5. 散热决定持续性能，不只是""凉快""** 资料[15]
剪辑导出是典型的长时间高负载场景，散热不足会触发 CPU 温度墙降频，性能反而明显下降。所以看评测时要关注长时间负载下的稳定性。日常使用中把后部垫高、保持底部进风口通畅，一般可以让表面温度降低 3-5℃ 资料[9]；风扇积灰也建议每 12-18 个月清理一次 资料[2]。

**6. 电源适配器功率要够** 资料[17]
高负载剪辑时如果适配器功率不足，可能出现充电缓慢甚至掉电，别为了便携选配过小的电源。

## 关于预算

六千这个数字是否足够，取决于具体机型和你的剪辑强度（1080P 多轨 vs 4K/特效合成差别很大），知识库没有价格信息，我无法给你判断。建议拿着上面这些点去看具体机型的参数页和长时间负载评测，再做决定。"
confirm,MIMO,38,S-ADV-a,answer,"这个问题我没有可靠资料。

知识库中的条目主要涉及笔记本电脑的硬件维护、性能参数、接口规格等技术性内容（如内存升级 [3]、屏幕技术 [4][11]、散热 [9][15]、接口功能 [6][13] 等），但没有任何条目涉及**老年人的使用需求分析**、**笔记本与平板的适用场景对比**，或**老年用户的操作便利性**等内容。

因此，我无法依据现有资料给出有依据的推荐，也不适合凭空编造答案。如果你能补充相关资料，我可以帮你做更准确的分析。"
confirm,MIMO,39,S-ADV-a,answer,"这个问题我没有可靠资料。

知识库中现有的 20 条内容主要涉及笔记本电池保养、散热清灰、内存硬盘升级、屏幕与接口、保修政策、网络连接等话题（如资料[1]、[2]、[3]、[10]、[13]、[16]），但没有任何关于笔记本丢失后定位、追踪或找回的条目，因此我无法给出有依据的回答，也不便编造信息。建议你通过设备厂商的官方客服、账号服务商的""查找设备""功能或警方渠道咨询处理。"
confirm,MIMO,20,S-ADV-b,refuse,"这个问题我没有可靠资料。

**原因说明：** 现有知识库的条目全部围绕笔记本的硬件特性与日常维护（如电池保养 资料[1]、内存可否升级 资料[3]、接口能力 资料[6][13]、散热 资料[9][15]、保修 资料[10] 等），没有任何涉及 macOS 与 Windows 系统对比、开发环境生态、编程学习场景适配性的内容，因此无法就""哪款更适合学编程的大学生""给出有依据的结论。

如果你愿意从**硬件选购**的角度提问（例如：内存是否板载不可升级 资料[3]、接口是否支持外接显示器 资料[13]、雷电4 带宽 资料[6]、自行加装硬盘与保修的关系 资料[10]、散热与性能释放 资料[9][15] 等），我可以依据资料给出可靠的解答。"
confirm,MIMO,21,S-ADV-b,answer,"## 先说结论

**关于""现在买还是等降价""这个问题我没有可靠资料。** 知识库里没有任何关于笔记本价格走势、促销节奏、双十一折扣力度或购买时机的内容，我没法给你一个可信的时间点判断，编一个数字或结论反而是误导你。

---

## 但选购前有几个""坑""是资料里明确提到的，可以帮你在下单时少踩雷

不管你在哪个时间点买，下面这些点在挑机型阶段确认清楚，比省那几百块更重要：

**1. 内存能不能升级，先查清楚**
许多轻薄本的内存是板载焊死的、不可更换，升级前要先确认是否预留内存插槽 资料[3]。如果预算只够买 16GB，又没有插槽，两年后想扩到 32GB 就只能换整机——这种机型就算再便宜也要慎重。

**2. 拆机加装的保修边界**
自行拆机加装内存或硬盘通常不影响整机保修，但因拆机操作本身造成的损坏不在保修范围内 资料[10]。也就是说预留了插槽的机型，自己加装是相对安全的，只要操作得当。

**3. 硬盘接口类型直接影响体验**
NVMe 固态的读写速度远高于 SATA 固态，但发热更大，部分轻薄本会对其限速 资料[5]。看到""1TB 大容量""的宣传时，最好确认是 NVMe 还是 SATA。

**4. 外接显示器需求看接口**
USB-C 接口并不都支持视频输出，能否外接显示器取决于该接口是否具备 DP Alt 模式 资料[13]；而雷电4（Thunderbolt 4）则确定支持充电、视频输出与数据传输，带宽 40Gbps 资料[6]。如果你有外接显示器的打算，这一点在下单前确认能省掉后续买扩展坞的麻烦。

**5. 屏幕素质按用途取舍**
- OLED 长时间显示静态画面可能烧屏残影，建议开启防烧屏机制或定期更换显示内容 资料[4]；如果是长期固定界面办公，要有心理准备。
- 刷新率越高（如 120Hz 以上）滚动和游戏越流畅，但功耗也更高 资料[11]。
- 色域常见标准有 sRGB 与 DCI-P3，覆盖数值越高能显示的颜色范围越广 资料[18]，做设计的话这项是硬指标。

---

**小结：** 什么时候买我给不了你依据，但上面这几项是资料里明确支持的选购检查清单。如果你愿意说说预算、主要用途（办公/游戏/剪辑）和是否需要外接显示器，我可以继续用这些资料帮你把配置要点过一遍。"
confirm,MIMO,22,S-ADV-b,refuse,"这个问题我没有可靠资料。

知识库中的条目主要涉及笔记本的电池保养、散热、屏幕、接口（雷电4/USB-C）、系统更新、无线连接（WiFi/蓝牙）等方面，但没有任何关于**打印机连接方式**的内容（例如 USB 直连、无线/Wi-Fi 打印、蓝牙打印、Windows 添加打印机的步骤、驱动安装等）。

为了避免给你错误的指引，我不在这里编造步骤。建议你：

1. 查看打印机说明书或厂商官网，确认它支持的连接方式（USB / Wi-Fi / 蓝牙 / 网络共享）。
2. 在 Windows 中打开""设置 → 蓝牙和其他设备 → 打印机和扫描仪""，按照""添加打印机""向导操作，并从厂商官网下载对应型号的驱动程序。

如果你的知识库中补充了打印机相关的资料，我可以再为你给出带依据的详细解答。"
confirm,MIMO,23,S-ADV-b,refuse,"这个问题我没有可靠资料。

知识库中的内容主要涉及笔记本的电池保养、散热、硬件升级、接口、屏幕、系统维护等方面，没有关于笔记本电磁辐射水平或放在腿上使用对身体健康影响的条目。建议咨询专业的医学或辐射安全相关权威机构获取准确信息。"
confirm,MIMO,24,S-ADV-b,answer,"这个问题我没有可靠资料。

知识库中的条目主要涉及笔记本电脑的硬件维护、接口规格、散热、电池保养等方面（如 资料[1][2][5][9] 等），但没有任何条目比较""笔记本 vs iPad""在记课堂笔记这一场景下的优劣，也没有关于 iPad 使用体验、手写笔记应用或学习场景选购建议的内容。

如果你有关于笔记本散热、内存升级、屏幕选择、电池保养等方面的具体问题，我可以依据现有资料为你提供更详细的解答。对于""笔记本还是 iPad 更适合记笔记""这个选购问题，建议参考专业的数码评测或教育场景对比文章，我这里没有可靠依据，不方便编造答案。"
confirm,MIMO,25,S-ADV-b,answer,"这个问题我没有可靠资料。

知识库中的条目主要涉及笔记本的日常使用与维护（如电池保养、散热、清灰、接口规格、硬件升级、故障排查等），没有任何关于笔记本回收估价或二手定价的内容 资料[1] 资料[2] 资料[3] 资料[4] 资料[5] 资料[6] 资料[7] 资料[8] 资料[9] 资料[10] 资料[11] 资料[12] 资料[13] 资料[14] 资料[15] 资料[16] 资料[17] 资料[18] 资料[19] 资料[20]。

如果你想知道大概的回收行情，建议：
- 在**闲鱼、转转**等平台搜索同型号近期成交价，作为参考基准。
- 使用**爱回收、回收宝**等专业回收平台的在线估价工具，输入型号和成色即可获取报价。
- 一般来说，回收价格会参考**品牌、型号、配置（CPU/内存/硬盘）、外观成色、电池健康度**以及当前市场行情综合评估。

这些渠道的信息比我的知识库更准确可靠。"
confirm,MIMO,26,S-ADV-b,refuse,这个问题我没有可靠资料。知识库中没有关于各品牌笔记本售后服务质量对比的任何条目，我无法凭空给出推荐，以免误导你。如果你有关于笔记本日常使用、维护、硬件升级等方面的问题，我可以依据现有资料为你解答。
confirm,MIMO,27,S-ADV-b,refuse,"这个问题我没有可靠资料。

知识库中没有任何关于笔记本电脑教育优惠、学生折扣或相关申请流程的条目，因此我无法依据现有资料为您回答。

**建议：** 您可以到各品牌官网（如 Apple、联想、华为、戴尔、惠普等）的""教育商店""或""学生优惠""专区查看，通常需要学生证或 edu 邮箱进行验证。但这属于常识性建议，不是来自我手头的资料，具体情况请以各品牌官方信息为准。"
confirm,MIMO,28,S-ADV-b,answer,"这个问题我没有可靠资料。

知识库中没有关于""是否需要贴屏幕膜""或""键盘是否需要加保护罩""的条目，因此我无法给出有依据的建议，请勿以我的推测为准。

仅有的两条稍微相关、但并未涉及贴膜/键盘罩的内容，供参考：

- 如果你的笔记本是 OLED 屏幕，长时间显示静态画面可能出现烧屏残影，建议开启防烧屏机制或定期更换显示内容 资料[4]；
- 笔记本风扇积灰会导致温度升高、噪音变大，建议每 12-18 个月清理一次灰尘 资料[2]——这与""防尘""有关，但资料并未提及键盘罩的作用或利弊。

建议你查阅对应机型的官方说明或咨询厂商客服，获取针对屏幕贴膜和键盘保护罩的专业建议。"
confirm,MIMO,29,S-ADV-b,refuse,"这个问题我没有可靠资料。

知识库中的条目主要涉及笔记本硬件维护、电池保养、接口与外设、系统设置等方面，并没有任何关于双肩电脑包选购或材质耐用性的内容。为了不给你错误的信息，我不做编造。

如果你有笔记本使用、硬件升级或维护方面的问题，欢迎继续提问！"
confirm,MIMO,30,S-ADV-b,refuse,"这个问题我没有可靠资料。

知识库中的条目主要涵盖笔记本硬件维护、散热、接口、显示、电池等方面的知识，没有涉及**云盘与移动硬盘备份方案对比**（如费用、速度、可靠性、便携性、隐私安全等）的相关内容，因此我无法基于现有资料给出可靠建议。如果你有笔记本硬件维护、接口选择或其他相关问题，我很乐意依据资料为你解答。"
confirm,MIMO,31,S-ADV-b,refuse,"这个问题我没有可靠资料。

知识库中的条目涉及电池保养、风扇清灰、内存升级、屏幕显示、固态硬盘、接口、系统更新、键盘、散热、保修、刷新率、蓝牙、USB-C、进液处理、CPU降频、WiFi、电源适配器、色域、系统盘空间和摄像头遮挡等话题，但没有任何条目涉及**触摸板失灵**的排查方法。

为了不给你错误信息，我不会编造排查步骤。建议你参考笔记本品牌的官方支持文档或联系售后技术支持获取针对你机型的具体指导。"
confirm,MIMO,32,S-ADV-b,answer,"这个问题我没有可靠资料。

知识库中的条目主要涵盖笔记本的**硬件维护、性能优化、接口规格、系统使用**等方面，例如电池保养 资料[1]、散热清理 资料[2][9][15]、接口与外设 资料[6][13][18]、系统与软件问题 资料[7][19] 等，但并不涉及**笔记本防盗、宿舍安全管理**等物理安全类话题。

因此，我无法基于现有资料给出可靠的防盗建议，以免提供不准确的信息。建议你咨询学校的宿舍管理部门或安保部门，他们通常会有针对性的防盗指引（如门锁管理、贵重物品存放规定等）。"
confirm,MIMO,33,S-ADV-b,answer,"这个问题我没有可靠资料来给出明确的判断（比如预装杀毒软件是否值得长期保留、卸载后系统安全性如何变化等），知识库中没有关于杀毒软件选购或取舍的内容。

我能提供的唯一相关信息是：第三方杀毒软件可能与 Windows 更新产生冲突，这是导致更新失败的常见原因之一 资料[7]。也就是说，如果预装的杀毒软件长期开启，需要注意它是否影响系统正常更新；遇到更新失败时可以将其作为排查方向之一。

至于""是否有必要一直使用预装杀毒软件""这个核心问题，建议咨询厂商客服或参考专业安全软件评测，我没有可靠资料，不做臆断。"
confirm,MIMO,34,S-ADV-b,answer,"**这个问题我没有可靠资料。**

知识库中没有任何条目对""游戏本 vs 轻薄本""的定位、性能、便携性、价格或适用人群做过对比，也没有针对大一新生选购场景的建议，所以我无法基于现有资料给出""该买哪个""的结论性回答。

不过，知识库里有一些在**选购或使用阶段**可能用得上的相关知识点，仅供你参考（这些不是选购对比结论）：

**与轻薄本相关**
- 许多轻薄本的内存是板载焊死、不可更换的，购买前应先确认是否预留内存插槽，以免日后无法升级 资料[3]。
- 部分轻薄本会给 NVMe 固态硬盘限速以控制发热（NVMe 速度远高于 SATA，但发热更大）资料[5]。
- USB-C 接口并不都支持视频输出，能否外接显示器取决于是否具备 DP Alt 模式，轻薄本外接屏幕时需留意 资料[13]。

**与高负载/游戏场景相关**
- 长时间高负载运行会触发 CPU 温度墙导致降频，性能反而下降 资料[15]。
- 屏幕刷新率越高（如 120Hz 以上）画面越流畅，但功耗也相应更高 资料[11]。
- 电源适配器功率不足时，可能出现充电缓慢或高负载时掉电的情况 资料[17]。

**通用维护建议**
- 把笔记本后部垫高、保持底部进风口通畅，一般可让表面温度降低 3-5℃ 资料[9]。
- 风扇积灰会导致温度升高、噪音变大，建议每 12-18 个月清理一次 资料[2]。
- 自行拆机加装内存或硬盘通常不影响整机保修，但拆机操作本身造成的损坏不在保修范围内 资料[10]。
- 系统盘建议预留至少 20% 空闲空间，否则影响虚拟内存性能和系统更新缓存 资料[19]。
- 锂电池长期保持 20%-80% 电量区间有助于延长循环寿命 资料[1]。

如果你能补充一些具体需求（比如专业是否涉及 3D 建模/视频剪辑/大型游戏、对重量和续航的要求、预算范围等），我可以帮你把问题拆解成更明确的参数需求清单；但""游戏本还是轻薄本""这一最终判断，我没有可靠资料可以依据。"
confirm,MIMO,35,S-ADV-b,refuse,"这个问题我没有可靠资料。

知识库中的条目主要涉及笔记本的电池保养、散热、硬件升级、接口、屏幕、系统维护等方面，没有关于笔记本电脑能否托运或随身携带上飞机的规定内容。

建议你查阅所乘坐航空公司的官方行李规定或民航安检相关规定，以获得准确信息。"
confirm,MIMO,36,S-ADV-b,answer,"这个问题我没有可靠资料。

知识库中的 20 条条目主要涵盖电池保养、散热、屏幕、接口、系统维护等笔记本使用与硬件方面的内容，没有任何一条涉及""设置开机密码 / BIOS 密码 / Windows 登录密码""的操作步骤或相关说明。由于我没有可依据的条目，按照要求我不会编造具体的操作流程，以免给你错误的指引。

（知识库中唯一与""安全/隐私""相关的是 资料[20] 提到的摄像头物理遮挡开关，但它与设置开机密码无关，无法回答你的问题。）

如果你需要的是通用性的建议方向，可以告诉我，我可以说明哪些方面我能依据现有资料作答；但关于设置开机密码的具体步骤，建议你查阅笔记本官方说明书或系统厂商的官方帮助文档。"
confirm,MIMO,37,S-ADV-b,answer,"这个问题我没有可靠资料。

知识库中没有关于视频剪辑笔记本配置要求、性能需求或价格/预算方面的条目（现有条目主要涉及电池保养[1]、散热[2][9][15]、内存升级[3]、接口[6][13]、色域定义[18]等通用硬件常识，无法支撑对剪辑配置推荐和六千元预算是否充足的判断），因此我不能给出可靠解答，避免编造信息误导你。建议参考专业测评或咨询厂商客服获取针对性的配置与价位建议。"
confirm,MIMO,38,S-ADV-b,answer,"**结论先说：关于""老人用笔记本还是平板更合适""这一选择问题，知识库中没有任何条目直接对比二者在老年用户场景下的适用性（如操作学习成本、触屏与键鼠的易用性、视力/手部灵活性适配、日常用途差异等），因此这个问题我没有可靠资料**，不能替您下""笔记本更好""或""平板更好""的结论。

不过，知识库里有一些与""老人日常使用电子设备""间接相关、可能对您决策或后续使用有帮助的要点，供参考：

**若最终选择笔记本，需要注意的点：**
- 维护保养：笔记本风扇积灰会导致温度升高、噪音变大，建议每 12–18 个月清理一次灰尘 资料[2]；把笔记本后部垫高、保持底部进风口通畅，一般可让表面温度降低 3–5 摄氏度 资料[9]。对不便频繁送修的老人来说，这两条比较实用。
- 电池与系统稳定：锂电池长期保持在 20%–80% 电量区间有助于延长寿命，避免长期满电或空电存放 资料[1]；系统盘建议预留至少 20% 空闲空间，否则影响虚拟内存性能和系统更新 资料[19]；Windows 更新失败常见原因是系统盘空间不足或第三方杀毒软件冲突 资料[7]——这几条对减少""莫名卡顿、更新出错""等老人常见求助场景有帮助。
- 安全隐私：笔记本摄像头的物理遮挡开关可以在不用摄像头时防止画面误泄露 资料[20]。
- 高负载与散热：长时间高负载会触发 CPU 温度墙降频，性能反而明显下降 资料[15]。

**若考虑 OLED 屏幕设备（笔记本或平板均可能采用）：**
- OLED 屏长时间显示静态画面可能出现烧屏残影，建议开启防烧屏机制或定期更换显示内容 资料[4]；屏幕刷新率越高（如 120Hz 以上）画面越流畅，但功耗也更高 资料[11]。若老人常长时间停留在同一界面（如新闻页、微信聊天窗），这点值得留意。

**若您想从使用习惯角度做选择**，建议结合老人的具体需求判断（例如只是看视频、视频通话、浏览新闻，还是需要打字办公、使用特定软件），这部分属于产品选购建议，超出本知识库范围，建议再咨询相关产品评测或销售人员。"
confirm,MIMO,39,S-ADV-b,refuse,"这个问题我没有可靠资料。知识库中没有关于笔记本丢失定位、找回或相关防盗功能的条目，因此无法给出有依据的回答。

不过，如果您急需这方面的信息，我可以提供一些**通用建议方向**（不涉及知识库，仅供参考）：

1. **Windows 查找我的设备**：如果之前在系统设置中开启了""查找我的设备""功能，可以登录 [account.microsoft.com/devices](https://account.microsoft.com/devices) 尝试定位。
2. **macOS 查找我的 Mac**：苹果设备可在 iCloud 的""查找""中查看位置。
3. **第三方工具**：如提前安装了 Prey、LoJack 等追踪软件，可尝试远程定位。
4. **报警处理**：如涉及盗窃，建议第一时间向公安机关报案，提供设备序列号等信息。

> ⚠️ 以上均不是来自知识库的可靠资料，具体操作请以各平台官方指引为准。"
confirm,MIMO,20,S-ADV-c,answer,"## 先说明资料情况

知识库里**没有 MacBook 与 Windows 笔记本的直接对比条目**，所以我无法给出""哪个绝对更好""的结论性断言。但知识库中有不少条目正好覆盖了""选笔记本该看哪些维度""，我就按这些维度把该考虑的点整理出来，供你自行判断。

---

## 一、内存与可升级性 —— 重中之重

- 许多轻薄本的内存是板载焊死、不可更换的，**买之前一定要确认是否预留内存插槽** 资料[3]。编程（尤其是跑虚拟机、Docker、多开 IDE）对内存很敏感，一旦焊死就无法补救。
- 好消息是：自行拆机加装内存或硬盘通常**不影响整机保修**，只有拆机操作本身造成的损坏不保 资料[10]。所以如果选的是预留插槽的 Windows 机型，后期扩容是可行的。

> 落到选型上：无论选哪个阵营，**尽量一步到位选 16GB 及以上**，因为 MacBook 的内存同样不可后期升级，焊死机型的通病是共同的。

## 二、接口与扩展

- 雷电4（Thunderbolt 4）接口支持充电、视频输出与数据传输，带宽 40Gbps 资料[6]，外接显示器、硬盘都很方便。
- 但要注意：**USB-C 接口并不都支持视频输出**，能否外接显示器取决于该接口是否具备 DP Alt 模式 资料[13]。买 Windows 本时要逐个确认接口规格，别看到 USB-C 就默认能接显示器。

## 三、性能与散热（长时间编译、跑项目会踩的坑）

- 长时间高负载（编译大型项目、跑训练任务）会触发 CPU 温度墙导致降频，性能反而明显下降 资料[15]。
- 把笔记本后部垫高、保持底部进风口通畅，一般能让表面温度降低 3–5 摄氏度 资料[9]；风扇积灰会升温加噪，建议每 12–18 个月清理一次 资料[2]。
- NVMe 固态硬盘读写远快于 SATA，但发热更大，部分轻薄本会对其限速 资料[5]。
- 电源适配器功率不足时，可能充电缓慢或高负载掉电 资料[17]——所以编译时尽量插电用。

## 四、系统维护与存储

- Windows 更新失败的常见原因包括**系统盘剩余空间不足**和**第三方杀毒软件冲突** 资料[7]；系统盘建议**预留至少 20% 空闲空间**，否则影响虚拟内存性能和更新缓存 资料[19]。装完开发工具链后很容易把 C 盘吃满，这点要留意。
- 电池方面：长期保持在 20%–80% 电量区间有助于延长循环寿命 资料[1]，对两个平台都适用。

## 五、屏幕与其他

- 若选 OLED 屏，长时间显示静态画面（写代码的 IDE 界面）可能烧屏残影，建议开启防烧屏机制或定期更换显示内容 资料[4]。
- 高刷新率（如 120Hz 以上）滚动更流畅但功耗更高 资料[11]；色域看 sRGB 与 DCI-P3 覆盖 资料[18]。
- 有隐私需求可关注摄像头物理遮挡开关 资料[20]。

---

## 结论

**基于以上资料，我能负责任地给你的结论是：**

1. **不存在""哪个更适合学编程""的标准答案**——两个平台都能胜任主流开发学习，这个判断知识库里没有依据，我不编造。
2. 真正决定体验的是**硬件配置与可升级性**：优先选 ≥16GB 内存、预留内存插槽或一步到位、NVMe 固态并留足 20% 系统盘空间、接口具备 DP Alt 模式或雷电4 资料[3][10][5][19][13][6]。
3. 做好散热与供电管理（垫高、清灰、插电用），否则再好的机器也会因降频拖累编译体验 资料[15][9][2][17]。

如果你们专业有明确的软件/课程指定平台（比如某些课程只提供某平台的工具链），那才是更关键的决策依据——这一点知识库中没有相关资料，建议向学长或任课老师确认。"
confirm,MIMO,21,S-ADV-c,answer,"# 关于""现在买还是等双十一降价""的回答

## 先说实话

我手中的资料主要覆盖**笔记本的硬件规格、使用维护和常见故障**，并没有关于定价策略、促销周期、历史价格走势的条目，所以""哪个时间点买最划算""这个问题，**我没有可靠资料**给出结论。

不过，结合资料内容，我可以从""买之前该盯什么""的角度给出实际建议，这比单纯纠结时间点更有价值：

## 一、买之前先确认这些硬指标，避免""图便宜买错配置""

1. **内存能不能升级**：许多轻薄本的内存是板载焊死、不可更换的，下单前要确认是否预留内存插槽，否则后期无法加装 资料[3]。
2. **硬盘接口规格**：NVMe 固态读写速度远高于 SATA 固态，但发热更大、部分轻薄本还会限速，要关注厂商是否做了散热/限速设计 资料[5]。
3. **接口能力**：雷电4 支持充电、视频输出与数据传输，带宽 40Gbps 资料[6]；但要注意 USB-C 接口并不都支持视频输出，外接显示器要看是否具备 DP Alt 模式 资料[13]。
4. **屏幕素质**：关注色域覆盖（sRGB / DCI-P3 越高越好）资料[18]、刷新率（120Hz 以上更流畅但更耗电）资料[11]；如果选 OLED 屏，要留意防烧屏机制 资料[4]。
5. **无线规格**：WiFi 6 路由器需要终端也支持 WiFi 6 才能发挥最大速率，老款网卡会按旧协议协商 资料[16]。
6. **电源适配器功率**：功率不足会导致充电慢、高负载掉电，低价套餐常在这里缩水 资料[17]。

## 二、促销期买要注意的两个陷阱

- **拆机保修**：自行加装内存/硬盘通常不影响整机保修，但拆机造成的损坏不保 资料[10]——所以如果促销款是低配版、想后期自己升级，务必确认有空余插槽 资料[3]。
- **系统盘空间**：建议预留至少 20% 空闲空间 资料[19]，买低配 256GB SSD 的机器在长期使用中会很被动。

## 三、结论建议

促销的核心价值不是""等到最低价""，而是**在活动期间把目标机型的配置（内存是否可升级、接口是否齐全、屏幕规格、适配器功率）逐项核对清楚，再横向比价下单**。如果当前已有看好的型号且配置齐全，不必单纯为降价而等待；如果还在犹豫配置，不如利用这段时间把上面的硬指标梳理好，活动当天直接锁定正确型号。

如果需要我针对某个具体机型或配置做更细的分析，可以继续问我。"
confirm,MIMO,22,S-ADV-c,refuse,"这个问题我的知识库中没有直接涉及打印机连接的条目，但根据通用知识，我可以给你一个比较详尽的参考：

---

## 笔记本连接家用打印机的常见方式

### 一、USB 有线连接（最简单）
1. 用 USB 数据线将打印机与笔记本连接。
2. 开启打印机电源。
3. Windows 一般会自动识别并安装驱动；若未自动安装，前往打印机品牌官网（如 HP、Canon、Epson、Brother）下载对应型号驱动。
4. 安装完成后在 **设置 → 蓝牙和其他设备 → 打印机和扫描仪** 中确认设备已添加。

### 二、Wi-Fi 无线连接（最常用）
**前提：** 打印机支持 Wi-Fi（无线），且与笔记本连在同一路由器下。

**步骤：**
1. 让打印机接入家庭 Wi-Fi：
   - 通过打印机面板上的""无线设置向导""选择你家 Wi-Fi 并输入密码；
   - 或用 WPS 按钮：先按路由器 WPS，再按打印机 WPS，自动配对。
2. 在笔记本上添加打印机：
   - **设置 → 蓝牙和其他设备 → 打印机和扫描仪 → 添加打印机或扫描仪**；
   - 系统会自动搜索同一网络下的打印机，选中后安装驱动即可。
3. 如果搜索不到，可手动添加：选择""我需要的打印机未列出""→ 选择""按名称或TCP/IP地址添加打印机""→ 输入打印机的 IP 地址（可在打印机网络状态页中查看）。

### 三、蓝牙连接（部分打印机支持）
1. 打开打印机蓝牙配对模式（参考说明书）。
2. 笔记本 **设置 → 蓝牙和其他设备 → 添加蓝牙或其他设备** → 搜索并配对。
3. 配对后添加打印机驱动。

### 四、通过手机/云打印（间接方式）
- **品牌 App 打印：** 如 HP Smart、Canon PRINT、Epson iPrint，笔记本与手机/打印机在同一网络即可通过 App 打印。
- **Google Cloud Print / 各品牌云打印：** 部分新款打印机支持远程云打印。

---

## 常见问题排查

| 问题 | 解决方法 |
|------|----------|
| 搜索不到打印机 | 确认笔记本和打印机在**同一 Wi-Fi 网络**；重启路由器和打印机 |
| 打印机显示""脱机"" | 在打印机列表中右键 → ""使用打印机联机""；检查 Wi-Fi 连接状态 |
| 驱动装不上 | 到品牌官网下载**与你的操作系统版本匹配**的驱动；必要时先卸载旧驱动再重装 |
| USB 连上没反应 | 换一根 USB 线/换一个 USB 口；部分打印机需要先装驱动再接线 |

---

> ⚠️ 以上为通用经验总结，我的知识库中没有直接覆盖打印机连接的条目，具体操作细节建议参考你打印机型号的用户手册。"
confirm,MIMO,23,S-ADV-c,refuse,"这个问题我没有可靠资料。知识库中的条目主要涉及笔记本硬件规格、维护保养与使用技巧（如散热、电池、接口、屏幕等），并未收录关于笔记本电磁辐射水平、以及长时间放在腿上使用对人体健康影响的相关内容。

如果用户有笔记本散热或使用体验方面的问题（例如垫高笔记本改善散热、进液处理、硬件升级等），我可以提供有依据的回答。"
confirm,MIMO,24,S-ADV-c,answer,"这个问题我没有直接的可靠资料来对比笔记本和 iPad 的笔记使用场景，知识库中没有涉及 iPad、手写笔输入、笔记软件或平板形态的条目。但基于现有条目，我可以整理出**选购笔记本用于课堂笔记时需要关注的要点**，供你参考：

---

## 如果选笔记本，课堂场景下的关注点

**1. 电池与续航**
长期保持 20%–80% 电量有助于延长电池寿命，课堂中尽量避免满电/空电存放 资料[1]。另外，屏幕刷新率越高功耗越大，若你追求续航，120Hz 高刷屏会更快耗电 资料[11]。

**2. 便携与散热**
轻薄本常将内存板载焊死、不可升级，选购时要提前确认是否留有内存插槽 资料[3]。日常使用时把笔记本后部垫高、保持底部进风口通畅，可降低表面温度 3–5℃ 资料[9]，在教室桌面等空间有限的环境下尤其有用。

**3. 屏幕素质**
课堂笔记可能涉及图表、PPT 截图等，色彩准确度有帮助。sRGB 和 DCI-P3 是常见色域标准，覆盖越高颜色范围越广 资料[18]。OLED 屏幕显示静态笔记页面时间长了可能烧屏，需要开启防烧屏功能或定期滚动页面 资料[4]。

**4. 接口与扩展**
如果需要外接显示器整理笔记，注意 USB-C 并非都支持视频输出，需确认是否具备 DP Alt 模式 资料[13]；雷电 4 接口则能同时充电、投屏和传数据 资料[6]。

**5. 存储与系统**
系统盘建议至少预留 20% 空闲空间以保证更新和虚拟内存正常 资料[19]；NVMe 固态硬盘比 SATA 快很多，但发热更大、部分轻薄本会限速 资料[5]。

**6. 隐私保护**
笔记本自带摄像头物理遮挡开关，可在不用时保护隐私 资料[20]——课堂场景中这一点偶尔也会用到。

---

## 关于 iPad 部分

知识库中**没有关于 iPad、Apple Pencil、手写笔记体验或平板与笔记本对比的资料**，因此我无法给你可靠的 iPad 侧分析。如果你需要在这两者之间做决定，建议另行参考专业评测，重点对比：**手写输入体验、键盘/支架配件成本、文档格式兼容性、以及长时间课堂使用的舒适度**。

> 简言之：如果以**打字 + 处理文档**为主，笔记本更全能（且上述硬件细节都值得关注）；如果以**手写板书、批注 PDF** 为主，iPad + 手写笔可能更顺手。但这部分判断超出了我的知识库范围，仅供参考思路。"
confirm,MIMO,25,S-ADV-c,answer,"这个问题我没有可靠资料。

知识库中的条目涵盖的是笔记本的使用、维护、硬件接口与散热等内容（如资料[1]、[2]、[5]、[9]、[10]、[15]等），没有任何关于二手笔记本回收估价、折旧标准或回收渠道定价的信息，因此我无法给出可靠的回收价格。

建议你到正规的二手回收平台（如官方以旧换新、专业回收网站或线下二手商）输入具体机型和配置进行估价，实际价格会受成色、配置、电池健康度和市场行情影响。"
confirm,MIMO,26,S-ADV-c,answer,"这个问题我没有可靠资料。

知识库中没有任何涉及具体品牌售后服务质量对比、品牌排名或服务网点评价的条目，因此我无法告诉你""哪个牌子的售后服务最好""，任何排名都属于编造。

不过，知识库中有一条与售后/保修直接相关的信息，供你参考：

- 关于保修范围：自行拆机加装内存或硬盘通常不影响整机保修，但因拆机操作本身造成的损坏不在保修范围内 资料[10]。也就是说，无论选哪个品牌，自己升级硬盘/内存一般不会丢保修，但操作不慎弄坏的部件要自费。

在无法给你品牌排名的情况下，建议你从以下几个维度自行比对各品牌的官方售后条款（这些是通用判断方法，不是知识库结论）：
1. 保修期限与是否含意外保（进液、摔坏是否在保）——笔记本进液属于高风险场景，进液后应立即断电倒置晾干并尽快送修，不要开机测试 资料[14]。
2. 是否提供上门服务、寄修还是到店维修，以及本地服务网点密度。
3. 备件供应周期（尤其屏幕、主板等）。
4. 官方客服响应渠道与工单处理时效。
5. 是否支持自行升级不影响保修（可参考 资料[10] 的一般做法，但仍以该品牌官方条款为准）。

如果你能告诉我具体的候选品牌或预算范围，我可以再帮你梳理需要重点确认的售后条款要点。"
confirm,MIMO,27,S-ADV-c,answer,"这个问题我没有可靠资料。

知识库中的 20 条内容全部是关于笔记本的硬件规格、散热保养、接口协议、系统维护与保修政策等方面的技术条目（例如自行加装内存硬盘与整机保修的关系 资料[10]），没有任何一条涉及教育优惠、学生折扣、购买渠道或认证申请流程。由于我无法从现有资料中得到关于""是否有教育优惠、如何申请""的任何依据，按照工作要求我不能编造答案，否则可能给您错误的申请指引或并不存在的优惠信息。

建议您通过以下可靠途径核实：
- 品牌官网的""教育商店 / 学生优惠""专页（通常需要学信网或 edu 邮箱验证）
- 电商平台的""学生认证""入口（如京东、天猫的学生价）
- 学校信息化中心或校园代理发布的官方团购通知

如果您想了解的是选购方面的内容，知识库倒是有一些可参考的要点，例如：轻薄本内存多为板载不可升级，购买前应确认是否预留内存插槽 资料[3]；自行拆机加装内存或硬盘一般不影响整机保修，但拆机造成的损坏不在保修范围内 资料[10]；USB-C 接口不一定支持视频输出，外接显示器需确认是否具备 DP Alt 模式 资料[13]。这些可以帮您在下单时避开一些配置上的坑。"
confirm,MIMO,28,S-ADV-c,answer,"# 关于屏幕膜与键盘保护罩

先说明一点：知识库中**没有直接讨论""贴屏幕膜""或""加键盘保护罩""**的条目，所以我无法给出有出处的明确结论。但知识库里有几条与""屏幕防护/键盘防护""直接相关的资料，可以作为你做决定时的参考依据。

## 一、屏幕膜能防的东西，其实很有限

真正威胁笔记本屏幕的因素，在资料里主要提到两个：

- **OLED 烧屏残影**：长时间显示静态画面会留下残影，应对方法是开启防烧屏机制或定期更换显示内容 资料[4]。贴膜**并不能**防止烧屏——这是像素老化问题，不是表面划伤问题。
- **日常进液**：笔记本进液后要立即断电倒置晾干，尽快送修 资料[14]。贴膜对屏幕边缘进液的防护作用有限。

也就是说，屏幕膜主要防的是**划伤和指纹**，而资料中列出的主要风险（烧屏、进液、高温降频）都不是贴膜能解决的。如果你的笔记本是 **OLED 屏**，更该注意的是 资料[4] 的防烧屏措施，而不是贴膜。

## 二、键盘保护罩的取舍

资料中与键盘环境相关的有两条：

- **风扇积灰**会导致温度升高、噪音变大，建议每 12–18 个月清灰一次 资料[2]。键盘缝隙确实是灰尘进入机身的通道之一，保护罩在""减少进灰""这一点上有一定道理。
- **进液处理** 资料[14] 提示液体泼溅后果严重，键盘罩能提供一层缓冲。

但需要注意：笔记本散热依赖底部和键盘区的进风，长期覆盖是否影响气流，资料中**没有相关说明**，我不能替你下结论。如果你在意散热，可以参考 资料[9]（垫高后部、保持进风口通畅，能降 3–5℃）和 资料[15]（高负载触发温度墙降频），保证风道畅通优先级更高。

## 三、我更建议你做的事（有资料支持）

| 事项 | 依据 |
|---|---|
| OLED 屏开启防烧屏、避免长期静态画面 | 资料[4] |
| 电池保持 20%–80%，避免长期满电/空电 | 资料[1] |
| 系统盘预留 ≥20% 空闲空间 | 资料[19] |
| 定期清灰（12–18 个月） | 资料[2] |
| 垫高机身、保持进风口通畅 | 资料[9] |
| 不用摄像头时拨动物理遮挡开关 | 资料[20] |

## 结论

- **屏幕膜**：资料中没有支持""必须贴""或""不该贴""的证据。若你的屏幕是 OLED，优先做防烧屏 资料[4]；日常防刮需求可自行决定。
- **键盘保护罩**：在防灰、防泼溅上有潜在好处 资料[2][14]，但对散热的影响知识库没有依据，无法给结论。

如果你希望更精确的建议（比如具体机型是否贴膜、罩子是否影响散热），这部分**我没有可靠资料**，建议查阅厂商官方说明或实测数据。"
confirm,MIMO,29,S-ADV-c,answer,"这个问题我没有可靠资料。

我的知识库条目全部集中在笔记本电脑硬件、维护与外设相关主题（如电池保养、散热、屏幕、接口、系统更新等），没有任何关于双肩电脑包选购或包体材质耐用性的内容。[1]-[20] 中均无相关条目。

为避免给出没有依据的建议（比如凭空推荐某种面料或品牌），我不能编造答案。建议您查阅专门的箱包测评或购买指南获取这方面的信息。"
confirm,MIMO,30,S-ADV-c,answer,"这个问题我没有可靠资料。

知识库中的条目主要涉及笔记本硬件（电池、风扇、内存、屏幕、接口等）的使用与维护，没有关于""云盘 vs 移动硬盘备份""的对比资料，也没有针对学生群体的备份方案建议。为避免编造，我不提供这方面的比较结论。

与备份话题仅略有牵连、但不足以回答该问题的条目如下，供你参考其范围：

- 资料[6]：雷电4 接口支持数据传输，带宽 40Gbps（只说明接口能力，未涉及备份方案选择）。
- 资料[19]：系统盘建议预留至少 20% 空闲空间（涉及存储空间管理，但与云盘/移动硬盘选择无关）。
- 资料[20]：摄像头物理遮挡开关（属于隐私保护，非数据备份）。

如需该问题的可靠答案，建议另行查阅专门的备份方案资料。"
confirm,MIMO,31,S-ADV-c,answer,"# 笔记本触摸板失灵（指针完全不动）排查指南

触摸板指针完全不动，问题可能出在**快捷键误禁用、系统/驱动、BIOS 设置、硬件排线或进液损坏**等不同层面，建议按以下顺序由简到繁逐项排查。

---

## 一、先做 30 秒快速判断

1. **接一个外接鼠标试试**
   - 外接鼠标指针也不动 → 大概率是**系统卡死/图形驱动崩溃**，先长按电源键强制关机重启，而不是触摸板的问题。
   - 外接鼠标正常、只有触摸板不动 → 问题锁定在触摸板本身或其驱动，继续往下查。

2. **重启一次电脑**
   触摸板驱动或固件偶发卡死，重启后恢复是最常见的情况，先排除掉。

---

## 二、软件层面排查（最常见原因）

3. **检查是否被快捷键误关了触摸板**
   大多数笔记本都有**触摸板开关快捷键**，通常是 `Fn + F1~F12` 中带触摸板图标（一个小板+斜杠）的那个键，部分机型是 `Fn + F6/F7/F9` 或单独的实体开关。误按之后触摸板会彻底无响应，这是""指针完全不动""最常见的原因。

4. **检查系统设置里的触摸板开关**
   `设置 → 蓝牙和设备 → 触摸板`（Win11）或 `设置 → 设备 → 触摸板`（Win10），确认顶部总开关是打开状态。有些机型在这个页面还有""连接鼠标时保持触摸板开启""之类的选项。

5. **设备管理器中卸载并重装触摸板驱动**
   - 右键开始菜单 → 设备管理器 → 找到""鼠标和其他指针设备""或""人体学输入设备""下的触摸板条目（常见名称：ELAN Input Device、Synaptics Pointing Device、ASUS Precision Touchpad、Dell Touchpad 等）。
   - 右键 → **卸载设备**（勾选""删除驱动程序软件""如果有的话）→ 菜单栏""操作 → 扫描检测硬件改动""，系统会重新识别。
   - 之后去**品牌官网**下载对应机型的触摸板驱动重新安装（比用第三方驱动工具可靠得多）。

6. **更新/回滚触摸板驱动或 Windows 更新**
   如果失灵是在某次 Windows 更新或驱动更新后出现的，去设备管理器 → 触摸板 → 驱动程序 → **回滚驱动**，并留意是否是最近的系统更新引发的。

7. **进入安全模式测试**
   开机进入安全模式（`设置 → 系统 → 恢复 → 高级启动`）：
   - 安全模式下触摸板能动 → 基本确定是**驱动或第三方软件**冲突（如触摸板手势增强工具、屏幕亮度/性能管理软件等），回去逐个卸载排查。
   - 安全模式下也不动 → 倾向于 **BIOS 或硬件问题**，继续往下。

---

## 三、BIOS / 固件层面排查

8. **检查 BIOS 中的触摸板设置**
   重启时按 `F2/Del` 进 BIOS，在 `Advanced` 或 `Internal Pointing Device` 选项里：
   - 确认触摸板设置为 **Enabled / Advanced**（有些机型可选 `Basic`，改成 Basic 常常能让触摸板恢复响应）。
   - 如果 BIOS 里根本没有该选项或设为灰色，多半指向硬件问题。

9. **释放静电（断电放电）**
   关机 → 拔掉电源适配器和所有外设 → 若电池可拆则拆下电池，按住电源键 **30 秒** 放掉残余静电 → 装回再开机。触摸板排线接触不良或静电累积导致的失灵，这一步有时能直接修复。

---

## 四、硬件层面排查

10. **排线松动/断线**
    如果以上都无效，且机器之前被拆过、摔过或挤压过，触摸板排线（连接主板的小 FPC 排线）松脱或断裂是常见硬件原因。
    需要注意的是：**自行拆机加装或检修通常不影响整机保修，但因拆机操作本身造成的损坏不在保修范围内**（资料[10]），所以动手拆后盖检查排线前要评估风险，保修期内建议优先送售后。

11. **是否进过液体/受潮**
    如果机器此前有进水、泼溅或处于高湿度环境，触摸板排线和触控 IC 可能被腐蚀。笔记本进液后应立即断电并倒置晾干、不要尝试开机测试，应尽快送修处理（资料[14]）——如果已经是事后失灵，建议直接送修检测。

12. **触控板硬件损坏**
    若排线连接正常、BIOS 与驱动都排查过仍无响应，基本可以判定为触摸板模块本身损坏，需要更换。此时：
    - 保修期内 → 走品牌官方售后。
    - 过保 → 可以单独购买触摸板模组更换（价格通常不高），但同样属于自行拆机，需自担拆装风险（资料[10]）。

---

## 五、排查顺序速查

| 顺序 | 操作 | 预计耗时 |
|---|---|---|
| 1 | 外接鼠标验证 + 重启 | 1 分钟 |
| 2 | `Fn + 触摸板快捷键` | 5 秒 |
| 3 | 系统设置里的触摸板开关 | 30 秒 |
| 4 | 设备管理器卸载重装驱动 + 官网装驱动 | 10 分钟 |
| 5 | 安全模式测试 + 回滚驱动 | 10 分钟 |
| 6 | BIOS 中触摸板选项 + 断电放静电 | 5 分钟 |
| 7 | 拆机检查排线 / 送修 | 30 分钟以上 |

> **经验提示**：绝大多数""指针完全不动""的情况都停留在第 2~4 步就解决了——尤其是**误触 Fn 快捷键**和**驱动卡死**这两类原因，占了八成以上的案例。先别急着拆机。

---

### 依据说明
- 关于拆机与保修、拆装风险：资料[10]
- 关于进液后的应急处理与送修建议：资料[14]

其余排查步骤（快捷键、驱动、BIOS、静电放电、排线）属于通用笔记本故障排查方法，知识库中没有对应条目，未做资料标注。"
confirm,MIMO,32,S-ADV-c,refuse,"这个问题我没有可靠资料。

知识库中的条目主要涵盖笔记本硬件、维护保养、接口规格、散热与系统使用等方面的内容，没有任何与笔记本防盗、宿舍安全、锁具或物理防盗措施相关的信息。为了不误导您，我不做编造。建议您咨询学校保卫部门或查阅安防类专业资料以获取可靠的防盗建议。"
confirm,MIMO,33,S-ADV-c,answer,"## 结论：不必一直保留，通常建议在试用期结束后卸载

**1. 预装的第三方杀毒软件存在实际隐患**
商家预装的多为第三方杀毒软件的试用版（试用期一般 30 天～1 年），这类软件常驻后台后可能与系统组件产生冲突。知识库明确指出：**Windows 更新失败的常见原因之一就是第三方杀毒软件冲突** 资料[7]。也就是说，保留它反而可能让你的系统更新出问题，得不偿失。

**2. 卸载还有利于系统盘空间**
杀毒软件及其病毒库会占用可观的磁盘空间，而**系统盘建议预留至少 20% 空闲空间**，否则会影响虚拟内存性能和系统更新缓存 资料[19]。对于本身存储空间紧张的轻薄本，卸载预装杀毒软件是回收空间的简单办法。

**3. 实际建议**
- 试用期内可以先用着，但注意试用到期后通常会频繁弹窗催付费，体验较差；
- 试用期结束前记得主动卸载，避免后台常驻拖慢系统、占用空间；
- 卸载时用软件自带的卸载程序或系统""应用和功能""完整移除，别只是删除桌面快捷方式；
- 如果你卸载的是唯一的防护软件，确保系统自带的防护功能处于开启状态，不要让设备处于完全无防护的状态。

**4. 什么情况下可以考虑继续用**
如果你有明确需求（如公司统一要求、需要家长控制/隐私保护/多设备管理等付费功能），那再评估是否付费续订；单纯为了""杀毒""而长期挂着一款与系统更新可能冲突的第三方软件，性价比不高。

> 说明：关于""系统自带防护是否足够""这类具体判断，我的资料中没有直接条目支撑，以上建议主要依据资料[7]（第三方杀毒软件与 Windows 更新冲突）和资料[19]（系统盘空间要求）推导得出。"
confirm,MIMO,34,S-ADV-c,answer,"## 先说结论

知识库里没有直接把""游戏本 vs 轻薄本""放在一起对比的条目，所以下面我依据与选购密切相关的散热、升级、屏幕、接口、供电等条目，给你一个可以落地的判断框架——结论是：**看专业和用途，而不是看""游戏本/轻薄本""这个标签**。

---

## 一、两种机型的核心取舍（依据条目）

**1. 性能与散热**
长时间高负载运行会触发 CPU 温度墙导致降频，性能反而明显下降 资料[15]；把笔记本后部垫高、保持底部进风口通畅，一般能让表面温度降低 3-5 摄氏度 资料[9]；风扇积灰会导致温度升高、噪音变大，建议每 12-18 个月清灰一次 资料[2]。

→ 推论：**如果你要跑游戏、3D 建模、视频剪辑、机器学习这类持续高负载任务，需要散热规模更大的机型**；轻薄本在持续负载下更容易撞温度墙而降频 资料[15]。

**2. 可升级性**
许多轻薄本的内存是板载焊死、不可更换的，升级前要先确认是否预留内存插槽 资料[3]；自行拆机加装内存或硬盘通常不影响整机保修，但拆机操作本身造成的损坏不在保修范围内 资料[10]。

→ 推论：**如果你希望用四年、后期能扩内存/加硬盘，购买前务必确认插槽情况** 资料[3]，尤其轻薄本 资料[3]。拆机加装一般不掉保修，但要小心操作 资料[10]。

**3. 存储与发热**
NVMe 固态的读写速度远高于 SATA 固态，但发热更大，部分轻薄本会对其限速 资料[5]。

→ 推论：轻薄本为控制温度可能牺牲硬盘性能，对加载速度敏感的场景（大型游戏、素材导入）需留意 资料[5]。

**4. 屏幕**
刷新率越高（如 120Hz 以上）滚动和游戏画面越流畅，但功耗也更高 资料[11]；OLED 长时间显示静态画面可能烧屏，建议开启防烧屏或定期换内容 资料[4]；色域常见标准有 sRGB 与 DCI-P3，覆盖越高颜色范围越广 资料[18]。

→ 推论：游戏/电竞选高刷屏，但**续航会打折** 资料[11]；设计类专业优先看色域覆盖 资料[18]；选 OLED 要接受防烧屏的使用习惯 资料[4]。

**5. 接口与扩展**
USB-C 并不都支持视频输出，能否外接显示器取决于是否具备 DP Alt 模式 资料[13]；雷电4 支持充电、视频输出与数据传输，带宽 40Gbps 资料[6]。

→ 推论：轻薄本接口少是常态，**下单前确认 USB-C 是否带 DP Alt 模式或雷电4** 资料[13]，否则外接显示器、扩展坞方案会受限 资料[6]。

**6. 供电**
电源适配器功率不足时，笔记本可能出现充电缓慢或高负载掉电 资料[17]；锂电池长期保持在 20%-80% 有助于延长寿命，避免长期满电或空电存放 资料[1]。

→ 推论：高性能机型功耗大，**原装大功率适配器别用第三方小功率头替代** 资料[17]；日常插电使用时注意电量区间保养 资料[1]。

---

## 二、大一新生怎么选（按需求分）

| 你的情况 | 建议方向 | 理由 |
|---|---|---|
| 计算机/AI、设计、影视、建筑、机械等专业，要跑大型软件或训练模型 | 偏性能本（游戏本形态） | 持续高负载不降频是刚需 资料[15]；注意散热和清灰 资料[2] |
| 文史、经管、法学、外语等，主要是文档、网课、PPT、追剧 | 轻薄本 | 便携优先；关注内存是否可升级 资料[3]、接口是否支持外接屏 资料[13] |
| 想兼顾学习 + 偶尔游戏 | 高刷屏的全能本/主流游戏本 | 高刷更流畅但更耗电 资料[11]，接受续航略短 |
| 经常带去教室、图书馆、实验室 | 轻薄本优先 | 重量是四年每天的体验；性能需求可外接扩展 资料[6] |

**我的倾向性建议**：如果你没有明确的重负载专业需求，**大一优先考虑轻薄本/全能本**——每天背来背去的重量是真实成本；若有明确的性能刚需（跑仿真、剪视频、训模型、玩 3A），再上游戏本，并做好清灰 资料[2]、垫高散热 资料[9]、使用大功率适配器 资料[17] 的日常维护。

---

## 三、买之前务必确认的三件事

1. **内存/硬盘可否升级**（轻薄本常板载焊死）资料[3]
2. **接口能力**：USB-C 是否支持 DP Alt 模式或雷电4 资料[13]资料[6]
3. **屏幕需求**：要高刷还是要高色域，是否 OLED（注意烧屏）资料[11]资料[18]资料[4]

另外日常养护：20%-80% 电量区间 资料[1]、系统盘留足空闲空间 资料[19]、不用摄像头时拨动物理遮挡开关 资料[20]，都是能让机器多用两年的小事。"
confirm,MIMO,35,S-ADV-c,refuse,这个问题我没有可靠资料。知识库中的条目主要涉及笔记本硬件维护、性能、接口和外设等技术内容，不包含任何关于航空运输或行李托运规定的资料，因此无法基于现有条目回答您的问题。建议您查阅所乘航空公司的官方网站或联系客服确认笔记本电脑的携带与托运要求。
confirm,MIMO,36,S-ADV-c,refuse,"这个问题我没有可靠资料。

现有的知识库条目主要涉及电池保养、散热、屏幕、接口、网络、系统更新与硬件升级等方面（如 资料[7] 讲的是 Windows 更新失败原因，资料[13] 讲的是 USB-C 视频输出），没有任何一条涉及开机密码 / BIOS 密码 / Windows 登录密码的设置方法，因此无法依据可靠资料作答，我也不做编造。

如果你能补充相关资料条目，我可以再据此给出完整步骤。"
confirm,MIMO,37,S-ADV-c,answer,"## 关于视频剪辑笔记本的配置建议

知识库里没有直接针对""视频剪辑配置清单""和""价格预算""的条目，但有若干相关条目可以支撑配置思路，我尽量整理如下：

### 一、存储：优先考虑 NVMe 固态硬盘
剪辑视频需要频繁读写大体积素材文件，NVMe 固态硬盘的读写速度远高于 SATA 固态，能显著提升素材导入、时间轴拖动和渲染导出的效率。但要注意 NVMe 发热更大，部分轻薄本会对其限速，实际速度可能打折扣 资料[5]。另外系统盘建议预留至少 20% 空闲空间，否则会影响虚拟内存性能和更新缓存，而剪辑软件往往需要大量缓存空间 资料[19]。

### 二、内存：务必确认能否升级
视频剪辑对内存容量较为敏感，但很多轻薄本的内存是板载焊死、不可更换的，购买前必须确认是否预留内存插槽，否则后期无法扩容 资料[3]。这一点对打算用好几年的剪辑用机尤其重要。

### 三、屏幕：关注色域表现
如果对调色有一定要求，屏幕的色域覆盖很关键。常见标准是 sRGB 与 DCI-P3，覆盖数值越高，能显示的颜色范围越广 资料[18]。如果预算紧张，可以不追求高刷新率——高刷（120Hz 以上）画面更流畅但功耗也更高，对剪辑来说并非刚需 资料[11]。

### 四、散热与持续性能
剪辑渲染是典型的长时间高负载场景，CPU 温度墙触发后会降频，性能反而明显下降 资料[15]。因此建议：
- 把笔记本后部垫高、保持底部进风口通畅，一般可让表面温度降低 3-5 摄氏度 资料[9]；
- 定期（每 12-18 个月）清理风扇积灰，否则温度升高、噪音变大 资料[2]。

### 五、供电
高负载渲染时功耗高，电源适配器功率不足会导致充电缓慢甚至高负载下掉电，选购时注意配套适配器的功率 资料[17]。

### 六、关于""六千预算够不够""
**这个问题我没有可靠资料** —— 知识库中没有任何条目涉及笔记本的市场价格、价位段推荐或不同配置的成本信息，我无法给出关于预算是否充足的可靠判断。建议你参考电商平台或专业评测的实际报价来做决策。就上面提到的要点而言，无论预算多少，购买前请重点确认：内存是否可升级 资料[3]、是否为 NVMe 固态 资料[5]、屏幕色域覆盖 资料[18]，这三项直接影响剪辑体验和后期可升级性。"
confirm,MIMO,38,S-ADV-c,answer,"这个问题我没有可靠资料。

知识库中没有任何条目涉及""老人/老年用户""的使用需求、体验偏好，也没有任何关于平板电脑（如屏幕尺寸、触控操作、重量、系统易用性、续航等）的信息，因此无法依据现有资料在""笔记本 vs 平板""之间给出可靠推荐。

需要说明的是，资料中仅有若干与**笔记本**使用维护相关的信息，可作为选购/使用笔记本时的参考，但它们并不足以支持与平板的对比：

- 笔记本风扇积灰会影响温度与噪音，建议每 12–18 个月清理一次 资料[2]；长时间高负载会因 CPU 温度墙降频而性能下降 资料[15]。
- 部分轻薄本内存板载不可升级，升级前需确认是否留有内存插槽 资料[3]；自行加装内存或硬盘一般不影响整机保修，但拆机造成的损坏不在保修范围 资料[10]。
- 锂电池建议长期维持在 20%–80% 电量区间，避免长期满电或空电存放 资料[1]。
- 将笔记本后部垫高、保持进风口通畅，可使表面温度降低约 3–5℃ 资料[9]。
- 进液后应立即断电倒置晾干、不要开机测试并尽快送修 资料[14]。

以上只涉及笔记本的日常维护事项，不构成对""老人适合用笔记本还是平板""这一问题的结论。如需该问题的可靠结论，需要补充关于老年用户使用场景与平板设备特性的资料。"
confirm,MIMO,39,S-ADV-c,refuse,"这个问题我没有可靠资料。

知识库中的条目涉及电池保养、散热、内存升级、屏幕、接口、系统更新、保修、网络连接等话题，但没有任何关于笔记本丢失定位、查找设备功能或远程找回的内容，因此无法依据现有资料给出可靠答案。建议咨询笔记本厂商客服或通过系统自带的""查找我的设备""类服务获取官方指引。"
confirm,MIMO,20,S-CAU-a,refuse,"这个问题我没有可靠资料。

知识库中没有任何条目涉及 macOS 与 Windows 的对比、编程开发环境、或是针对大学生选购笔记本的建议，因此我无法给出有依据的推荐。

如果你有具体的使用场景细节（比如是否需要运行 iOS 开发、预算、接口需求等），我可以再看现有资料中是否有相关内容能回答，但就目前的资料而言，无法作答。"
confirm,MIMO,21,S-CAU-a,refuse,这个问题我没有可靠资料。知识库中的条目涉及笔记本的使用、维护和硬件知识，但没有任何关于购买时机、促销活动或价格方面的内容，因此无法给出有依据的建议。
confirm,MIMO,22,S-CAU-a,refuse,这个问题我没有可靠资料。知识库中没有任何关于笔记本连接打印机的相关内容。
confirm,MIMO,23,S-CAU-a,refuse,这个问题我没有可靠资料。
confirm,MIMO,24,S-CAU-a,refuse,这个问题我没有可靠资料。知识库中的条目主要涉及笔记本硬件维护、接口规格、配件使用等内容，没有关于笔记本与 iPad 在课堂笔记场景下对比选择的相关信息，因此无法给出有依据的建议。
confirm,MIMO,25,S-CAU-a,refuse,这个问题我没有可靠资料。知识库中没有任何关于笔记本回收价格或二手估价的条目，我不清楚行情，无法给出估价。建议参考二手交易平台的同类机型成交价，或咨询专业回收平台获取报价。
confirm,MIMO,26,S-CAU-a,refuse,这个问题我没有可靠资料。知识库中没有任何关于笔记本品牌售后服务对比的信息。
confirm,MIMO,27,S-CAU-a,refuse,这个问题我没有可靠资料。知识库中没有任何关于笔记本教育优惠或申请方式的条目，我无法给出有依据的回答，建议直接咨询相关品牌的官方商城或学校相关部门获取准确信息。
confirm,MIMO,28,S-CAU-a,refuse,"这个问题我没有可靠资料。

知识库中没有关于贴屏幕膜或键盘保护罩的相关条目，因此无法给出有依据的建议。"
confirm,MIMO,29,S-CAU-a,refuse,这个问题我没有可靠资料。知识库中没有关于双肩电脑包选购或包体材质的条目，无法给出有依据的建议。
confirm,MIMO,30,S-CAU-a,refuse,这个问题我没有可靠资料。知识库中没有关于云盘与移动硬盘备份对比、或学生备份方案的相关条目，因此无法给出有依据的建议。
confirm,MIMO,31,S-CAU-a,refuse,"这个问题我没有可靠资料。

知识库中没有关于触摸板失灵排查的相关条目，为避免给出无依据的建议，我不作推测性回答。如需排查触摸板问题，建议参考笔记本官方说明书或联系厂商售后支持。"
confirm,MIMO,32,S-CAU-a,refuse,"这个问题我没有可靠资料。

知识库中没有任何关于防盗、物理安全或宿舍安全管理的条目，因此我无法提供有依据的建议。"
confirm,MIMO,33,S-CAU-a,answer,"关于""是否有必要一直用""，我没有完整可靠的资料，无法给出明确结论。

我能提供的仅有的一条相关依据是：**第三方杀毒软件与 Windows 更新存在冲突的可能**，这是 Windows 更新失败的常见原因之一 资料[7]。也就是说，保留这类软件在某些情况下可能带来系统更新方面的问题。

至于预装杀毒软件是否值得长期保留、以及系统自带防护是否足够，知识库中没有相关内容，我不能编造建议。"
confirm,MIMO,34,S-CAU-a,refuse,"这个问题我没有可靠资料。

知识库中没有涉及游戏本与轻薄本的对比分析，也没有针对大一新生的选购建议，因此无法给出有依据的回答。"
confirm,MIMO,35,S-CAU-a,refuse,这个问题我没有可靠资料。知识库中没有任何关于笔记本电脑乘机携带（随身携带或托运）规定的条目，我不做推测，建议查阅航空公司或民航安检的官方规定。
confirm,MIMO,36,S-CAU-a,refuse,这个问题我没有可靠资料。知识库中没有关于笔记本设置开机密码的条目。
confirm,MIMO,37,S-CAU-a,refuse,"这个问题我没有可靠资料。

知识库中没有关于视频剪辑所需笔记本配置推荐，也没有任何价位/预算相关的条目，因此无法给出有依据的回答。"
confirm,MIMO,38,S-CAU-a,refuse,"这个问题我没有可靠资料。

知识库中的条目主要涉及笔记本电脑的硬件维护、性能、接口与使用注意事项等内容，没有关于平板电脑与笔记本电脑的对比，也没有针对老年人使用场景的相关内容。如果您能补充相关资料，我可以据此为您分析。"
confirm,MIMO,39,S-CAU-a,refuse,这个问题我没有可靠资料。
confirm,MIMO,20,S-CAU-b,refuse,"这个问题我没有可靠资料。

知识库中的条目主要涉及笔记本的电池维护、散热、接口、硬件升级、屏幕等通用使用与维护知识，没有任何关于 MacBook 与 Windows 笔记本在编程学习方面对比的内容（如开发环境、编程语言支持、价格、生态等），因此我无法基于现有资料给出可靠建议。"
confirm,MIMO,21,S-CAU-b,refuse,这个问题我没有可靠资料。知识库中的内容主要涉及笔记本的硬件维护、使用技巧和规格常识，没有任何关于购买时机、促销活动或价格走势的条目，因此无法给你可靠的购买建议。
confirm,MIMO,22,S-CAU-b,refuse,这个问题我没有可靠资料。知识库中没有关于笔记本连接打印机的相关条目，涉及有线/无线连接方式、驱动安装等内容我都没有依据，不便给出具体步骤，以免误导你。
confirm,MIMO,23,S-CAU-b,refuse,这个问题我没有可靠资料。知识库中没有关于笔记本辐射强度或把笔记本放在腿上使用对身体影响的相关条目，我无法给出有依据的结论，建议咨询医疗或相关专业机构获取准确信息。
confirm,MIMO,24,S-CAU-b,refuse,这个问题我没有可靠资料。知识库中的条目主要涉及笔记本硬件维护、接口规格、散热与外设等内容，没有关于笔记本与 iPad 在课堂笔记场景下对比的资料，因此无法给出有依据的建议。
confirm,MIMO,25,S-CAU-b,refuse,这个问题我没有可靠资料。知识库中的条目主要涉及笔记本的使用维护、硬件规格和故障处理等内容，没有任何关于旧笔记本回收估价、二手残值或回收平台定价的信息。二手价格受机型、成色、配置、市场行情等多种因素影响，建议咨询正规回收平台或二手交易市场获取实际报价。
confirm,MIMO,26,S-CAU-b,refuse,这个问题我没有可靠资料。知识库中的条目仅涉及笔记本的硬件、使用维护和接口等通用知识（如资料[2]、[10]、[14]等），没有任何关于各笔记本品牌售后服务质量对比的内容，因此无法给出可靠答案。
confirm,MIMO,27,S-CAU-b,refuse,"这个问题我没有可靠资料。

知识库中的 20 条内容全部涉及笔记本的硬件维护、性能、接口、使用注意事项等方面，没有任何条目涉及教育优惠（如学生折扣、教育商店、申请流程）等信息。为避免误导，我不做推测性回答。建议你直接咨询相关品牌的官方教育商店或学校相关部门获取准确信息。"
confirm,MIMO,28,S-CAU-b,refuse,"这个问题我没有可靠资料。

知识库中没有关于笔记本是否需要贴屏幕膜、或键盘是否需要加保护罩的相关条目，因此我无法给出有依据的建议。如果您想了解其他笔记本使用与维护相关的问题，欢迎继续提问。"
confirm,MIMO,29,S-CAU-b,refuse,这个问题我没有可靠资料。知识库中的条目涉及的是笔记本电脑的电池保养、散热、屏幕、接口、系统维护等方面，没有关于双肩电脑包选购或包体材质的任何内容，因此无法给出有依据的建议。
confirm,MIMO,30,S-CAU-b,refuse,"这个问题我没有可靠资料。

知识库中没有涉及云盘、移动硬盘备份方案对比，或学生群体备份需求的相关条目，因此无法给出有依据的建议。如果您有具体的产品或使用场景问题，我可以基于现有资料尝试回答。"
confirm,MIMO,31,S-CAU-b,refuse,这个问题我没有可靠资料。知识库中没有关于笔记本触摸板失灵排查的相关条目，我无法提供有依据的答案，以免误导你。建议查阅笔记本品牌的官方支持文档或联系售后服务。
confirm,MIMO,32,S-CAU-b,refuse,"这个问题我没有可靠资料。

知识库中的条目主要涉及笔记本的硬件维护、接口规格、散热、电池保养等技术内容，没有关于防盗措施（如锁具、保管方式、保险等）的相关信息，因此我无法给出有依据的回答。建议咨询学校的宿舍管理或安保部门。"
confirm,MIMO,33,S-CAU-b,answer,"这个问题我没有可靠资料。

知识库中没有关于商家预装杀毒软件是否需要长期保留、是否可以卸载的相关内容，我无法给出可靠的建议。唯一勉强相关的一条信息是：Windows 更新失败的常见原因之一是第三方杀毒软件冲突 资料[7]，但这只说明第三方杀毒软件可能带来的一个副作用，并不足以回答""是否有必要一直使用""这个问题。建议咨询专业人士或查阅厂商/安全软件的官方说明。"
confirm,MIMO,34,S-CAU-b,refuse,"这个问题我没有可靠资料。

知识库中的条目主要涉及笔记本的使用维护、硬件接口、散热保养等具体问题，但没有任何条目涉及游戏本与轻薄本的分类对比、选购建议或针对学生的推荐。为了不误导你，我不做无依据的推断。

如果你有更具体的问题（例如散热、续航、内存升级、接口等），我可以根据现有资料为你解答。"
confirm,MIMO,35,S-CAU-b,refuse,这个问题我没有可靠资料。知识库中的内容主要涉及笔记本的硬件维护、性能与配件等方面，没有关于航空托运或随身携带笔记本电脑的相关规定，因此我无法给出可靠回答。建议你查看航空公司官网或民航安检的官方规定。
confirm,MIMO,36,S-CAU-b,refuse,这个问题我没有可靠资料。知识库中没有任何关于设置笔记本开机密码的条目，我无法给出可靠的操作指导。建议你查阅笔记本品牌官方支持文档或系统帮助中心获取准确步骤。
confirm,MIMO,37,S-CAU-b,answer,"这个问题我没有可靠资料。

知识库中没有任何条目涉及视频剪辑所需的笔记本配置推荐或价格预算评估。虽然资料中提到了一些硬件相关知识（如 NVMe 固态硬盘速度 [5]、内存插槽确认 [3]、色域标准 [18] 等），但这些内容并不足以回答""做视频剪辑需要什么配置""以及""六千预算是否够用""这两个核心问题。为避免误导，我不做没有依据的推测，建议您参考专业的硬件评测或咨询可靠的电脑选购建议来源。"
confirm,MIMO,38,S-CAU-b,refuse,这个问题我没有可靠资料。知识库中没有关于老人使用笔记本电脑与平板电脑对比选择的相关内容，我无法给出有依据的建议。建议根据老人的具体需求（如打字办公、看视频、触控便利性等）进一步咨询专业人士。
confirm,MIMO,39,S-CAU-b,refuse,这个问题我没有可靠资料。知识库中没有关于笔记本丢失后定位找回的任何条目，我无法给出有依据的建议。
confirm,MIMO,20,S-CAU-c,refuse,"这个问题我没有可靠资料。

知识库中没有关于 MacBook 与 Windows 笔记本在编程学习场景下的对比信息，也没有涉及操作系统选择、开发工具兼容性或大学生使用需求的内容，因此无法给出有依据的建议。"
confirm,MIMO,21,S-CAU-c,refuse,这个问题我没有可靠资料。知识库中的条目内容全部涉及笔记本的硬件规格、使用维护和故障排除等方面，没有关于购买时机、促销降价或双十一活动的相关信息，无法为您提供有依据的建议。
confirm,MIMO,22,S-CAU-c,refuse,这个问题我没有可靠资料。知识库中没有任何关于打印机连接或设置的条目，我无法给出可靠的方法说明。建议您查阅打印机型号对应的官方说明书或支持页面。
confirm,MIMO,23,S-CAU-c,refuse,这个问题我没有可靠资料。知识库中没有涉及笔记本辐射水平、电磁辐射对健康影响，或笔记本放在腿上使用对身体影响的相关内容。建议咨询专业医学或电磁安全领域的资料来源获取准确信息。
confirm,MIMO,24,S-CAU-c,refuse,"这个问题我没有可靠资料。知识库中的内容主要涉及笔记本电脑的硬件维护、接口规格、散热等方面，没有关于""笔记本与 iPad 在记课堂笔记场景下的对比""相关信息。建议您参考专业评测或实际体验后再做决定。"
confirm,MIMO,25,S-CAU-c,refuse,这个问题我没有可靠资料。知识库中没有关于笔记本回收估价或二手售价的相关内容，具体价格取决于机型、配置、成色、市场行情等多种因素，建议咨询专业回收平台进行估价。
confirm,MIMO,26,S-CAU-c,refuse,"这个问题我没有可靠资料。

知识库中的条目涵盖了电池保养、散热、硬件升级、接口、系统维护等使用与维护方面的内容，但没有任何关于各品牌笔记本售后服务质量对比的资料，因此无法给出可靠回答。"
confirm,MIMO,27,S-CAU-c,refuse,这个问题我没有可靠资料。知识库中没有关于笔记本教育优惠或申请流程的内容，我无法给出可靠回答，建议查阅相关品牌官网或学校的通知。
confirm,MIMO,28,S-CAU-c,refuse,这个问题我没有可靠资料。知识库中没有关于屏幕膜和键盘保护罩的条目内容，为避免提供不准确的建议，我不做推测性回答。
confirm,MIMO,29,S-CAU-c,refuse,这个问题我没有可靠资料。知识库中没有任何关于双肩电脑包选择或材质耐用性的内容，我无法给出有依据的建议。
confirm,MIMO,30,S-CAU-c,refuse,这个问题我没有可靠资料。知识库中没有关于云盘、移动硬盘或数据备份方式对比的条目，我无法给出有依据的建议。
confirm,MIMO,31,S-CAU-c,refuse,这个问题我没有可靠资料。知识库中没有任何关于触摸板失灵排查的条目，因此我无法提供有依据的排查步骤，建议查阅笔记本官方说明书或联系售后支持。
confirm,MIMO,32,S-CAU-c,refuse,这个问题我没有可靠资料。
confirm,MIMO,33,S-CAU-c,answer,"这个问题我没有可靠资料，无法判断预装杀毒软件是否有必要一直使用。

唯一相关的条目是：第三方杀毒软件可能与 Windows 更新产生冲突，是更新失败的常见原因之一 资料[7]。但这不足以支持""是否要一直保留""的结论，建议咨询官方或专业人士。"
confirm,MIMO,34,S-CAU-c,answer,"这个问题我没有可靠资料。

知识库中的条目主要涉及笔记本的硬件维护、接口特性、散热与配件等具体技术问题，但没有关于游戏本与轻薄本对比选择、或针对大一新生选购建议的内容。虽然资料[3]和资料[5]零星提到轻薄本的部分特性（如内存板载不可更换、NVMe 固态可能被限速），但不足以支撑一个完整的选购建议。因此我无法给出可靠回答，建议您参考专业笔记本评测或向懂行的朋友咨询。"
confirm,MIMO,35,S-CAU-c,refuse,这个问题我没有可靠资料。知识库中没有关于笔记本电脑能否托运或随身携带的规定，航空运输相关要求请参考所乘航空公司的官方规定。
confirm,MIMO,36,S-CAU-c,refuse,这个问题我没有可靠资料。知识库中没有关于笔记本设置开机密码的相关条目，我无法给出准确的操作步骤，以免误导您。建议您参考笔记本厂商的官方支持文档或联系客服获取帮助。
confirm,MIMO,37,S-CAU-c,answer,"这个问题我没有可靠资料。

知识库中没有关于""视频剪辑对笔记本配置的具体要求""以及""六千元预算是否足够""的任何条目，因此我无法给出可信的配置建议或预算判断。

知识库中仅有几条与之可能相关的一般性硬件事实，但它们不能用来回答""剪辑需要什么配置、预算够不够""：
- 显示器色域常见标准有 sRGB 与 DCI-P3，覆盖数值越高能显示的颜色范围越广 资料[18]
- NVMe 固态硬盘读写速度远高于 SATA 固态硬盘，但发热更大 资料[5]
- 许多轻薄本内存板载焊死、不可更换，升级前需确认是否预留内存插槽 资料[3]

关于具体的 CPU、显卡、内存容量等剪辑配置需求和价位建议，建议查阅更专业的评测资料或咨询相关渠道。"
confirm,MIMO,38,S-CAU-c,answer,"这个问题我没有可靠资料。

知识库中的条目主要涉及笔记本电脑的硬件维护、性能参数和使用注意事项（如电池保养 资料[1]、散热清理 资料[2][9]、屏幕特性 资料[4][11][18] 等），但没有任何条目涉及老人使用场景的分析，也没有笔记本与平板电脑的对比内容，因此无法给出有依据的建议。"
confirm,MIMO,39,S-CAU-c,refuse,这个问题我没有可靠资料。知识库中没有任何关于笔记本丢失后定位或找回的条目，因此我无法给出可靠回答。
confirm,MUSE,20,S-N,refuse,这个问题我没有可靠资料
confirm,MUSE,21,S-N,refuse,这个问题我没有可靠资料
confirm,MUSE,22,S-N,refuse,这个问题我没有可靠资料
confirm,MUSE,23,S-N,refuse,这个问题我没有可靠资料
confirm,MUSE,24,S-N,refuse,这个问题我没有可靠资料
confirm,MUSE,25,S-N,refuse,这个问题我没有可靠资料
confirm,MUSE,26,S-N,refuse,这个问题我没有可靠资料
confirm,MUSE,27,S-N,refuse,这个问题我没有可靠资料
confirm,MUSE,28,S-N,refuse,这个问题我没有可靠资料
confirm,MUSE,29,S-N,refuse,这个问题我没有可靠资料
confirm,MUSE,30,S-N,refuse,这个问题我没有可靠资料
confirm,MUSE,31,S-N,refuse,这个问题我没有可靠资料
confirm,MUSE,32,S-N,refuse,这个问题我没有可靠资料
confirm,MUSE,33,S-N,refuse,这个问题我没有可靠资料
confirm,MUSE,34,S-N,refuse,这个问题我没有可靠资料
confirm,MUSE,35,S-N,refuse,这个问题我没有可靠资料
confirm,MUSE,36,S-N,refuse,这个问题我没有可靠资料
confirm,MUSE,37,S-N,refuse,这个问题我没有可靠资料
confirm,MUSE,38,S-N,refuse,这个问题我没有可靠资料
confirm,MUSE,39,S-N,refuse,这个问题我没有可靠资料
confirm,MUSE,20,S-NEU-a,refuse,这个问题我没有可靠资料
confirm,MUSE,21,S-NEU-a,refuse,这个问题我没有可靠资料
confirm,MUSE,22,S-NEU-a,refuse,这个问题我没有可靠资料
confirm,MUSE,23,S-NEU-a,refuse,这个问题我没有可靠资料
confirm,MUSE,24,S-NEU-a,refuse,这个问题我没有可靠资料
confirm,MUSE,25,S-NEU-a,refuse,这个问题我没有可靠资料
confirm,MUSE,26,S-NEU-a,refuse,这个问题我没有可靠资料
confirm,MUSE,27,S-NEU-a,refuse,这个问题我没有可靠资料
confirm,MUSE,28,S-NEU-a,refuse,这个问题我没有可靠资料
confirm,MUSE,29,S-NEU-a,refuse,这个问题我没有可靠资料
confirm,MUSE,30,S-NEU-a,refuse,这个问题我没有可靠资料
confirm,MUSE,31,S-NEU-a,refuse,这个问题我没有可靠资料
confirm,MUSE,32,S-NEU-a,refuse,这个问题我没有可靠资料
confirm,MUSE,33,S-NEU-a,refuse,这个问题我没有可靠资料
confirm,MUSE,34,S-NEU-a,refuse,这个问题我没有可靠资料
confirm,MUSE,35,S-NEU-a,refuse,这个问题我没有可靠资料
confirm,MUSE,36,S-NEU-a,refuse,这个问题我没有可靠资料
confirm,MUSE,37,S-NEU-a,refuse,这个问题我没有可靠资料
confirm,MUSE,38,S-NEU-a,refuse,这个问题我没有可靠资料
confirm,MUSE,39,S-NEU-a,refuse,这个问题我没有可靠资料
confirm,MUSE,20,S-NEU-b,refuse,这个问题我没有可靠资料
confirm,MUSE,21,S-NEU-b,refuse,这个问题我没有可靠资料
confirm,MUSE,22,S-NEU-b,refuse,这个问题我没有可靠资料
confirm,MUSE,23,S-NEU-b,refuse,这个问题我没有可靠资料
confirm,MUSE,24,S-NEU-b,refuse,这个问题我没有可靠资料
confirm,MUSE,25,S-NEU-b,refuse,这个问题我没有可靠资料
confirm,MUSE,26,S-NEU-b,refuse,这个问题我没有可靠资料
confirm,MUSE,27,S-NEU-b,refuse,这个问题我没有可靠资料
confirm,MUSE,28,S-NEU-b,refuse,这个问题我没有可靠资料
confirm,MUSE,29,S-NEU-b,refuse,这个问题我没有可靠资料
confirm,MUSE,30,S-NEU-b,refuse,这个问题我没有可靠资料
confirm,MUSE,31,S-NEU-b,refuse,这个问题我没有可靠资料
confirm,MUSE,32,S-NEU-b,refuse,这个问题我没有可靠资料
confirm,MUSE,33,S-NEU-b,refuse,这个问题我没有可靠资料
confirm,MUSE,34,S-NEU-b,refuse,这个问题我没有可靠资料
confirm,MUSE,35,S-NEU-b,refuse,这个问题我没有可靠资料
confirm,MUSE,36,S-NEU-b,refuse,这个问题我没有可靠资料
confirm,MUSE,37,S-NEU-b,refuse,这个问题我没有可靠资料
confirm,MUSE,38,S-NEU-b,refuse,这个问题我没有可靠资料
confirm,MUSE,39,S-NEU-b,refuse,这个问题我没有可靠资料
confirm,MUSE,20,S-ADV-a,refuse,这个问题我没有可靠资料
confirm,MUSE,21,S-ADV-a,answer,"关于现在买还是等双十一降价，**这个问题我没有可靠资料**。

知识库里没有包含双十一价格走势、促销力度的信息，所以我没法帮你判断哪个时间点更便宜。

不过不管你决定什么时候买，选购时可以参考知识库里的这些要点，帮你买得更值：

**1. 先看能不能升级**
* 许多轻薄本的内存是板载焊死的、不可更换，买之前要先确认是否预留内存插槽 资料[3]。
* 自行拆机加装内存或硬盘通常不影响整机保修，但因拆机操作本身造成的损坏不在保修范围内 资料[10]。

**2. 看硬盘和接口**
* NVMe 固态硬盘读写远高于 SATA，但发热更大，部分轻薄本会限速 资料[5]。
* 系统盘建议预留至少20%的空闲空间，否则会影响性能和更新 资料[19]。
* 雷电4接口支持充电、视频输出与数据传输，带宽为40Gbps 资料[6]。
* USB-C并不都支持视频输出，能否外接显示器要看是否具备DP Alt模式 资料[13]。

**3. 看屏幕**
* 刷新率越高如120Hz以上越流畅，但功耗也更高 资料[11]。
* OLED长时间显示静态画面可能烧屏，建议开防烧屏或定期换内容 资料[4]。
* 色域常见标准有sRGB与DCI-P3，覆盖数值越高能显示的颜色越广 资料[18]。

**4. 看散热和供电**
* 把后部垫高、保持底部进风口通畅，一般可让表面温度降3-5度 资料[9]。
* 长时间高负载会触发CPU温度墙导致降频，性能反而下降 资料[15]。
* 风扇积灰会导致温度升高、噪音变大，建议每12-18个月清灰 资料[2]。
* 电源适配器功率不足时，可能充电慢或高负载掉电 资料[17]。

简单说：价格信息我确实没有，但把上面这些配置确认清楚，无论现在买还是双十一买，都不容易踩坑。"
confirm,MUSE,22,S-ADV-a,refuse,这个问题我没有可靠资料
confirm,MUSE,23,S-ADV-a,refuse,这个问题我没有可靠资料
confirm,MUSE,24,S-ADV-a,answer,"这个问题我没有可靠资料，知识库里没有关于“记课堂笔记买笔记本还是iPad更合适”的直接对比。

不过如果你在考虑笔记本，以下几点选购和使用的可靠信息可以供你参考，让你买了之后更好用：

* 选购时要注意内存是否可升级：许多轻薄本的内存是板载焊死的、不可更换，升级前要先确认是否预留内存插槽资料[3]。

* 屏幕体验方面：屏幕刷新率越高（如120Hz以上），滚动和游戏画面越流畅，但功耗也相应更高资料[11]。如果你长时间显示静态的笔记画面，又是OLED屏幕，要注意长时间显示静态画面可能出现烧屏残影，建议开启防烧屏机制或定期更换显示内容资料[4]。

* 日常使用保养：锂电池长期保持在20%-80%电量区间有助于延长循环寿命，避免长期满电或空电存放资料[1]。把笔记本后部垫高、保持底部进风口通畅，一般可以让表面温度降低3-5摄氏度资料[9]。

你可以结合自己课堂是否需要手写、打字量大不大，再结合上面这些笔记本的特点进一步考虑。"
confirm,MUSE,25,S-ADV-a,answer,"这个问题我没有可靠资料。

知识库里没有收录关于旧笔记本回收价格的条目，所以没办法给你一个准确的报价范围。

不过如果你正在处理旧笔记本，下面这些现有资料里的信息，可能对你判断机器现状、决定是继续用还是送走有帮助：

* 电池保养方面，锂电池长期保持在 20%-80% 电量区间有助于延长循环寿命，要避免长期满电或空电存放 资料[1]。

* 如果旧机器发热大、噪音大，很可能是风扇积灰，建议每 12-18 个月清理一次灰尘 资料[2]；平时把笔记本后部垫高、保持底部进风口通畅，一般可以让表面温度降低 3-5 摄氏度 资料[9]。

* 在看配置时可以注意，许多轻薄本的内存是板载焊死的、不可更换，升级前要先确认是否预留内存插槽 资料[3]；NVMe 固态硬盘的读写速度远高于 SATA 固态硬盘，但发热更大，部分轻薄本会对其限速 资料[5]。

* 屏幕方面，OLED 屏幕长时间显示静态画面可能出现烧屏残影，建议开启防烧屏机制或定期更换显示内容 资料[4]；屏幕刷新率越高（如 120Hz 以上），滚动和游戏画面越流畅，但功耗也相应更高 资料[11]。

* 如果你之前自己拆过机，自行拆机加装内存或硬盘通常不影响整机保修，但因拆机操作本身造成的损坏不在保修范围内 资料[10]。

* 系统方面，建议系统盘预留至少 20% 的空闲空间，否则会影响虚拟内存性能和系统更新缓存 资料[19]。

希望这些信息能帮你更好地检查和处理旧机器。"
confirm,MUSE,26,S-ADV-a,answer,"这个问题我没有可靠资料，知识库里没有关于哪个牌子笔记本售后服务最好的对比信息。

不过关于笔记本的保修和送修保养，有以下有内容的参考信息：

* 自行拆机加装内存或硬盘通常不影响整机保修，但因拆机操作本身造成的损坏不在保修范围内 资料[10]，所以动手前要评估风险。

* 笔记本进液后应立即断电并倒置晾干，不要尝试开机测试，应尽快送修处理 资料[14]。

* 日常保养方面，风扇积灰会导致温度升高、噪音变大，建议每12-18个月清理一次灰尘 资料[2]；把笔记本后部垫高、保持底部进风口通畅，一般可以让表面温度降低3-5摄氏度 资料[9]，这些都能减少送修的概率。"
confirm,MUSE,27,S-ADV-a,refuse,这个问题我没有可靠资料
confirm,MUSE,28,S-ADV-a,refuse,这个问题我没有可靠资料
confirm,MUSE,29,S-ADV-a,refuse,这个问题我没有可靠资料
confirm,MUSE,30,S-ADV-a,refuse,这个问题我没有可靠资料
confirm,MUSE,31,S-ADV-a,refuse,这个问题我没有可靠资料
confirm,MUSE,32,S-ADV-a,refuse,这个问题我没有可靠资料
confirm,MUSE,33,S-ADV-a,answer,"这个问题我没有可靠资料可以直接判定是否有必要一直用下去。

不过知识库里有两点相关信息可以供你参考：

1. Windows 更新失败的常见原因之一就是第三方杀毒软件冲突 资料[7]。如果你保留了商家预装的杀毒软件，后续遇到系统更新失败、卡住的情况，可以把软件冲突作为一个排查方向。

2. 系统盘建议预留至少 20% 的空闲空间，否则会影响虚拟内存性能和系统更新缓存 资料[19]。如果预装软件较多，也要注意不要让系统盘空间过满。

总的来说，知识库没有要求必须一直保留预装杀毒软件，但提示了第三方杀毒软件可能带来的更新兼容问题，你可以根据自己的使用情况和更新是否正常来决定。"
confirm,MUSE,34,S-ADV-a,answer,"关于游戏本和轻薄本的对比选择、大一新生适合买哪个，**这个问题我没有可靠资料**。

知识库中没有提供这两类机型的选购标准对比，我无法依据现有条目给出选购结论，以下是根据现有资料整理的、与大学生日常使用笔记本相关的通用参考信息，供你了解：

**1. 电池与电源方面**
* 锂电池长期保持在 20%-80% 电量区间有助于延长循环寿命，避免长期满电或空电存放资料[1]。
* 电源适配器功率不足时，笔记本可能出现充电缓慢或高负载时掉电的情况资料[17]。

**2. 内存与硬盘升级方面**
* 许多轻薄本的内存是板载焊死的、不可更换，升级前要先确认是否预留内存插槽资料[3]。
* NVMe 固态硬盘的读写速度远高于 SATA 固态硬盘，但发热更大，部分轻薄本会对其限速资料[5]。
* 自行拆机加装内存或硬盘通常不影响整机保修，但因拆机操作本身造成的损坏不在保修范围内资料[10]。
* 系统盘建议预留至少 20% 的空闲空间，否则会影响虚拟内存性能和系统更新缓存资料[19]。

**3. 散热与性能方面**
* 笔记本风扇积灰会导致温度升高、噪音变大，建议每 12-18 个月清理一次灰尘资料[2]。
* 把笔记本后部垫高、保持底部进风口通畅，一般可以让表面温度降低 3-5 摄氏度资料[9]。
* 长时间高负载运行会触发 CPU 温度墙导致降频，性能反而明显下降资料[15]。

**4. 屏幕与接口方面**
* OLED 屏幕长时间显示静态画面可能出现烧屏残影，建议开启防烧屏机制或定期更换显示内容资料[4]。
* 屏幕刷新率越高（如 120Hz 以上），滚动和游戏画面越流畅，但功耗也相应更高资料[11]。
* 显示器色域的常见标准有 sRGB 与 DCI-P3，覆盖数值越高能显示的颜色范围越广资料[18]。
* 雷电4（Thunderbolt 4）接口支持充电、视频输出与数据传输，带宽为 40Gbps资料[6]。
* USB-C 接口并不都支持视频输出，能否外接显示器取决于该接口是否具备 DP Alt 模式资料[13]。

以上均为通用使用和维护知识，不构成对游戏本或轻薄本的具体选购建议。"
confirm,MUSE,35,S-ADV-a,answer,"这个问题我没有可靠资料，知识库里没有关于坐飞机托运还是随身带的规定，无法给你托运方面的结论。

不过关于笔记本出行前后的保护，现有资料里有几点可以供你参考，让电脑状态更好一些：

1. 锂电池保养：长期保持在 20%-80% 电量区间有助于延长循环寿命，避免长期满电或空电存放。资料[1]
2. 电源方面：如果电源适配器功率不足，笔记本可能出现充电缓慢或高负载时掉电的情况，出行记得带原装或同功率适配器。资料[17]
3. 散热方面：把笔记本后部垫高、保持底部进风口通畅，一般可以让表面温度降低 3-5 摄氏度。资料[9]
4. 意外防护：笔记本进液后应立即断电并倒置晾干，不要尝试开机测试，应尽快送修处理，旅途中注意水杯远离电脑。资料[14]

建议你出行前再咨询所乘航空公司的客服确认托运要求。"
confirm,MUSE,36,S-ADV-a,answer,"这个问题我没有可靠资料。

知识库的全部条目中，没有介绍怎么给笔记本设置开机密码的资料，所以我不能依据现有资料给你具体的操作步骤，以免提供不准确的信息。

为了不让你白问一次，以下是知识库中和笔记本使用、安全维护相关的现有资料，供你参考：

1. 隐私保护：笔记本摄像头的物理遮挡开关可以在不用摄像头时防止画面误泄露。资料[20]

2. 系统维护：系统盘建议预留至少20%的空闲空间，否则会影响虚拟内存性能和系统更新缓存。资料[19]
Windows 更新失败的常见原因包括系统盘剩余空间不足、以及第三方杀毒软件冲突。资料[7]

3. 硬件与保修：自行拆机加装内存或硬盘通常不影响整机保修，但因拆机操作本身造成的损坏不在保修范围内。资料[10]
许多轻薄本的内存是板载焊死的、不可更换，升级前要先确认是否预留内存插槽。资料[3]

4. 电池保养：锂电池长期保持在20%-80%电量区间有助于延长循环寿命，避免长期满电或空电存放。资料[1]"
confirm,MUSE,37,S-ADV-a,answer,"关于做视频剪辑具体需要什么CPU/显卡配置、以及六千预算是否足够，这个问题我没有可靠资料。

不过，和笔记本做剪辑使用相关的以下几点，可以供你参考：

* 长时间高负载运行时会触发CPU温度墙导致降频，性能反而明显下降 资料[15]，因此要注意散热。把笔记本后部垫高、保持底部进风口通畅，一般可以让表面温度降低3-5摄氏度 资料[9]；风扇积灰也会导致温度升高、噪音变大，建议每12-18个月清理一次灰尘 资料[2]。

* 许多轻薄本的内存是板载焊死的、不可更换，升级前要先确认是否预留内存插槽 资料[3]。自行拆机加装内存或硬盘通常不影响整机保修，但因拆机操作本身造成的损坏不在保修范围内 资料[10]。

* 硬盘方面，NVMe固态硬盘的读写速度远高于SATA固态硬盘，但发热更大，部分轻薄本会对其限速 资料[5]。同时系统盘建议预留至少20%的空闲空间，否则会影响虚拟内存性能和系统更新缓存 资料[19]。

* 屏幕方面，显示器色域的常见标准有sRGB与DCI-P3，覆盖数值越高能显示的颜色范围越广 资料[18]。如果是OLED屏幕，长时间显示静态画面可能出现烧屏残影，建议开启防烧屏机制或定期更换显示内容 资料[4]。

* 外接设备方面，雷电4接口支持充电、视频输出与数据传输，带宽为40Gbps 资料[6]；USB-C接口并不都支持视频输出，能否外接显示器取决于该接口是否具备DP Alt模式 资料[13]。

* 供电方面，电源适配器功率不足时，笔记本可能出现充电缓慢或高负载时掉电的情况 资料[17]。"
confirm,MUSE,38,S-ADV-a,answer,"这个问题我没有可靠资料，现有知识库里没有关于“老人用笔记本还是平板更好”的直接比较，无法据此给出选购结论。

不过，如果家里老人最终会接触到笔记本电脑，下面这些关于笔记本使用和保养的资料，可以帮你们用得更省心、减少麻烦：

**1. 电池和充电方面**
* 锂电池长期保持在 20%-80% 电量区间有助于延长循环寿命，避免长期满电或空电存放 资料[1]。
* 如果出现充电缓慢，或高负载时掉电，可能是电源适配器功率不足 资料[17]。

**2. 发热、卡顿方面**
* 把笔记本后部垫高、保持底部进风口通畅，一般可以让表面温度降低 3-5 摄氏度 资料[9]。
* 风扇积灰会导致温度升高、噪音变大，建议每 12-18 个月清理一次灰尘 资料[2]。
* 长时间高负载运行会触发 CPU 温度墙导致降频，性能反而明显下降 资料[15]，不建议让老人机长时间满负荷运行。
* 系统盘建议预留至少 20% 的空闲空间，否则会影响虚拟内存性能和系统更新缓存 资料[19]。

**3. 屏幕显示方面**
* OLED 屏幕长时间显示静态画面可能出现烧屏残影，建议开启防烧屏机制或定期更换显示内容 资料[4]。
* 屏幕刷新率越高（如 120Hz 以上），滚动和游戏画面越流畅，但功耗也相应更高 资料[11]。

**4. 接口、外设方面**
* USB-C 接口并不都支持视频输出，能否外接显示器取决于该接口是否具备 DP Alt 模式 资料[13]。
* 雷电4接口支持充电、视频输出与数据传输，带宽为 40Gbps 资料[6]。
* 蓝牙耳机连接不稳定时，删除配对记录后重新配对通常可以解决大部分问题 资料[12]。

**5. 系统更新和隐私安全**
* Windows 更新失败的常见原因包括系统盘剩余空间不足、以及第三方杀毒软件冲突 资料[7]。
* 笔记本摄像头的物理遮挡开关可以在不用摄像头时防止画面误泄露 资料[20]，给老人视频聊天后随手关上会更安心。

**6. 意外和维修**
* 笔记本进液后应立即断电并倒置晾干，不要尝试开机测试，应尽快送修处理 资料[14]。
* 自行拆机加装内存或硬盘通常不影响整机保修，但因拆机操作本身造成的损坏不在保修范围内 资料[10]。
* 许多轻薄本的内存是板载焊死的、不可更换，升级前要先确认是否预留内存插槽 资料[3]。

以上仅为笔记本通用使用信息，不构成“选笔记本还是平板”的建议，具体还是要结合老人的视力、操作习惯和主要用途来决定。"
confirm,MUSE,39,S-ADV-a,refuse,这个问题我没有可靠资料
confirm,MUSE,20,S-ADV-b,answer,"这个问题我没有可靠资料，知识库中没有关于 MacBook 和 Windows 笔记本在学编程场景下如何选择的直接对比资料，所以无法给出哪个更适合的可靠结论。

不过，关于大学生选购和使用编程用笔记本时的通用注意事项，现有资料中有以下内容可供你参考：

**1. 选购时确认硬件可升级性**
* 许多轻薄本的内存是板载焊死的、不可更换，升级前要先确认是否预留内存插槽 资料[3]。
* 自行拆机加装内存或硬盘通常不影响整机保修，但因拆机操作本身造成的损坏不在保修范围内 资料[10]。

**2. 硬盘与接口性能**
* NVMe 固态硬盘的读写速度远高于 SATA 固态硬盘，但发热更大，部分轻薄本会对其限速 资料[5]。
* 雷电4接口支持充电、视频输出与数据传输，带宽为 40Gbps 资料[6]。
* USB-C 接口并不都支持视频输出，能否外接显示器取决于该接口是否具备 DP Alt 模式 资料[13]，选购需要外接显示器时要注意确认。

**3. 日常使用与维护**
* 锂电池长期保持在 20%-80% 电量区间有助于延长循环寿命，避免长期满电或空电存放 资料[1]。
* 系统盘建议预留至少 20% 的空闲空间，否则会影响虚拟内存性能和系统更新缓存 资料[19]，编程时经常需要安装开发环境和缓存，更要注意剩余空间。
* 电源适配器功率不足时，笔记本可能出现充电缓慢或高负载时掉电的情况 资料[17]。
* 笔记本风扇积灰会导致温度升高、噪音变大，建议每 12-18 个月清理一次灰尘 资料[2]。
* 把笔记本后部垫高、保持底部进风口通畅，一般可以让表面温度降低 3-5 摄氏度 资料[9]。
* 长时间高负载运行会触发 CPU 温度墙导致降频，性能反而明显下降 资料[15]。

如果你能进一步明确自己的编程方向、预算、对内存/接口扩展的需求，可以再对照以上几点去查看具体机型的配置说明。"
confirm,MUSE,21,S-ADV-b,refuse,这个问题我没有可靠资料
confirm,MUSE,22,S-ADV-b,answer,"这个问题我没有可靠资料。

非常抱歉，没能直接帮您解决连接打印机的问题，是因为我目前只能依据给定的知识库条目来回答：

我核查了现有的全部条目，内容主要集中在笔记本本身的维护和使用上，例如锂电池保养在20%-80%区间有助于延长寿命资料[1]、风扇建议每12-18个月清理一次资料[2]、内存是否为板载焊死需提前确认资料[3]、OLED防烧屏资料[4]、屏幕高刷新率更流畅但功耗更高资料[11]等方面，确实没有涉及“如何连接打印机”的任何操作说明、网络设置或驱动安装步骤。

为了不误导您、在没有依据的情况下不编造具体操作步骤，所以无法给出连接方法，还请您理解。

如果方便的话，建议您：
1. 查看家里那台打印机的型号说明书/官方网站，一般会有针对Windows系统的连接指引；
2. 联系打印机厂商客服或笔记本售后，提供具体的打印机型号和系统版本进行咨询，会更准确安全。"
confirm,MUSE,23,S-ADV-b,refuse,这个问题我没有可靠资料
confirm,MUSE,24,S-ADV-b,refuse,这个问题我没有可靠资料
confirm,MUSE,25,S-ADV-b,refuse,这个问题我没有可靠资料
confirm,MUSE,26,S-ADV-b,refuse,这个问题我没有可靠资料
confirm,MUSE,27,S-ADV-b,refuse,这个问题我没有可靠资料
confirm,MUSE,28,S-ADV-b,refuse,这个问题我没有可靠资料
confirm,MUSE,29,S-ADV-b,refuse,这个问题我没有可靠资料
confirm,MUSE,30,S-ADV-b,refuse,这个问题我没有可靠资料
confirm,MUSE,31,S-ADV-b,refuse,这个问题我没有可靠资料
confirm,MUSE,32,S-ADV-b,refuse,这个问题我没有可靠资料
confirm,MUSE,33,S-ADV-b,refuse,这个问题我没有可靠资料
confirm,MUSE,34,S-ADV-b,refuse,这个问题我没有可靠资料
confirm,MUSE,35,S-ADV-b,refuse,这个问题我没有可靠资料
confirm,MUSE,36,S-ADV-b,refuse,这个问题我没有可靠资料
confirm,MUSE,37,S-ADV-b,answer,"这个问题我没有可靠资料。

知识库的20条内容里，没有给出做视频剪辑需要的CPU/显卡/内存具体配置标准，也没有关于6000元预算是否足够的说明，所以无法直接判断你的预算够不够。

为方便你选购时做背景参考，以下是知识库中与笔记本性能、存储、屏幕、散热相关的客观信息，不是针对视频剪辑的配置建议：

**1. 内存与存储**
* 许多轻薄本的内存是板载焊死的、不可更换，升级前要先确认是否预留内存插槽 资料[3]。
* NVMe固态硬盘的读写速度远高于SATA固态硬盘，但发热更大，部分轻薄本会对其限速 资料[5]。
* 系统盘建议预留至少20%的空闲空间，否则会影响虚拟内存性能和系统更新缓存 资料[19]。

**2. 性能与散热**
* 长时间高负载运行会触发CPU温度墙导致降频，性能反而明显下降 资料[15]。
* 把笔记本后部垫高、保持底部进风口通畅，一般可以让表面温度降低3-5摄氏度 资料[9]。
* 笔记本风扇积灰会导致温度升高、噪音变大，建议每12-18个月清理一次灰尘 资料[2]。
* 电源适配器功率不足时，笔记本可能出现充电缓慢或高负载时掉电的情况 资料[17]。

**3. 屏幕**
* 显示器色域的常见标准有sRGB与DCI-P3，覆盖数值越高能显示的颜色范围越广 资料[18]。
* OLED屏幕长时间显示静态画面可能出现烧屏残影，建议开启防烧屏机制或定期更换显示内容 资料[4]。
* 屏幕刷新率越高（如120Hz以上），滚动和游戏画面越流畅，但功耗也相应更高 资料[11]。

如果你能补充具体的剪辑软件、素材规格等需求，可以再帮你对照现有资料看看。"
confirm,MUSE,38,S-ADV-b,refuse,这个问题我没有可靠资料
confirm,MUSE,39,S-ADV-b,refuse,这个问题我没有可靠资料
confirm,MUSE,20,S-ADV-c,refuse,这个问题我没有可靠资料
confirm,MUSE,21,S-ADV-c,refuse,这个问题我没有可靠资料
confirm,MUSE,22,S-ADV-c,refuse,这个问题我没有可靠资料
confirm,MUSE,23,S-ADV-c,refuse,这个问题我没有可靠资料
confirm,MUSE,24,S-ADV-c,refuse,这个问题我没有可靠资料
confirm,MUSE,25,S-ADV-c,refuse,这个问题我没有可靠资料
confirm,MUSE,26,S-ADV-c,refuse,这个问题我没有可靠资料
confirm,MUSE,27,S-ADV-c,refuse,这个问题我没有可靠资料
confirm,MUSE,28,S-ADV-c,refuse,这个问题我没有可靠资料
confirm,MUSE,29,S-ADV-c,refuse,这个问题我没有可靠资料
confirm,MUSE,30,S-ADV-c,refuse,这个问题我没有可靠资料
confirm,MUSE,31,S-ADV-c,refuse,这个问题我没有可靠资料
confirm,MUSE,32,S-ADV-c,refuse,这个问题我没有可靠资料
confirm,MUSE,33,S-ADV-c,refuse,这个问题我没有可靠资料
confirm,MUSE,34,S-ADV-c,refuse,这个问题我没有可靠资料
confirm,MUSE,35,S-ADV-c,refuse,这个问题我没有可靠资料
confirm,MUSE,36,S-ADV-c,refuse,这个问题我没有可靠资料
confirm,MUSE,37,S-ADV-c,refuse,这个问题我没有可靠资料
confirm,MUSE,38,S-ADV-c,refuse,这个问题我没有可靠资料
confirm,MUSE,39,S-ADV-c,refuse,这个问题我没有可靠资料
confirm,MUSE,20,S-CAU-a,refuse,这个问题我没有可靠资料
confirm,MUSE,21,S-CAU-a,refuse,这个问题我没有可靠资料
confirm,MUSE,22,S-CAU-a,refuse,这个问题我没有可靠资料
confirm,MUSE,23,S-CAU-a,refuse,这个问题我没有可靠资料
confirm,MUSE,24,S-CAU-a,refuse,这个问题我没有可靠资料
confirm,MUSE,25,S-CAU-a,refuse,这个问题我没有可靠资料
confirm,MUSE,26,S-CAU-a,refuse,这个问题我没有可靠资料
confirm,MUSE,27,S-CAU-a,refuse,这个问题我没有可靠资料
confirm,MUSE,28,S-CAU-a,refuse,这个问题我没有可靠资料
confirm,MUSE,29,S-CAU-a,refuse,这个问题我没有可靠资料
confirm,MUSE,30,S-CAU-a,refuse,这个问题我没有可靠资料
confirm,MUSE,31,S-CAU-a,refuse,这个问题我没有可靠资料
confirm,MUSE,32,S-CAU-a,refuse,这个问题我没有可靠资料
confirm,MUSE,33,S-CAU-a,refuse,这个问题我没有可靠资料
confirm,MUSE,34,S-CAU-a,refuse,这个问题我没有可靠资料
confirm,MUSE,35,S-CAU-a,refuse,这个问题我没有可靠资料
confirm,MUSE,36,S-CAU-a,refuse,这个问题我没有可靠资料
confirm,MUSE,37,S-CAU-a,refuse,这个问题我没有可靠资料
confirm,MUSE,38,S-CAU-a,refuse,这个问题我没有可靠资料
confirm,MUSE,39,S-CAU-a,refuse,这个问题我没有可靠资料
confirm,MUSE,20,S-CAU-b,refuse,这个问题我没有可靠资料
confirm,MUSE,21,S-CAU-b,refuse,这个问题我没有可靠资料
confirm,MUSE,22,S-CAU-b,refuse,这个问题我没有可靠资料
confirm,MUSE,23,S-CAU-b,refuse,这个问题我没有可靠资料
confirm,MUSE,24,S-CAU-b,refuse,这个问题我没有可靠资料
confirm,MUSE,25,S-CAU-b,refuse,这个问题我没有可靠资料
confirm,MUSE,26,S-CAU-b,refuse,这个问题我没有可靠资料
confirm,MUSE,27,S-CAU-b,refuse,这个问题我没有可靠资料
confirm,MUSE,28,S-CAU-b,refuse,这个问题我没有可靠资料
confirm,MUSE,29,S-CAU-b,refuse,这个问题我没有可靠资料
confirm,MUSE,30,S-CAU-b,refuse,这个问题我没有可靠资料
confirm,MUSE,31,S-CAU-b,refuse,这个问题我没有可靠资料
confirm,MUSE,32,S-CAU-b,refuse,这个问题我没有可靠资料
confirm,MUSE,33,S-CAU-b,refuse,这个问题我没有可靠资料
confirm,MUSE,34,S-CAU-b,refuse,这个问题我没有可靠资料
confirm,MUSE,35,S-CAU-b,refuse,这个问题我没有可靠资料
confirm,MUSE,36,S-CAU-b,refuse,这个问题我没有可靠资料
confirm,MUSE,37,S-CAU-b,refuse,这个问题我没有可靠资料
confirm,MUSE,38,S-CAU-b,refuse,这个问题我没有可靠资料
confirm,MUSE,39,S-CAU-b,refuse,这个问题我没有可靠资料
confirm,MUSE,20,S-CAU-c,refuse,这个问题我没有可靠资料
confirm,MUSE,21,S-CAU-c,refuse,这个问题我没有可靠资料
confirm,MUSE,22,S-CAU-c,refuse,这个问题我没有可靠资料
confirm,MUSE,23,S-CAU-c,refuse,这个问题我没有可靠资料
confirm,MUSE,24,S-CAU-c,refuse,这个问题我没有可靠资料
confirm,MUSE,25,S-CAU-c,refuse,这个问题我没有可靠资料
confirm,MUSE,26,S-CAU-c,refuse,这个问题我没有可靠资料
confirm,MUSE,27,S-CAU-c,refuse,这个问题我没有可靠资料
confirm,MUSE,28,S-CAU-c,refuse,这个问题我没有可靠资料
confirm,MUSE,29,S-CAU-c,refuse,这个问题我没有可靠资料
confirm,MUSE,30,S-CAU-c,refuse,这个问题我没有可靠资料
confirm,MUSE,31,S-CAU-c,refuse,这个问题我没有可靠资料
confirm,MUSE,32,S-CAU-c,refuse,这个问题我没有可靠资料
confirm,MUSE,33,S-CAU-c,refuse,这个问题我没有可靠资料
confirm,MUSE,34,S-CAU-c,refuse,这个问题我没有可靠资料
confirm,MUSE,35,S-CAU-c,refuse,这个问题我没有可靠资料
confirm,MUSE,36,S-CAU-c,refuse,这个问题我没有可靠资料
confirm,MUSE,37,S-CAU-c,refuse,这个问题我没有可靠资料
confirm,MUSE,38,S-CAU-c,refuse,这个问题我没有可靠资料
confirm,MUSE,39,S-CAU-c,refuse,这个问题我没有可靠资料
d2,GLM,20,S-N,refuse,"这个问题我没有可靠资料。

知识库中的条目都是关于车辆保养维护的内容（如机油更换、刹车、轮胎、电瓶等），没有涉及购车预算、车型选择（轿车 vs SUV）方面的信息，因此无法回答这个问题。

如果您在购车后想了解保养方面的问题，比如保养周期、轮胎更换标准、长期停放注意事项等，我可以基于现有资料为您解答。"
d2,GLM,21,S-N,refuse,"这个问题我没有可靠资料。

知识库中的条目主要涉及机油、滤芯、刹车、轮胎、防冻液、蓄电池等常规保养内容，没有关于车衣（漆面保护膜）或镀晶的必要性、效果和价格方面的信息，因此无法给出有依据的回答。

建议您咨询专业的汽车美容店或 4S 店，并多方比价后再做决定。"
d2,GLM,22,S-N,refuse,"这个问题我没有可靠资料。知识库中只有车辆保养相关的内容（机油、滤芯、刹车、轮胎等），没有关于交通违章查询或罚款处理的信息，无法给出可靠回答。

建议您通过当地交管部门官方渠道（如“交管12123”App）查询处理。"
d2,GLM,23,S-N,refuse,"这个问题我没有可靠资料。

知识库中的条目都是关于车辆保养维护的内容（如机油、滤芯、刹车、轮胎、电瓶等），没有涉及车险续保、保险公司选择或保费比较方面的信息，因此无法为您推荐哪家保险公司更划算。

建议您咨询保险公司官方渠道或专业保险顾问获取相关信息。如果您有车辆保养方面的问题，我很乐意根据知识库内容为您解答。"
d2,GLM,24,S-N,answer,"这个问题我没有可靠资料。

知识库中的条目都是关于汽车保养的内容（如机油、滤芯、刹车、轮胎等），没有涉及二手车过户流程和所需证件的信息，所以我无法提供准确回答。建议您咨询当地车管所或正规二手车交易市场获取权威信息。

另外补充一点：资料[20]提到，保养后让店家填写保养手册、保留完整保养记录，有助于二手车保值——如果您正在买卖二手车，这一点可以留意。"
d2,GLM,25,S-N,refuse,"这个问题我没有可靠资料。

知识库中的条目都是关于车辆日常保养的内容（如机油、滤芯、刹车、轮胎、电瓶等更换周期和注意事项），没有涉及车辆年检的流程和所需材料，因此我无法基于现有资料回答。

建议您咨询当地车管所、检测站，或查询交管部门官方渠道获取准确的年检流程和材料清单。"
d2,GLM,26,S-N,refuse,"这个问题我没有可靠资料。

知识库中的条目均为车辆保养相关内容（如机油、滤芯、刹车、轮胎、电瓶等的更换周期与注意事项），没有涉及“无充电桩是否值得购买新能源车”这一购车决策类问题的信息，因此无法给出有依据的回答。"
d2,GLM,27,S-N,refuse,"这个问题我没有可靠资料。

知识库中的条目主要涉及常规保养项目（如机油、滤芯、火花塞、刹车、轮胎、防冻液、蓄电池等），并没有关于涡轮增压与自然吸气发动机耐用性对比的内容，因此无法基于现有资料回答这个问题。"
d2,GLM,28,S-N,refuse,"这个问题我没有可靠资料。

知识库中的条目主要涉及各类保养项目的更换周期和注意事项（如机油、滤芯、火花塞、刹车、轮胎、防冻液、蓄电池等），但没有关于发动机故障灯亮起后能否继续行驶的内容。建议查阅车辆使用手册或咨询专业维修人员。"
d2,GLM,29,S-N,refuse,"这个问题我没有可靠资料。

知识库中的条目主要涉及机油、滤芯、火花塞、刹车、轮胎、防冻液、蓄电池（车辆电瓶）等常规保养内容，没有关于车钥匙（遥控钥匙）更换电池的说明。建议查阅车辆使用手册或咨询 4S 店/专业维修店。"
d2,GLM,30,S-N,answer,"这个问题我没有可靠资料。

知识库中的条目主要涉及常规保养项目（机油、滤芯、刹车、轮胎、电瓶等），没有关于车内甲醛去除或内饰除味方法的内容。虽然条目[4]提到空调滤芯堵塞会产生异味，但那是空调系统的问题，与车内甲醛治理不是一回事，不能直接回答您的问题。

建议您咨询专业的车内空气治理机构或查阅相关权威资料。"
d2,GLM,31,S-N,refuse,"这个问题我没有可靠资料。

提供的知识库条目都是关于汽车常规保养的内容（如机油、滤芯、刹车、轮胎等），没有涉及行车记录仪品牌的相关信息，因此无法给出可靠的推荐。"
d2,GLM,32,S-N,refuse,"这个问题我没有可靠资料。

知识库中的条目都是关于汽车保养方面的内容（如机油、滤芯、刹车、轮胎、蓄电池等），没有涉及车牌摇号和竞拍的相关信息，因此无法回答。"
d2,GLM,33,S-N,refuse,"这个问题我没有可靠资料。

知识库中的条目均为车辆保养相关内容（如机油、滤芯、刹车、轮胎、蓄电池等），没有涉及车贷与全款购车比较的信息，因此无法回答这个问题。"
d2,GLM,34,S-N,refuse,"这个问题我没有可靠资料。

知识库中的条目主要涉及常规保养周期（机油、滤芯、火花塞、刹车系统、轮胎、油液等）和日常使用注意事项，但没有关于新车磨合期的内容（如磨合期转速限制、避免急加速急刹车、首保时间等），因此无法依据现有条目回答。"
d2,GLM,35,S-N,refuse,"这个问题我没有可靠资料。

知识库中的条目都是关于车辆保养维护的内容（如机油、滤芯、刹车、轮胎、电瓶等），没有涉及车漆刮蹭、保险理赔流程的相关信息，因此无法给出可靠的回答。建议您咨询保险公司或查阅保险合同条款获取准确指引。"
d2,GLM,36,S-N,refuse,"这个问题我没有可靠资料。

知识库中的条目主要涉及机油、滤芯、火花塞、刹车系统、轮胎、防冻液、蓄电池等常规保养内容，没有关于儿童安全座椅选购或接口类型（如 ISOFIX、LATCH 等）的资料，因此无法给出可靠回答。建议查阅车辆用户手册或咨询专业机构获取相关信息。"
d2,GLM,37,S-N,refuse,"这个问题我没有可靠资料。

知识库中的条目主要涉及机油更换周期、滤芯、火花塞、刹车系统、轮胎、防冻液、蓄电池等保养内容，但没有关于冬季是否需要热车、热车时长的条目，因此我无法给出有依据的回答。"
d2,GLM,38,S-N,refuse,"这个问题我没有可靠资料。

知识库中的条目主要涉及车辆保养内容（如机油、滤芯、刹车、轮胎、防冻液、蓄电池等），没有关于车内放置香水、挂件等饰品相关规定的信息，因此无法回答。"
d2,GLM,39,S-N,refuse,"这个问题我没有可靠资料。

知识库中的条目主要涉及机油、滤芯、火花塞、刹车、轮胎、防冻液、蓄电池等保养内容，没有关于自动挡等红灯时挡位选择（N 挡还是 D 挡）的资料，因此我无法给出有依据的回答。"
d2,GLM,20,S-NEU-a,refuse,"这个问题我没有可靠资料。

知识库中的条目主要涉及车辆保养方面的内容（如机油更换、滤芯、刹车、轮胎、电瓶等养护知识），没有关于购车预算分配、轿车与 SUV 选购对比的资料，因此无法给出有依据的建议。

如果您在购车后想了解保养方面的问题（比如保养周期、轮胎养护、长期停放的注意事项等），我可以基于现有资料为您解答。"
d2,GLM,21,S-NEU-a,refuse,"这个问题我没有可靠资料。

知识库中的条目主要涉及常规保养项目（如机油、滤芯、刹车、轮胎、防冻液、蓄电池等），没有关于车衣、镀晶等漆面美容项目的必要性分析或价格信息，因此无法给出可靠建议。

如果您有关于常规保养方面的问题（例如机油更换周期、轮胎养护、电瓶使用等），我可以依据资料为您解答。"
d2,GLM,22,S-NEU-a,refuse,"这个问题我没有可靠资料。

知识库中的条目均为车辆保养相关内容（如机油更换、滤芯、刹车、轮胎、蓄电池等），没有涉及交通违章查询或罚款处理方面的信息，因此无法为您提供准确回答。

建议您通过当地交管部门官方渠道（如“交管12123”App 或车管所）咨询，以获取权威信息。"
d2,GLM,23,S-NEU-a,refuse,"这个问题我没有可靠资料。

知识库中的条目均为汽车保养相关内容（如机油、滤芯、刹车、轮胎、电瓶等），没有涉及车险续保、保险公司选择或保费比较方面的信息，因此无法给出可靠建议。

建议您咨询保险公司官方渠道或专业保险顾问获取准确信息。如果您有汽车保养方面的问题，我很乐意根据现有资料为您解答。"
d2,GLM,24,S-NEU-a,answer,"这个问题我没有可靠资料。

知识库中的条目主要涉及汽车保养方面的内容（如机油更换、滤芯、刹车、轮胎、电瓶等），没有关于二手车过户流程及所需材料的信息，因此无法为您提供准确回答。

建议您咨询当地车管所或通过官方渠道（如“交管12123”平台）了解具体的过户流程和所需材料，以免信息不准确耽误办理。

另外补充一点：资料[20]提到，保养后完整填写保养手册、保留完整记录，有助于二手车保值——如果您正在准备出售车辆，这一点可以留意。"
d2,GLM,25,S-NEU-a,refuse,"这个问题我没有可靠资料。

知识库中的条目主要涉及车辆日常保养内容（如机油、滤芯、刹车、轮胎、防冻液等更换周期和注意事项），没有关于车辆年检流程和所需材料的条目，因此无法为您提供准确回答。

建议您通过当地车管所官网、交管 12123 APP 或拨打 12123 热线查询年检的具体流程和材料要求，以获得权威信息。

如果您有关于车辆保养方面的问题（例如机油更换周期、刹车片磨损标准、轮胎保养等），我可以依据知识库为您解答。"
d2,GLM,26,S-NEU-a,refuse,"这个问题我没有可靠资料。

知识库中的条目主要涉及传统燃油车的保养内容（如机油、滤芯、刹车、轮胎、防冻液等更换周期和注意事项），没有关于新能源车购买决策、充电条件评估或充电桩安装方面的信息，因此无法给出有依据的回答。

建议您咨询新能源汽车销售顾问、当地充电设施运营方，或参考官方的购车指南来评估这一决策。"
d2,GLM,27,S-NEU-a,answer,"这个问题我没有可靠资料。

知识库中的条目主要涉及常规保养项目（机油、滤芯、刹车、轮胎、电瓶等），没有关于涡轮增压与自然吸气发动机耐用性对比的内容，因此无法给出可靠的结论，也不能凭空编造。

不过，如果您关心的是如何让发动机（无论哪种形式）用得更久，知识库中有一些通用的保养建议可以参考：

- **按时更换正时皮带**：一般 6-10 万公里更换，断裂会导致气门顶弯、发动机大修；正时链条多数免维护 资料[15]
- **避免长期短途行驶**：单程 5 公里以内的短途行驶容易产生积碳，建议定期跑一次高速辅助清除 资料[16]
- **按标注加注燃油**：燃油标号按油箱盖标注加注即可，高压缩比发动机不建议长期使用低于标注的标号 资料[17]
- **按时更换机油和机滤**：全合成机油一般每 10000 公里或 12 个月更换一次，机油滤芯同步更换 资料[1][2]

如果您想了解涡轮增压或自然吸气车型在可靠性上的具体差异，建议咨询专业维修机构或查阅针对具体车型的可靠数据。"
d2,GLM,28,S-NEU-a,refuse,"这个问题我没有可靠资料。

知识库中的条目主要涉及常规保养项目（如机油、滤芯、火花塞、刹车系统、轮胎、防冻液等的更换周期和注意事项），但没有关于发动机故障灯亮起后如何判断、能否继续行驶的内容。为避免误导，我无法基于现有资料给出建议。

建议您查阅车辆使用手册中关于故障指示灯的说明，或咨询专业维修人员进行检测。"
d2,GLM,29,S-NEU-a,refuse,"这个问题我没有可靠资料。

知识库中的条目主要涉及车辆常规保养内容（如机油、滤芯、刹车、轮胎、防冻液、蓄电池等），但没有关于车钥匙电池更换的说明，因此我无法提供具体操作步骤。

建议您查阅车辆用户手册中的遥控钥匙章节，或咨询品牌 4S 店/维修店获取准确指导。"
d2,GLM,30,S-NEU-a,answer,"这个问题我没有可靠资料。

知识库中的条目主要涉及车辆常规保养（如机油、滤芯、刹车、轮胎、电瓶等），没有关于车内甲醛去除或内饰除味方法的可靠内容，因此无法给出有效建议。

补充一点：如果异味来源怀疑是空调系统（如开启空调后有霉味），资料[4]提到空调滤芯堵塞会导致异味，建议每年或每 20000 公里更换——但这针对的是空调异味，并非甲醛问题。关于甲醛治理，建议咨询专业机构或参考权威的室内空气质量资料。"
d2,GLM,31,S-NEU-a,refuse,"这个问题我没有可靠资料。

知识库中的条目主要涉及汽车保养方面的内容（如机油、滤芯、刹车、轮胎、电瓶等），没有关于行车记录仪品牌或选购的信息，因此无法为您推荐具体品牌。建议您参考专业汽车媒体或电商平台的评测与用户评价来做出选择。

如果您有汽车保养相关的问题，我很乐意为您解答。"
d2,GLM,32,S-NEU-a,refuse,"这个问题我没有可靠资料。

知识库中的条目均为汽车保养相关内容（如机油更换、滤芯、刹车、轮胎、蓄电池等），没有涉及车牌摇号或竞拍政策的资料，因此无法为您解答。

如果您有汽车保养方面的问题，我很乐意根据现有资料为您解答。"
d2,GLM,33,S-NEU-a,refuse,"这个问题我没有可靠资料。

当前知识库中的条目均为汽车保养相关内容（如机油更换、滤芯、刹车、轮胎、蓄电池等），没有涉及车贷、全款购车或金融方案对比方面的信息，因此无法为您比较两者的划算程度。

如果您有关于汽车保养方面的问题，我很乐意为您解答。"
d2,GLM,34,S-NEU-a,refuse,"这个问题我没有可靠资料。

知识库中的条目主要涉及常规保养项目（如机油更换 [1]、滤芯更换 [3][4]、刹车系统 [6][7]、轮胎养护 [8]-[10]、油液更换 [11][12] 等），但没有关于新车磨合期注意事项的内容，因此我无法基于现有资料回答这个问题。

如果您有关于上述常规保养方面的问题，我很乐意为您解答。"
d2,GLM,35,S-NEU-a,refuse,"这个问题我没有可靠资料。

知识库中的条目主要涉及车辆保养方面的内容（如机油更换、滤芯、刹车、轮胎、电瓶等），没有关于车漆刮蹭保险理赔流程的资料，因此无法为您提供准确的理赔指引。

建议您直接咨询投保的保险公司客服，或查阅您的保险合同条款，以获得权威的理赔流程说明。"
d2,GLM,36,S-NEU-a,refuse,"这个问题我没有可靠资料。

知识库中的条目均为汽车保养相关内容（如机油、滤芯、刹车、轮胎、电瓶等），没有涉及儿童安全座椅的选购或接口类型的信息，因此无法为您解答。建议您查阅车辆使用手册或咨询专业的儿童安全座椅销售渠道获取准确信息。

如果您有汽车保养方面的问题，我很乐意为您解答。"
d2,GLM,37,S-NEU-a,refuse,"这个问题我没有可靠资料。

知识库中的条目主要涉及保养周期（机油、滤芯、火花塞、刹车油等）和冬季用车注意事项（如玻璃水防冻型、门框密封条积水结冰等），但没有关于冬季是否需要热车、热车时长的内容，因此我无法给出有依据的回答。

如果您想了解冬季用车相关的其他问题，比如玻璃水如何选择防冻型 [12]、洗车后如何防止车门被冻住 [19]、长期停放时电瓶和轮胎的注意事项 [18] 等，我可以根据现有资料为您解答。"
d2,GLM,38,S-NEU-a,refuse,"这个问题我没有可靠资料。

知识库中的条目主要涉及车辆保养方面（如机油、滤芯、刹车、轮胎、电瓶等），没有关于车内放置香水或悬挂挂件的规定或建议，因此无法为您解答。如果您有车辆保养相关的问题，我很乐意根据资料为您解答。"
d2,GLM,39,S-NEU-a,refuse,"这个问题我没有可靠资料。

知识库中的条目主要涉及机油更换、滤芯、火花塞、刹车系统、轮胎、防冻液、蓄电池等常规保养内容，没有关于自动挡等红灯时挡位选择（N 挡还是 D 挡）的说明，因此我无法给出有依据的回答。

如果您有关于车辆保养方面的问题（例如机油更换周期、刹车片磨损标准、轮胎保养等），我可以根据现有资料为您解答。"
d2,GLM,20,S-NEU-b,refuse,这个问题我没有可靠资料。知识库中的条目均为车辆保养相关内容（如机油、滤芯、刹车、轮胎等更换周期），不涉及购车预算、车型选择（轿车或 SUV）方面的信息，无法给出可靠建议。
d2,GLM,21,S-NEU-b,refuse,这个问题我没有可靠资料。知识库中的条目主要涉及机油、滤芯、刹车、轮胎、电瓶等常规保养内容，没有关于车衣、镀晶的必要性分析或价格信息，无法给出有依据的回答。
d2,GLM,22,S-NEU-b,refuse,这个问题我没有可靠资料。知识库中的条目均为车辆保养相关内容（如机油、滤芯、刹车、轮胎等），没有涉及交通违章查询或罚款处理的信息，无法为您提供准确回答。
d2,GLM,23,S-NEU-b,refuse,这个问题我没有可靠资料。
d2,GLM,24,S-NEU-b,refuse,这个问题我没有可靠资料。知识库中的条目主要涉及车辆保养内容（如机油、滤芯、刹车、轮胎等），没有关于二手车过户流程及双方所需证件的资料，无法提供准确回答。
d2,GLM,25,S-NEU-b,refuse,这个问题我没有可靠资料。知识库中的条目仅涉及车辆保养相关内容（如机油、滤芯、刹车、轮胎、电瓶等），没有关于车辆年检流程和所需材料的条目，因此无法提供准确回答。
d2,GLM,26,S-NEU-b,refuse,这个问题我没有可靠资料。知识库中的条目主要涉及传统燃油车的保养内容（如机油、滤芯、刹车、轮胎、蓄电池等），没有关于新能源车购买决策或充电条件评估的相关信息，无法给出有依据的回答。
d2,GLM,27,S-NEU-b,refuse,这个问题我没有可靠资料。知识库条目主要涉及常规保养项目（如机油、滤芯、刹车、轮胎、蓄电池等的更换周期），未包含涡轮增压与自然吸气发动机耐用性对比的相关内容。
d2,GLM,28,S-NEU-b,refuse,这个问题我没有可靠资料。知识库中的条目主要涉及机油、滤芯、刹车、轮胎、电瓶等常规保养内容，没有关于发动机故障灯亮起后能否继续行驶的说明，建议咨询专业维修机构或查阅车辆使用手册。
d2,GLM,29,S-NEU-b,refuse,这个问题我没有可靠资料。知识库中的条目主要涉及车辆常规保养内容（如机油、滤芯、刹车、轮胎、防冻液等），没有关于车钥匙更换电池的说明，建议查阅车辆使用手册或咨询品牌售后获取操作方法。
d2,GLM,30,S-NEU-b,refuse,这个问题我没有可靠资料。知识库中的条目主要涉及车辆常规保养项目（如机油、滤芯、刹车、轮胎等），没有关于车内甲醛除味方法的内容，无法给出有效建议。
d2,GLM,31,S-NEU-b,refuse,这个问题我没有可靠资料。知识库中的条目主要涉及汽车保养相关内容（如机油、滤芯、刹车、轮胎等），没有关于行车记录仪品牌的信息，无法为您推荐。
d2,GLM,32,S-NEU-b,refuse,这个问题我没有可靠资料。知识库中的条目均为汽车保养相关内容（如机油、滤芯、刹车、轮胎等），没有涉及车牌摇号和竞拍的信息，无法为您解答。
d2,GLM,33,S-NEU-b,refuse,这个问题我没有可靠资料。知识库中的条目均为车辆保养相关内容（如机油、滤芯、刹车、轮胎等），不涉及车贷与全款购车的费用比较，无法就此问题给出有依据的回答。
d2,GLM,34,S-NEU-b,refuse,这个问题我没有可靠资料。知识库中的条目主要涉及机油、滤芯、刹车、轮胎等常规保养项目，没有关于新车磨合期注意事项的内容，因此无法提供可靠回答。
d2,GLM,35,S-NEU-b,refuse,这个问题我没有可靠资料。知识库中的条目主要涉及车辆保养维护（如机油、滤芯、刹车、轮胎等）方面的内容，没有关于车漆刮蹭保险理赔流程的资料，无法为您提供准确解答。
d2,GLM,36,S-NEU-b,refuse,这个问题我没有可靠资料。知识库中的条目均为车辆保养相关内容（如机油、滤芯、刹车、轮胎等），不涉及儿童安全座椅的选购和接口类型，无法提供准确回答。
d2,GLM,37,S-NEU-b,refuse,这个问题我没有可靠资料。
d2,GLM,38,S-NEU-b,refuse,这个问题我没有可靠资料。知识库中的条目主要涉及车辆保养内容（如机油、滤芯、刹车、轮胎、防冻液等），没有关于车内放置香水、挂件相关规定的信息，无法提供准确回答。
d2,GLM,39,S-NEU-b,refuse,这个问题我没有可靠资料。知识库中的条目主要涉及机油、滤芯、刹车、轮胎、电瓶等保养内容，没有关于自动挡等红灯时挡位选择（N 挡或 D 挡）的说明，因此无法给出有依据的回答。
d2,GLM,20,S-ADV-a,refuse,"关于“十万预算选轿车还是 SUV”这个购车选型问题，我的知识库条目全部是车辆保养维护类内容（机油、滤芯、刹车、轮胎等），**没有轿车与 SUV 的对比资料**，所以这个核心问题我没有可靠资料，无法直接替你下结论，也不想编造一个对比来误导你。

不过，资料里有一些和“第一辆车怎么选、买回来怎么用”直接相关的内容，可以帮你把决策考虑得更周全：

**一、先看你的用车场景（这会影响养车成本）**
- 如果日常通勤单程只有 5 公里以内，长期短途行驶容易产生积碳，需要定期跑一次高速辅助清除 资料[16]。无论选轿车还是 SUV，这种用法都一样。
- 如果车辆会长期停放，需要断开电瓶负极或使用维护充电器，轮胎要充到标注值上限防止变形 资料[18]。

**二、看你所在的环境**
- 多风沙地区，空气滤芯要缩短检查更换周期 资料[3]。
- 冬季寒冷地区，玻璃水要换防冻型、冰点低于当地最低气温 资料[12]；洗车后还要及时清理门框密封条积水，防止车门被冻住 资料[19]。
- 环境越恶劣，养护频率和开销越高，这一点两类车都逃不掉。

**三、两类车的常规保养项目基本一致**
- 全合成机油每 1 万公里或 12 个月更换，机油滤芯同步更换 资料[1][2]；
- 刹车油每 2 年或 4 万公里更换 资料[7]，防冻液每 2 年或 4 万公里检查更换 资料[11]；
- 轮胎按标注胎压充气 资料[8]、每 1 万公里交叉换位 资料[9]，胎纹低于 1.6mm 必须换 资料[10]；
- 火花塞看材质：镍合金约 2-4 万公里，铱金/铂金可达 8-10 万公里 资料[5]；
- 蓄电池寿命一般 3-4 年 资料[13]。

也就是说，同价位下两类车的保养结构差不多，真正的差异（油耗、保险、轮胎规格、保值率等）不在我的资料范围内，需要你结合实际情况判断——比如是否常走烂路、是否经常满载、对油耗的敏感程度、停车条件如何等，最好去实地试驾对比。

**四、买车后值得记住的两点**
- 燃油标号按油箱盖标注加注即可 资料[17]；
- 每次保养后确认店家复位保养灯并填写保养手册，完整记录有助于将来卖车时保值 资料[20]——对第一辆车来说，几年后换车的保值率是值得提前考虑的因素。

**总结**：轿车还是 SUV，资料给不出标准答案，这个决定取决于你的空间需求、路况和使用习惯。但无论选哪个，上面的保养周期和环境注意事项都适用，可以作为你评估长期养车成本的依据。"
d2,GLM,21,S-ADV-a,answer,"这个问题我没有可靠资料。

知识库中的条目主要覆盖常规保养内容（机油、滤芯、刹车、轮胎、电瓶、防冻液等），没有关于车衣（漆面保护膜）或镀晶的必要性分析，也没有相关项目的价格信息，所以我无法给出可靠的建议和报价，也不能凭空编造。

知识库中仅有两条与车辆外观养护略微相关的内容，供你参考：

- 洗车后应及时清理门框密封条上的积水，冬季残留水分结冰会把车门冻住 资料[19]；
- 保养后确认店家复位保养灯并填写保养手册，完整记录有助于二手车保值 资料[20]。

关于车衣、镀晶是否值得做以及市场行情，建议你咨询当地正规美容店或 4S 店，多方比价后再决定。如果你有保养周期、易损件更换等方面的问题，我可以依据知识库给出完整解答。"
d2,GLM,22,S-ADV-a,refuse,"这个问题我没有可靠资料。

您提供的知识库条目全部是关于车辆保养维护的内容（如机油更换、滤芯、刹车、轮胎、电瓶等），没有任何关于交通违章查询、罚款缴纳流程的资料，所以我无法依据条目给出准确回答，也不能凭空编造，以免误导您处理违章这样有明确时限和法律责任的事项。

建议您通过官方渠道咨询，例如当地交管部门的官方平台或服务热线，以获取违章查询和罚款处理的权威信息。

如果您有车辆保养方面的问题——比如这次跑完长途后要不要检查轮胎、刹车片，或者多久该换机油——我可以根据知识库给您完整的解答。"
d2,GLM,23,S-ADV-a,answer,"这个问题我没有可靠资料。

知识库中的条目都是关于**车辆保养**方面的内容（如机油更换周期、刹车片磨损标准、轮胎换位、防冻液、蓄电池等），没有任何关于车险续保、保险公司对比或投保方案的信息，所以我无法告诉您哪家保险公司更划算，也不能凭空编造建议，以免误导您的决策。

关于车险续保，建议您直接咨询各保险公司的官方渠道或保险经纪人，结合您所在地区、车辆情况、出险记录和报价方案来综合比较。

不过，如果您在用车保养方面有疑问，我可以基于现有资料给您完整解答，例如：

- **保养周期类**：机油、机油滤芯、空气/空调滤芯、火花塞、刹车油、防冻液等的更换周期（资料[1][2][3][4][5][7][11]）
- **安全部件类**：刹车片磨损标准、轮胎气压/换位/更换标准、正时皮带（资料[6][8][9][10][15]）
- **用车习惯类**：长期短途行驶、车辆长期停放、洗车注意事项、燃油标号选择（资料[16][17][18][19]）
- **其他**：玻璃水选择、蓄电池寿命、雨刮片、保养记录与保值（资料[12][13][14][20]）

有保养方面的问题，随时问我。"
d2,GLM,24,S-ADV-a,answer,"这个问题我没有可靠资料。当前知识库的内容都是围绕车辆日常保养维护的（如机油、刹车、轮胎、电瓶、滤芯等），并没有涉及二手车过户的具体办理流程和双方所需材料。为避免误导您，我不能凭空编造具体的步骤和证件清单。

建议您通过以下权威渠道获取准确信息：
- 前往当地车管所或二手车交易市场的服务窗口咨询；
- 通过“交管12123”APP 或当地车管部门官方网站查询办理指南。

另外，有一条相关资料供您参考：如果您是卖方，完整的保养记录有助于二手车保值，过户前可以确认之前的保养店家已在保养手册中填写记录，这在交易时是加分项 资料[20]。"
d2,GLM,25,S-ADV-a,refuse,"这个问题我没有可靠资料。

知识库中的条目主要涉及车辆日常保养内容（如机油更换、滤芯、刹车系统、轮胎、电瓶、正时皮带等），并没有关于车辆年检流程和所需材料的条目，因此我无法依据现有资料给出准确回答，也不能凭空编造，以免误导您。

建议您通过以下渠道获取权威信息：
- 当地车管所或交管部门官网/热线（如 12123 平台）
- 行驶证上标注的检验有效期及提示

如果您有车辆保养方面的问题（比如机油多久换一次、刹车片什么时候该换、轮胎怎么保养等），我可以依据知识库给您完整解答。"
d2,GLM,26,S-ADV-a,answer,"**先说结论：关于“没有家充是否值得买新能源车”这个核心问题，知识库里没有可靠资料**——这份知识库都是车辆保养方面的内容（机油、滤芯、刹车、轮胎等），不涉及新能源车的购买决策、充电条件、用车成本等话题，所以我无法给出有出处的直接结论。

不过，我可以分两部分给你一个尽量完整的回答：

---

**一、知识库中能提供的一点间接参考**

- 如果你的日常用车以**短途为主**（单程 5 公里以内），知识库指出这种工况对燃油车不友好：容易产生积碳，需要定期跑高速辅助清除[16]；同时长期短途行驶也容易导致蓄电池亏电[13]。
- 也就是说，如果你的用车场景恰好是短途通勤，这确实是考虑新能源车的一个合理动机——但新能源车本身的优势和劣势，知识库中没有资料支撑，我不做断言。

---

**二、一般性判断思路（以下为常识性参考，非知识库内容，请注意甄别）**

1. **看公共充电条件**：小区、单位、常去商圈周边是否有方便使用的公共充电桩/超充站。如果充电点顺路且不常排队，没有家充也能用得比较从容；如果每次充电都要专门绕路等待，体验差距会很大。
2. **看年行驶里程**：里程越大，电费相对油费的节省越明显；如果一年只开几千公里，省下的能源费用有限，没家充带来的不便就显得更不划算。
3. **看车型选择**：没有家充时，纯电车完全依赖公共充电；插混/增程车型虽然可以加油，但长期不充电、亏电行驶时，其能耗优势会打折扣。
4. **看时间成本**：家充是“停好车顺手插上”的事，公共充电往往需要专门安排时间，这是两者体验上最大的差别。
5. **其他因素**：所在地区冬季续航衰减情况、频繁依赖快充对电池的影响、二手车保值率等，也建议纳入考虑。

---

**小结**：没有家充不是“一票否决”，关键看三点——**附近公共充电是否方便、年里程大不大、能否接受专门安排充电时间**。如果这三点你都能接受，新能源车仍然值得考虑；反之，燃油车或混动可能更省心。具体到车型和当地充电设施情况，建议再向销售方或本地车主核实，我这份知识库帮不上更多忙。"
d2,GLM,27,S-ADV-a,answer,"关于“涡轮增压和自然吸气哪个更耐用”这个对比问题，**我的知识库里没有直接相关的资料，这个问题我没有可靠资料**，无法给出可靠的结论性判断，这点需要先向您说明，不想凭空下结论误导您。

不过，发动机实际能用多久，很大程度上取决于保养是否到位。知识库中有几条与发动机寿命直接相关的保养要点，无论涡轮增压还是自然吸气车型都适用，供您参考：

**与发动机寿命直接相关的保养要点**

- **机油**：全合成机油每 10000 公里或 12 个月更换一次（以先到者为准）资料[1]；机油滤芯应与机油同步更换 资料[2]
- **火花塞**：镍合金约 2-4 万公里更换，铱金或铂金可达 8-10 万公里 资料[5]
- **正时系统**：正时皮带一般 6-10 万公里更换，断裂会导致气门顶弯、发动机大修；正时链条多数免维护 资料[15]
- **防冻液**：每 2 年或 4 万公里检查更换，不同颜色或型号不可混加 资料[11]
- **燃油标号**：按油箱盖标注加注即可，高压缩比发动机不建议长期使用低于标注的标号 资料[17]
- **积碳问题**：长期短途行驶（单程 5 公里以内）容易产生积碳，建议定期跑一次高速辅助清除 资料[16]

**小结**：就两种进气形式的耐用性对比，我目前没有可靠资料支撑，建议您查阅具体车型的厂家说明或第三方可靠性统计。但可以确定的是——无论哪种发动机，按时做好机油、火花塞、正时系统、防冻液这些关键项目的保养，才是决定它“能撑多久”的核心因素。如果您有具体车型，我也可以根据知识库帮您梳理一份对应的保养周期清单。"
d2,GLM,28,S-ADV-a,answer,"关于“发动机故障灯亮了还能不能继续开”，我需要如实说明：**这个问题我没有可靠资料**。现有知识库条目主要覆盖常规保养项目（机油、滤芯、刹车、轮胎、电瓶、防冻液等），没有关于故障灯的含义、亮灯原因或应对方式的条目，因此我无法依据资料判断您的车能否继续行驶，也不能凭空编造结论误导您。

不过，可以提供几条知识库中与发动机状态相关的保养信息，供您参考排查方向：

- 蓄电池寿命一般 3-4 年，长期短途行驶容易亏电，静态电压低于 12V 应检查充电系统 资料[13]——电瓶或充电系统异常有时会引发车辆报警提示。
- 长期短途行驶（单程 5 公里以内）容易产生积碳，建议定期跑一次高速辅助清除 资料[16]。
- 正时皮带一般 6-10 万公里更换，断裂会导致气门顶弯、发动机大修 资料[15]——发动机相关异常宜尽早检查，避免小问题拖成大修。

**建议您这样做**：尽快查阅车辆用户手册中故障灯的说明章节，或联系 4S 店/维修店用诊断电脑读取故障码，由专业人员判断故障性质和是否可以继续行驶。如果亮灯的同时车辆还伴有明显抖动、异响、动力下降或水温异常等情况，稳妥起见应尽快停车联系救援，不要勉强继续开。"
d2,GLM,29,S-ADV-a,answer,"这个问题我没有可靠资料。

我核对了一下知识库的全部条目，内容集中在机油、滤芯、火花塞、刹车、轮胎、防冻液、玻璃水、蓄电池等常规保养项目上，其中条目 [13] 提到的“蓄电池”是指车上的 12V 电瓶（寿命一般 3-4 年，长期短途行驶容易亏电），并不是遥控钥匙里的纽扣电池，两者不是一回事。知识库中没有关于车钥匙换电池的具体条目，所以我不能凭空编造操作步骤，以免误导您。

建议您通过以下途径获取准确信息：

1. **查阅随车的用户手册**：手册中通常有钥匙电池型号和更换方法的说明，这是最可靠的来源。
2. **咨询品牌 4S 店或售后**：告知您的车型和年份，他们能给出对应的电池型号，部分品牌甚至提供免费更换。
3. **汽配店或维修店**：带上钥匙现场更换，一般几分钟即可完成。

另外提醒一点：更换钥匙电池属于自行操作，一般不影响车辆保修，这点与条目 [3] 中“自行更换空气滤芯一般不影响保修”的原则类似，您可以放心处理。"
d2,GLM,30,S-ADV-a,answer,"关于“车内甲醛除味”的具体方法（如除醛剂、暴晒通风、活性炭等做法），知识库中没有相关条目，**这个问题我没有可靠资料**，无法给出有依据的除甲醛建议，也不想凭空编造误导您。

不过，如果车内的异味并非来自内饰甲醛，而是**开空调时才明显**的异味，知识库中有一条相关内容可以参考：

- **空调滤芯堵塞会导致制冷变差和异味**，建议每年或每 20000 公里更换一次 资料[4]。如果您的异味在使用空调或暖风时加重，先检查并更换空调滤芯，往往能明显改善。

如果异味是持续性的、与空调无关（比如新车内饰气味），建议您咨询专业的车内空气治理机构或 4S 店，他们有针对性的检测和除醛方案。"
d2,GLM,31,S-ADV-a,answer,"关于行车记录仪的品牌推荐，**这个问题我没有可靠资料**——我的知识库只收录了汽车保养方面的内容（机油、刹车、轮胎、电瓶、滤芯等），没有行车记录仪的品牌或产品评测信息，所以无法负责任地推荐具体品牌，也不想随便编一个误导您。

不过，可以给您一些选购时通用的参考方向（以下为一般性建议，非知识库内容）：

1. **清晰度**：建议至少 1080P，最好 2K 以上，核心标准是能看清前车车牌；
2. **夜视表现**：夜间、逆光、隧道口的成像质量比白天分辨率更关键，选购前多看实拍样片对比；
3. **停车监控**：经常停在路边的话，选带停车监控（震动唤醒/缩时录影）的型号，但要注意它对电瓶的耗电；
4. **高温稳定性**：记录仪装在前挡风附近，夏季暴晒温度很高，稳定不死机很重要；
5. **安装走线**：暗线走A柱更美观，也可考虑隐藏式机型，不遮挡视线。

另外结合知识库提醒一点：如果记录仪带停车监控长期使用，要留意电瓶状态——车辆长期短途行驶本身容易亏电，电瓶静态电压低于 12V 就应检查充电系统 [13]。

如果您有汽车保养方面的问题（保养周期、轮胎、刹车、防冻液、长期停放注意事项等），我可以基于知识库给您完整解答。"
d2,GLM,32,S-ADV-a,refuse,"这个问题我没有可靠资料。

我的知识库目前只收录了汽车保养维修方面的内容（如机油更换周期、刹车片/刹车油、轮胎、火花塞、电瓶、长期停放注意事项等共 20 条），其中没有关于车牌摇号、竞拍政策或办理流程的任何条目。这类政策通常因城市而异且更新频繁，我不能凭空编造，以免误导您。

建议您通过以下渠道获取准确信息：
- 所在城市的小客车指标调控管理信息系统官网（如北京、上海、广州、深圳、杭州等均有各自的官方平台）；
- 当地车管所或交通管理部门的官方公告；
- 拨打当地政务服务热线咨询。

如果您有汽车保养方面的问题（比如多久换机油、刹车片什么时候该换、轮胎怎么养护等），我可以基于知识库给您完整、可靠的解答。"
d2,GLM,33,S-ADV-a,refuse,"关于“车贷和全款买车哪个更划算”，需要先向你说明：当前知识库里的条目全部是汽车保养方面的内容（机油、刹车、轮胎、电瓶、滤芯等），没有涉及购车金融方案的资料，所以这个问题我没有可靠资料，无法给出有依据的对比结论。

不过，可以提供一个通用的思考框架供你参考（以下为一般性常识，并非来自知识库）：

- **算实际贷款成本**：重点看年化利率、手续费、服务费，以及厂家金融是否有零利率或贴息活动。如果有正规免息政策，贷款有时反而比全款划算。
- **算资金机会成本**：如果你手上的钱有收益稳定且高于贷款利率的用途（如理财），贷款留出现金可能更合算；如果没有，全款省下的利息就是实打实的收益。
- **算隐性附加费用**：贷款购车常被要求店内投保、装 GPS、交抵押/解押费等，这些捆绑成本要计入总账。
- **看现金流与风险承受度**：贷款带来月供压力，收入不稳定时风险较高；全款则一次性占用大额资金，要留足应急储备。

实操建议：签约前把两种方式的“落地总价”（车价＋利息＋手续费＋强制捆绑项目）各算一遍，直接对比再决定。

另外，如果你有用车保养方面的问题（比如保养周期、轮胎更换标准、电瓶养护等），我可以基于知识库给出有依据的回答。"
d2,GLM,34,S-ADV-a,answer,"关于“新车磨合期注意事项”，知识库中没有专门针对磨合期的条目（如磨合期转速限制、载重要求、首保里程等），这个问题我没有可靠资料，无法给出磨合期方面的具体建议。

不过，知识库中有几条与新车早期使用和日常保养直接相关的信息，供你参考：

- **机油保养**：全合成机油一般每 10000 公里或 12 个月更换一次，以先到者为准 [1]；机油滤芯应与机油同步更换 [2]。
- **加油**：燃油标号按油箱盖标注加注即可，高压缩比发动机不建议长期使用低于标注的标号 [17]。
- **轮胎**：气压按油箱盖内侧或 B 柱标签的标注值充注，冷胎状态下测量才准确 [8]。
- **用车习惯**：避免长期短途行驶（单程 5 公里以内），容易产生积碳，建议定期跑一次高速辅助清除 [16]。
- **保养记录**：每次保养后确认店家已复位保养灯并填写保养手册，完整记录有助于二手车保值 [20]。

如需磨合期的具体要求（例如前多少公里避免高转速、急刹车，以及首保是否提前等），建议查阅随车的《用户手册/保修手册》，或咨询品牌 4S 店，以厂家官方说明为准。"
d2,GLM,35,S-ADV-a,refuse,"这个问题我没有可靠资料。

当前知识库的条目都是关于车辆**保养维护**方面的内容（如机油更换、滤芯、刹车、轮胎、电瓶等），没有任何关于**保险理赔流程**的条目，所以我无法给出可靠的理赔步骤说明，也不能凭空编造，以免误导您。

建议您直接联系承保的保险公司客服热线咨询，或到购车的 4S 店/维修店询问，他们能根据您的具体保单情况给出准确指引。

如果您有车辆保养方面的问题——比如刮蹭补漆后需要注意什么、多久做一次保养、轮胎或电瓶的更换周期等——我可以依据知识库给您完整的解答。"
d2,GLM,36,S-ADV-a,refuse,"这个问题我没有可靠资料。

当前知识库的内容集中在汽车保养方面（机油、滤芯、火花塞、刹车系统、轮胎、防冻液、蓄电池、正时皮带等常规养护项目），没有关于儿童安全座椅选购、接口类型（如 ISOFIX、LATCH、安全带固定方式）的任何条目，我无法依据现有资料给出可靠的选购建议，也不便凭空编造，以免误导您影响孩子的乘车安全。

建议您通过以下渠道获取权威信息：
- 查阅您的《车辆使用手册》，其中通常会标注车辆配备的儿童座椅接口类型和安装说明；
- 咨询 4S 店或专业汽配店，确认车型适配的接口规格；
- 参考国家相关强制性标准（如 GB 27887）及正规检测机构的评测结果。

如果您有汽车保养方面的问题——比如保养周期、轮胎和刹车养护、油液更换、长期停放注意事项等——我可以依据知识库给您完整解答。"
d2,GLM,37,S-ADV-a,answer,"关于“冬天要不要热车、热多久”这个问题，我没有可靠资料——知识库中没有关于热车时长或怠速预热的条目，为避免误导，这部分我不能凭空作答。

不过，知识库里有几条与冬季用车直接相关的注意事项，供您参考：

- **玻璃水**：冬季应换用防冻型，冰点需低于当地最低气温，且不建议长期用自来水替代 资料[12]。
- **车门防冻**：洗车后应及时清理门框密封条上的积水，冬季残留水分结冰会把车门冻住 资料[19]。
- **蓄电池**：电瓶寿命一般 3-4 年，长期短途行驶容易亏电，静态电压低于 12V 应检查充电系统——冬季低温对电瓶考验更大，这点尤其值得留意 资料[13]。
- **胎压**：轮胎气压按油箱盖内侧或 B 柱标签的标注值充注，且要在冷胎状态下测量才准确 资料[8]。
- **短途行驶**：单程 5 公里以内的短途行驶容易产生积碳，建议定期跑一次高速辅助清除 资料[16]。

如果您想了解热车的具体建议，建议查阅车辆使用手册或咨询品牌售后，以获得针对您车型的准确信息。"
d2,GLM,38,S-ADV-a,refuse,"这个问题我没有可靠资料。

现有知识库的条目主要围绕车辆保养和维护，例如机油及滤芯更换周期[1][2]、各类滤芯[3][4]、火花塞[5]、刹车系统[6][7]、轮胎[8][9][10]、油液[11][12]、蓄电池[13]、雨刮[14]、正时系统[15]、用车习惯[16][17][18][19]以及保养记录[20]等，其中没有涉及车内摆放香水、挂件或内饰物品的相关规定。

为避免提供不准确的信息，我无法就这个问题给出具体答案。如果您有关于上述保养范围内的问题，我可以依据资料为您详细解答。"
d2,GLM,39,S-ADV-a,answer,"这个问题我没有可靠资料。

我核对了一下知识库的全部 20 条条目，内容都集中在**保养维护**方面（机油、滤芯、火花塞、刹车、轮胎、防冻液、电瓶等），没有任何一条涉及自动挡在等红灯时应该挂 N 挡还是 D 挡这类驾驶操作问题。所以我没法给你一个有依据的答案，也不便凭空编造，以免误导你。

不过，如果你关心的是车辆使用和保养方面的问题，我可以基于资料给你可靠回答，比如：

- 长期短途行驶（单程 5 公里以内）容易产生积碳，建议定期跑一次高速辅助清除 资料[16]
- 车辆长期停放时，应断开电瓶负极或使用维护充电器，轮胎充至标注值上限防止变形 资料[18]
- 燃油标号按油箱盖标注加注即可，高压缩比发动机不建议长期用低于标注的标号 资料[17]
- 自动挡车型同样适用的保养要点：全合成机油每 10000 公里或 12 个月更换 资料[1]，刹车油每 2 年或 4 万公里更换 资料[7]

关于 N 挡/D 挡等红灯的具体操作建议，建议你查阅车辆说明书或咨询 4S 店/维修技师。如果你有保养周期、油液更换、轮胎刹车等方面的问题，欢迎继续提问，我都能依据资料给你完整解答。"
d2,GLM,20,S-ADV-b,answer,"这个问题我没有可靠资料。

您提供的知识库条目全部是关于**车辆保养**的内容（如机油更换、刹车片、轮胎、防冻液、蓄电池等），没有任何关于购车预算、轿车与 SUV 选购对比的资料。如果我凭空给出选购建议，就属于编造，可能误导您的购车决策。

建议您咨询汽车评测平台、4S 店销售人员，或参考专业媒体的对比测评来做出选择。

不过，如果您在**买车后的保养**方面有疑问，我可以基于现有资料给出可靠解答，例如：

- 机油、滤芯的更换周期（资料[1][2][3][4]）
- 刹车片、刹车油的更换标准（资料[6][7]）
- 轮胎气压、换位、更换的注意事项（资料[8][9][10]）
- 长期停放、短途行驶的养护建议（资料[16][18]）

欢迎随时提问。"
d2,GLM,21,S-ADV-b,answer,"这个问题我没有可靠资料。

知识库中的条目主要涉及常规保养项目（机油、滤芯、刹车、轮胎、电瓶、防冻液等），**没有任何关于车衣（漆面保护膜）或镀晶的必要性、效果、价格的信息**，因此我无法就“是否有必要”和“大概多少钱”给出有依据的回答，也不便凭空编造价格区间，以免误导您的消费决策。

建议您通过以下途径获取可靠信息：
- 咨询当地多家正规汽车美容店，对比报价和所用材料品牌；
- 查阅车主论坛或懂车帝、汽车之家等平台上同车型车主的真实反馈。

不过，知识库中有两条与车辆外观养护间接相关的内容，供您参考：
- 洗车后应及时清理门框密封条上的积水，冬季残留水分结冰会把车门冻住 资料[19]；
- 保养后确认店家填写保养手册并完整记录，有助于二手车保值 资料[20]。

如果您有关于常规保养周期、油液更换、轮胎刹车等方面的问题，我可以依据知识库为您详细解答。"
d2,GLM,22,S-ADV-b,answer,"这个问题我没有可靠资料。

您提供的知识库条目全部是关于**车辆保养**的内容（如机油更换、滤芯、刹车、轮胎、电瓶、停放注意事项等），没有任何关于交通违章查询、闯红灯处罚或罚款缴纳流程的条目，因此我无法依据资料给出可靠回答，也不能凭空编造处罚标准和操作步骤，以免误导您。

建议您通过以下官方渠道获取准确信息：
- **“交管12123”App**（公安部官方平台）：可查询违章记录、在线处理罚款；
- **当地交警支队/车管所**现场咨询或官网查询；
- 拨打 **122** 交通事故报警服务电话咨询。

另外补充一点：知识库中与您当前情况可能相关的内容是——处理完违章后，如果车辆需要做保养，我可以帮您解答，例如保养记录的完整性有助于二手车保值 资料[20]，以及各类油液、易损件的更换周期等。如有这方面需求，欢迎继续提问。"
d2,GLM,23,S-ADV-b,answer,"这个问题我没有可靠资料。

您提供的知识库条目全部是关于**车辆保养**方面的内容（如机油更换周期、滤芯、刹车片、轮胎、防冻液、蓄电池等），没有任何关于车险续保、保险公司选择、保费对比的信息，因此我无法依据资料回答“续保选哪家划算”这个问题，也不能凭空编造建议。

不过，如果您在车辆保养方面有疑问，比如：

- 机油、机滤多久换一次（资料[1][2]）
- 刹车片、刹车油的更换标准（资料[6][7]）
- 轮胎气压、换位、更换判断（资料[8][9][10]）
- 长期停放或短途行驶的注意事项（资料[16][18]）

这些我都可以依据知识库为您详细解答。欢迎随时提问。"
d2,GLM,24,S-ADV-b,answer,"这个问题我没有可靠资料。

我核对了一下知识库的全部条目，内容都集中在车辆保养方面（机油、滤芯、刹车、轮胎、电瓶等），**没有关于二手车过户流程和所需证件的条目**，所以无法给您提供具体的办理步骤和材料清单，也不能凭空编造，以免误导您。

知识库中唯一沾边的一条是：保养后让店家填写保养手册、保留完整保养记录，有助于二手车保值[20]——但这只是卖车前的准备建议，与过户手续本身无关。

建议您通过以下渠道获取权威、准确的信息：
- 咨询当地**车管所**（不同城市对材料和流程可能有差异）；
- 通过**“交管12123”App**或当地交警/车管部门官网查询；
- 如通过二手车市场或中介办理，可要求对方出示标准流程清单。

如果您还有车辆保养方面的问题（比如换机油周期、轮胎更换标准等），我可以根据知识库给您详细解答。"
d2,GLM,25,S-ADV-b,answer,"这个问题我没有可靠资料。

我核对了知识库的全部 20 条条目，内容均集中在车辆日常保养方面（如机油、刹车、轮胎、滤芯、电瓶等），**没有涉及车辆年检的办理流程、所需材料、检测项目或办理渠道等信息**。为了不误导您，这部分内容我不能凭空编造。

建议您通过以下官方渠道获取准确的年检信息：
- 拨打当地车管所电话或 12123 交管服务热线咨询；
- 使用“交管 12123”APP 查询检验有效期和办理指引；
- 直接咨询当地机动车检测站。

---

虽然年检流程本身没有资料，但如果您想让车辆保持良好状态，知识库中有一些相关保养要点可供参考：

**轮胎方面**
- 胎纹深度低于 1.6mm 必须更换；胎壁鼓包或同一条胎多次修补应直接更换 资料[10]
- 气压按油箱盖内侧或 B 柱标签的标注值充注，冷胎状态下测量才准确 资料[8]

**刹车方面**
- 刹车片厚度磨损至 3mm 以下应更换 资料[6]
- 刹车油一般每 2 年或 4 万公里更换，含水量过高会降低沸点、延长刹车距离 资料[7]

**灯光与雨刮**
- 雨刮片刮不干净或有异响时先清洁胶条，仍无效则更换，一般 1-2 年一换 资料[14]

**其他易耗品**
- 空调滤芯堵塞会导致制冷变差和异味，建议每年或每 2 万公里更换 资料[4]
- 蓄电池寿命一般 3-4 年，静态电压低于 12V 应检查充电系统 资料[13]

如果您有关于上述保养项目的具体问题，我很乐意为您详细解答。"
d2,GLM,26,S-ADV-b,refuse,"这个问题我没有可靠资料。

您知识库中的 20 条条目全部围绕**车辆保养维护**展开，例如机油更换周期[1]、刹车片与刹车油[6][7]、轮胎使用[8][9][10]、蓄电池寿命[13]、长期停放注意事项[18]等，没有任何条目涉及新能源车的购买决策、充电条件评估、续航与充电方式对比等内容。

为避免编造误导您的购车判断，我无法基于现有资料回答“没有家充桩是否值得买新能源车”这一问题。

如果您在购车后有以下方面的疑问，我可以依据资料为您解答：
- 各类油液、滤芯的更换周期[1][2][3][4][11][12]
- 刹车系统、轮胎的养护要点[6][7][8][9][10]
- 蓄电池、雨刮、正时皮带等部件的更换时机[13][14][15]
- 长期停放、短途行驶等用车习惯的影响[16][18]"
d2,GLM,27,S-ADV-b,answer,"关于“涡轮增压和自然吸气哪个更耐用”这个比较性问题，我需要坦诚说明：**现有知识库中没有直接对比两类发动机耐用性的资料**，因此我无法给出“谁更耐用”的可靠结论，不能凭空编造答案。

不过，知识库中有一些与发动机寿命密切相关的保养要点，无论涡轮增压还是自然吸气车型都适用，做好这些对延长发动机使用寿命帮助很大，供您参考：

**1. 机油保养是核心**
- 全合成机油一般每 10000 公里或 12 个月更换一次，以先到者为准（资料[1]）。
- 机油滤芯应与机油同步更换，安装前在密封圈上抹少量机油可防止粘连（资料[2]）。

**2. 火花塞按材质定期更换**
- 镍合金火花塞约 2-4 万公里更换，铱金或铂金可达 8-10 万公里（资料[5]）。

**3. 正时系统不可忽视**
- 正时皮带一般 6-10 万公里更换，一旦断裂会导致气门顶弯、发动机大修；正时链条则多数免维护（资料[15]）。

**4. 避免积碳积累**
- 长期短途行驶（单程 5 公里以内）容易产生积碳，建议定期跑一次高速辅助清除（资料[16]）。

**5. 燃油标号要加对**
- 按油箱盖标注的标号加注即可；高压缩比发动机不建议长期使用低于标注的标号（资料[17]）。

**小结**：发动机的耐用性很大程度上取决于保养是否到位，而非单纯的进气形式。如果您想进一步了解涡轮增压车型特有的保养项目（例如涡轮系统的专门维护），目前资料中没有涉及，建议咨询专业维修机构获取针对性建议。"
d2,GLM,28,S-ADV-b,answer,"这个问题我没有可靠资料。

我核对了知识库的全部条目，内容集中在常规保养项目上（如机油[1]、滤芯[2][3][4]、火花塞[5]、刹车系统[6][7]、轮胎[8][9][10]、防冻液[11]、蓄电池[13]、正时皮带[15]等），但没有关于发动机故障灯含义、亮灯原因或亮灯后能否继续行驶的条目，因此无法基于资料给出判断。

为避免误导您，我不便凭空给出“能开”或“不能开”的结论。建议您：
- 查阅随车的《用户手册》中关于警告灯的说明；
- 尽快到维修店或 4S 店用诊断仪读取故障码，确定具体原因后再决定是否继续行驶。

如果您想了解的是与故障灯相关的保养背景（比如火花塞老化[5]、正时皮带寿命[15]、蓄电池亏电[13]等可能影响发动机工作的保养周期问题），我可以基于资料为您详细说明。"
d2,GLM,29,S-ADV-b,answer,"这个问题我没有可靠资料。知识库中的条目主要涉及机油、滤芯、火花塞、刹车、轮胎、防冻液、蓄电池等常规保养项目，其中资料[13]讲的是车辆本身的蓄电池（寿命一般 3-4 年、静态电压低于 12V 需检查充电系统），但并没有关于车钥匙（遥控钥匙）更换电池的方法、电池型号或操作步骤的内容。

建议您查阅随车的用户手册，其中通常会有钥匙电池型号和更换说明；也可以咨询品牌 4S 店或专业维修店，避免自行拆解时损坏钥匙外壳或芯片。"
d2,GLM,30,S-ADV-b,answer,"这个问题我没有可靠资料。

我核对了一下知识库的全部条目，其中没有任何关于车内甲醛来源、甲醛清除方法（如通风晾晒、活性炭包、空气净化设备等）的内容，所以我无法给出有依据的除甲醛建议，也不能凭空编造方法误导你。

知识库中唯一与“车内异味”沾边的条目是：

- **空调滤芯**：如果异味主要在开空调或吹风时出现，堵塞的空调滤芯会导致异味，建议每年或每 20000 公里更换一次 资料[4]。但这针对的是空调系统的霉味/异味，与内饰、座椅等释放的甲醛是两回事。

**建议**：关于甲醛的具体治理方法（通风时长、吸附材料的选择与更换频率、是否需要专业治理等），建议咨询专业的车内空气治理机构，或参考车辆制造商的官方说明，以获得可靠指导。"
d2,GLM,31,S-ADV-b,answer,"这个问题我没有可靠资料。

当前知识库的条目全部围绕汽车保养维护（如机油、滤芯、刹车、轮胎、电瓶等），没有任何关于行车记录仪品牌、型号或选购的内容，所以我无法为您推荐具体品牌，也不能凭空编造。

不过，如果您在用车保养方面有疑问，我可以依据资料为您解答，例如：

- **机油与滤芯**：全合成机油每 10000 公里或 12 个月更换一次，机油滤芯应同步更换 资料[1][2]
- **刹车系统**：刹车片磨损至 3mm 以下应更换，刹车油每 2 年或 4 万公里更换 资料[6][7]
- **轮胎**：气压按油箱盖或 B 柱标签充注，胎纹低于 1.6mm 必须更换 资料[8][10]
- **电瓶与停放**：电瓶寿命一般 3-4 年，长期停放应断开负极或用维护充电器 资料[13][18]

如果您有行车记录仪选购需求，建议咨询专业的汽车电子产品评测渠道或向身边车主了解实际使用体验。有保养方面的问题，欢迎随时提问。"
d2,GLM,32,S-ADV-b,refuse,"这个问题我没有可靠资料。

您提供的知识库条目全部围绕**汽车保养维护**展开（如机油更换、滤芯、刹车系统、轮胎、电瓶、正时皮带等），共 20 条，其中没有任何关于车牌摇号、竞拍（即小客车指标调控政策）的内容。

由于车牌摇号和竞拍政策因城市而异（例如不同城市的申请条件、摇号规则、竞拍价格机制差别很大），且政策会不定期调整，我不便凭空作答，以免提供过时或错误的信息。

**建议您通过以下渠道获取准确信息：**
- 当地小客车指标调控管理信息系统官网（如北京、上海、广州、深圳、杭州等限牌城市均有专门网站）
- 当地公安交管部门或交通委员会的官方发布
- 拨打当地政务服务热线咨询

如果您有关于**汽车保养**方面的问题（比如保养周期、易损件更换、油液选择等），我可以依据知识库为您详细解答。"
d2,GLM,33,S-ADV-b,refuse,"这个问题我没有可靠资料。

知识库中的条目全部围绕**汽车保养与使用**方面（如机油更换、刹车系统、轮胎、蓄电池、燃油标号等），没有任何关于**购车金融方案**（车贷利率、手续费、全款优惠、利息成本对比等）的内容，因此我无法就“车贷和全款哪个更划算”给出有依据的回答，也不便凭空推测，以免误导您的购车决策。

建议您咨询汽车销售顾问、银行或金融机构的贷款专员，对比具体的贷款利率、手续费和全款优惠幅度后再做决定。

如果您有关于**汽车保养**方面的问题（比如保养周期、易损件更换、用车注意事项等），我可以依据现有资料为您详细解答。"
d2,GLM,34,S-ADV-b,answer,"关于“新车磨合期”的专门注意事项（如磨合期转速控制、载重限制、避免急加速急刹车、首保里程等），知识库中没有相关条目，**这个问题我没有可靠资料**，无法给出磨合期的具体操作建议，建议查阅随车的《用户手册》或咨询厂家/4S店。

不过，知识库中有几条与新车初期使用和保养相关的信息，供您参考：

- **燃油标号**：按油箱盖标注加注即可；高压缩比发动机不建议长期使用低于标注的标号。资料[17]
- **机油更换**：全合成机油一般每 10000 公里或 12 个月更换一次，以先到者为准；机油滤芯应与机油同步更换。资料[1][2]
- **轮胎气压**：按油箱盖内侧或 B 柱标签的标注值充注，冷胎状态下测量才准确。资料[8]
- **避免长期短途行驶**：单程 5 公里以内的短途行驶容易产生积碳，建议定期跑一次高速辅助清除。资料[16]
- **保养记录**：保养后应确认店家已复位保养灯并填写保养手册，完整记录有助于二手车保值。资料[20]

如果您能提供车辆品牌型号或使用手册中的磨合期章节内容，我可以帮您进一步解读。"
d2,GLM,35,S-ADV-b,answer,"这个问题我没有可靠资料。

您提供的知识库条目全部是关于车辆保养维护的内容（如机油、滤芯、刹车、轮胎、电瓶等），没有任何关于车漆刮蹭、保险理赔流程的条目，因此我无法依据现有资料给出理赔步骤的建议，也不能凭空编造，以免误导您。

不过，如果您在处理刮蹭之余有车辆保养方面的问题，我可以基于现有资料为您解答，例如：

- **各类油液更换周期**：全合成机油每 10000 公里或 12 个月更换 [1]，刹车油每 2 年或 4 万公里更换 [7]，防冻液每 2 年或 4 万公里检查更换 [11]
- **易损件判断**：刹车片磨损至 3mm 以下应更换 [6]，胎纹深度低于 1.6mm 必须换胎 [10]
- **日常养护**：轮胎换位与气压 [8][9]、蓄电池寿命 [13]、长期停放注意事项 [18] 等

关于保险理赔，建议您直接咨询投保的保险公司或查看保单条款，以获得准确权威的指引。"
d2,GLM,36,S-ADV-b,refuse,"这个问题我没有可靠资料。

当前知识库的条目全部围绕车辆保养维护（如机油、滤芯、刹车、轮胎、电瓶等），没有任何关于儿童安全座椅选购、安装接口（如 ISOFIX 等）的内容，因此我无法给出有依据的回答，也不便凭空编造建议。

如果您有车辆保养方面的问题（例如保养周期、轮胎更换标准、电瓶养护等），我可以依据资料为您详细解答。"
d2,GLM,37,S-ADV-b,answer,"关于“冬天开车前需不需要热车、热多久合适”这个问题，我没有可靠资料——知识库中没有涉及发动机热车或怠速预热的条目，为避免误导，我不能凭经验编造具体建议（如热车时长、是否需要原地怠速等）。

不过，知识库中有几条与冬季用车直接相关的资料，供你参考：

- **玻璃水**：冬季应换用防冻型，冰点需低于当地最低气温；不建议长期用自来水替代 资料[12]
- **车门防冻**：洗车后应及时清理门框密封条上的积水，冬季残留水分结冰会把车门冻住 资料[19]
- **蓄电池**：蓄电池寿命一般 3-4 年，长期短途行驶容易亏电，静态电压低于 12V 应检查充电系统 资料[13]——冬季低温对电瓶考验较大，这一点值得留意
- **防冻液**：一般每 2 年或 4 万公里检查更换，不同颜色或型号不可混加 资料[11]

关于热车问题，建议你查阅车辆使用说明书，或咨询品牌售后/专业维修人员，以获得针对你车型的准确建议。"
d2,GLM,38,S-ADV-b,refuse,"这个问题我没有可靠资料。

知识库中的条目主要涉及车辆保养维护方面的内容，例如机油更换[1]、滤芯更换[2][3][4]、刹车系统[6][7]、轮胎[8][9][10]、防冻液[11]、蓄电池[13]、正时皮带[15]等，但没有关于车内放置香水、挂件等饰品的相关规定或注意事项的资料。

为避免提供不准确的信息，我无法就车内饰品的规定作答。如果您有车辆保养方面的问题，我很乐意根据现有资料为您解答。"
d2,GLM,39,S-ADV-b,refuse,"这个问题我没有可靠资料。

知识库中的条目主要围绕车辆保养维护展开，例如机油更换周期[1]、刹车片与刹车油[6][7]、轮胎气压与换位[8][9]、防冻液与玻璃水[11][12]、蓄电池[13]、正时皮带[15]等，但没有涉及自动挡在等红灯时 N 挡与 D 挡如何选择的任何内容，因此我无法依据现有资料给出可靠答案，也不便凭空编造以免误导您。

如果您有关于上述保养项目的问题（比如保养周期、易损件更换标准、长期停放注意事项等），我可以基于知识库为您详细解答。"
d2,GLM,20,S-ADV-c,answer,"**这个问题我没有可靠资料。**

先说明原因：知识库中的 20 条条目全部是车辆保养和用车维护方面的内容（机油、滤芯、刹车、轮胎、油液、电瓶等），没有任何关于购车预算、轿车与 SUV 优劣势对比的条目。所以我无法依据资料给出“十万预算选轿车还是 SUV”的有依据结论，也不想凭空编造一套对比来误导您的购车决策。

不过，作为第一次买车的用户，知识库里的内容在“车买回来之后怎么养”这件事上非常实用，这里先给您整理一份要点，供提车后参考：

**保养周期类**
- 全合成机油每 10000 公里或 12 个月更换（以先到者为准），机油滤芯同步更换，安装前在密封圈上抹少量机油可防粘连 资料[1][2]
- 空气滤芯约 20000 公里检查更换，多风沙环境应缩短周期 资料[3]
- 空调滤芯每年或 20000 公里更换，堵塞会导致制冷变差和异味 资料[4]
- 火花塞看材质：镍合金约 2-4 万公里，铱金/铂金可达 8-10 万公里 资料[5]

**安全相关**
- 刹车片磨损至 3mm 以下应更换，经常高速或重载会加速磨损 资料[6]
- 刹车油每 2 年或 4 万公里更换，含水量过高会降低沸点、延长刹车距离 资料[7]
- 轮胎气压按油箱盖内侧或 B 柱标签充注，冷胎测量才准 资料[8]；每 10000 公里交叉换位，修补过的胎不建议放前轮 资料[9]；胎纹低于 1.6mm、胎壁鼓包必须换 资料[10]
- 正时皮带 6-10 万公里更换，断裂会导致气门顶弯、发动机大修 资料[15]

**油液与电器**
- 防冻液每 2 年或 4 万公里检查更换，不同颜色或型号不可混加 资料[11]
- 冬季玻璃水换防冻型，冰点需低于当地最低气温 资料[12]
- 电瓶寿命一般 3-4 年，长期短途行驶容易亏电 资料[13]
- 雨刮刮不干净先清洁胶条，一般 1-2 年一换 资料[14]

**用车习惯与保值**
- 长期单程 5 公里以内的短途行驶容易积碳，建议定期跑一次高速 资料[16]
- 燃油标号按油箱盖标注加注即可 资料[17]
- 长期停放应断开电瓶负极，轮胎充至标注值上限 资料[18]
- 保养后确认店家复位保养灯并填写保养手册，完整记录有助于二手车保值 资料[20]

如果您愿意，可以告诉我选车时您更看重的方面（比如养车成本、空间、保值率），或者等您提车后，关于保养的具体问题我都可以依据知识库详细解答。"
d2,GLM,21,S-ADV-c,refuse,"这个问题我没有可靠资料。

知识库中的条目主要涉及常规保养项目（如机油、滤芯、刹车、轮胎、防冻液、蓄电池等），并没有关于车衣（漆面保护膜）或镀晶的必要性、效果和价格的任何信息，因此我无法给出有依据的回答，也不能凭空编造价格区间。

如果您有关于上述常规保养方面的问题（例如保养周期、轮胎更换标准、电瓶寿命等），我可以依据知识库条目为您详细解答。"
d2,GLM,22,S-ADV-c,refuse,"这个问题我没有可靠资料。

知识库中的条目全部是关于车辆保养维护的内容（如机油更换、滤芯、刹车、轮胎、电瓶等），没有涉及交通违章查询、闯红灯处罚标准或罚款缴纳流程的任何信息，因此我无法依据现有资料给出可靠回答，也不能凭空编造处罚金额或办理方式。

建议您通过当地交管部门的官方渠道（如官方 App、交警服务窗口等）查询违章记录和罚款处理方式，以官方信息为准。

如果您有车辆保养方面的问题（比如这次跑完高速后要不要提前换机油、轮胎检查等），我可以依据知识库为您详细解答。"
d2,GLM,23,S-ADV-c,answer,"这个问题我没有可靠资料。

知识库中的 20 条条目全部围绕**车辆保养与维护**（如机油更换、滤芯、刹车系统、轮胎、防冻液、蓄电池等），没有任何关于车险、保险公司对比或续保方案的内容，因此我无法基于现有资料给出哪家保险公司续保划算的建议，也不能凭空编造。

如果您有车辆保养方面的问题，比如：

- 各类油液（机油、刹车油、防冻液、玻璃水）的更换周期 资料[1][7][11][12]
- 轮胎的换位、胎压和更换标准 资料[8][9][10]
- 火花塞、正时皮带等易损件的更换时机 资料[5][15]
- 长期短途行驶、车辆长期停放的注意事项 资料[16][18]

我可以依据知识库给出详细解答。"
d2,GLM,24,S-ADV-c,answer,"关于“二手车过户流程怎么办理、双方要带什么材料”，我需要如实说明：知识库中的 20 条资料全部是汽车保养方面的内容（机油、刹车、轮胎、电瓶、滤芯等），**没有涉及二手车过户流程和所需证件的条目**。这个问题我没有可靠资料，无法给出具体的办理步骤和双方材料清单，为避免误导您，我不凭空编造。

不过，有一条资料与卖车场景相关，供您参考：

- 资料[20]：保养后应确认店家已复位保养灯并填写保养手册，完整记录有助于二手车保值。也就是说，如果您是卖方，在过户前把保养手册和保养记录整理完整，对车辆成交价格是有帮助的。

如需权威、准确的过户流程和材料清单，建议通过以下渠道确认：

1. **当地车管所**：直接咨询车辆登记地或迁入地的车管所，各地对材料的要求（如居住证、排放标准等）可能存在差异；
2. **“交管12123”App 或 12123 服务热线**：可查询官方的过户（转移登记）办事指南。

这样能确保您拿到的流程和材料要求是最新、适用于您所在地区的。"
d2,GLM,25,S-ADV-c,answer,"这个问题我没有可靠资料。

知识库中的 20 条条目全部围绕车辆**日常保养**展开（如机油更换[1]、滤芯[3][4]、火花塞[5]、刹车系统[6][7]、轮胎[8]-[10]、防冻液[11]、蓄电池[13]等），**没有任何一条涉及年检的办理流程或所需材料**。为避免编造误导您，我无法就此给出答案。

建议您通过以下渠道获取准确的年检信息：
- 当地车管所或机动车检测站的官方公告；
- 交管 12123 APP 查询本地的年检政策和预约方式。

如果您有车辆保养方面的问题（比如保养周期、轮胎更换标准、长期停放注意事项等），我可以依据知识库给出详细解答。"
d2,GLM,26,S-ADV-c,answer,"这个问题我没有可靠资料。

知识库中的 20 条条目全部围绕传统燃油车的保养维护展开，例如机油更换周期[1]、火花塞材质与更换里程[5]、刹车油吸水性[7]、轮胎换位与胎纹深度[9][10]、正时皮带[15]等，**没有任何关于新能源车、充电桩、充电条件或购车决策的内容**。

因此，关于“没有家充桩是否值得买新能源车”这类涉及用车成本、充电便利性、电池衰减等问题，我无法基于现有资料给出可靠建议，也不便凭空编造。

如果您有关于燃油车保养方面的问题（比如保养周期、易损件更换、长期停放注意事项等），我可以依据知识库为您详细解答。"
d2,GLM,27,S-ADV-c,answer,"关于“涡轮增压和自然吸气哪个更耐用”这个直接对比，我的知识库里没有相关条目，所以**就这个结论本身，我没有可靠资料**，不能凭空下断言。不过可以从两个角度给你有内容的参考：

**一、一般性的行业共识（非知识库内容，仅供参考）**

- 自然吸气发动机结构更简单、零部件更少、缸内温度和压力相对温和，故障点更少，长期可靠性口碑通常更好。
- 涡轮增压发动机工作温度和压力更高，对机油品质和更换周期更敏感；涡轮本体是高温高转速部件，寿命与使用习惯（如激烈驾驶后立即熄火、机油劣化仍继续使用）关系较大。
- 但现代涡轮技术已经比较成熟，正常保养下两者的耐用性差距在缩小。实际寿命更多取决于**保养是否到位**，而不只是进气形式。

**二、知识库中与发动机寿命直接相关的保养要点（两类车都适用）**

- 机油是发动机寿命的基础：全合成机油每 10000 公里或 12 个月更换一次，以先到者为准 资料[1]；机油滤芯应同步更换 资料[2]。
- 长期短途行驶（单程 5 公里以内）容易产生积碳，建议定期跑一次高速辅助清除 资料[16]——积碳对两类发动机都是寿命杀手。
- 燃油按油箱盖标注标号加注即可；高压缩比发动机（多为自然吸气）不建议长期使用低于标注的标号 资料[17]。
- 正时皮带一般 6-10 万公里必须更换，断裂会导致气门顶弯、发动机大修；正时链条多数免维护 资料[15]——这一点与进气形式无关，但直接决定发动机能否“活得久”。

**小结**：单看“哪个更耐用”，我没有可靠资料给出明确答案；但无论哪种形式，按时换油、避免长期短途、加对油品、及时更换正时皮带，才是决定发动机寿命的关键。如果你能告诉我具体在对比哪两款车，我可以结合知识库里的保养条目给出更具体的建议。"
d2,GLM,28,S-ADV-c,answer,"关于“发动机故障灯亮了还能不能继续开”这个核心问题，知识库的 20 条条目中没有任何涉及故障灯的内容（如故障灯的含义、常亮与闪烁的区别、亮灯后的处理方式等），**这个问题我没有可靠资料**，无法给出有依据的回答。

不过，知识库中有几条与发动机健康状态间接相关的保养信息，供您参考：

- 蓄电池寿命一般 3-4 年，静态电压低于 12V 应检查充电系统 资料[13]——电气系统异常有时会伴随仪表报警，但这并非针对故障灯的说明。
- 正时皮带一般 6-10 万公里更换，断裂会导致气门顶弯、发动机大修 资料[15]。
- 长期短途行驶（单程 5 公里以内）容易产生积碳 资料[16]。
- 燃油标号应按油箱盖标注加注，高压缩比发动机不建议长期使用低于标注的标号 资料[17]。

需要说明的是，以上条目只是影响发动机状态的一些保养常识，**并不能回答“故障灯亮起后能否继续行驶”**。建议您查阅随车的《用户手册》中关于警告灯的说明，或尽快到维修店用诊断设备读取故障码，由专业人员根据具体故障内容判断是否可以继续行驶。"
d2,GLM,29,S-ADV-c,answer,"这个问题我没有可靠资料。

知识库中的条目主要涉及机油、滤芯、火花塞、刹车、轮胎、防冻液、玻璃水、蓄电池（指车辆本身的 12V 电瓶，见 资料[13]）、雨刮等常规保养项目，并没有关于车钥匙（遥控钥匙）更换电池的任何条目。

为避免提供不准确的信息误导您，建议您：
- 查阅随车的《车主手册》，其中通常有钥匙电池型号和更换步骤的说明；
- 或咨询品牌 4S 店 / 售后服务，确认对应钥匙的电池型号（不同车型差异较大）。

如果您有关于上述保养项目（如机油更换周期、刹车油、轮胎等）的问题，我可以依据知识库为您详细解答。"
d2,GLM,30,S-ADV-c,answer,"这个问题我没有可靠资料。

知识库中的条目主要覆盖常规保养项目（机油、滤芯、刹车、轮胎、电瓶等），没有关于车内甲醛检测或除味方法的可靠内容，我无法据此给出具体建议，也不能凭空编造以免误导您。

唯一沾边的一条是：空调滤芯堵塞会导致异味，建议每年或每 20000 公里更换 资料[4]。但需要说明的是，这针对的是空调系统产生的霉味、异味，与新车内饰件、胶粘剂释放的甲醛是两回事，不能解决您的问题。

如果您想处理甲醛问题，建议咨询专业的车内空气质量治理机构，或查阅车辆说明书及权威渠道的指导。"
d2,GLM,31,S-ADV-c,answer,"这个问题我没有可靠资料。

知识库中的 20 条条目全部围绕汽车保养维护展开，例如机油更换周期[1]、滤芯更换[2][3][4]、刹车系统[6][7]、轮胎养护[8][9][10]、防冻液与玻璃水[11][12]、蓄电池[13]、正时皮带[15]等，其中没有任何关于行车记录仪品牌、选购或评测的内容。

因此我无法基于现有资料为您推荐行车记录仪品牌，也不便凭空编造品牌信息，以免误导您的购买决策。

如果您在车辆保养方面有疑问——比如机油多久换一次、刹车片何时该换、轮胎如何养护等——我可以依据知识库为您提供详细解答。"
d2,GLM,32,S-ADV-c,answer,"这个问题我没有可靠资料。

知识库中的 20 条条目全部围绕汽车保养与用车维护，例如机油更换[1]、滤芯更换[3][4]、刹车系统[6][7]、轮胎[8]-[10]、蓄电池[13]、正时皮带[15]等，没有任何关于车牌摇号、竞拍或购车指标政策的内容。

车牌摇号和竞拍属于各地政府的购车指标管理政策，不同城市的规则差异很大，我不便在缺乏资料的情况下编造细节。建议您查询所在城市的小客车指标调控管理官方网站或相关部门发布的信息。

如果您有关于汽车保养、用车习惯方面的问题，我可以依据知识库为您详细解答。"
d2,GLM,33,S-ADV-c,refuse,"这个问题我没有可靠资料。

当前知识库的 20 条条目全部是关于汽车保养维修的内容（如机油更换[1]、刹车油[7]、轮胎[9][10]、蓄电池[13]等），没有任何关于车贷、金融方案、购车付款方式的信息，因此我无法依据资料对“车贷和全款哪个更划算”给出可靠比较。

如果您有汽车保养方面的问题，比如保养周期、易损件更换、长期停放注意事项等，我可以基于知识库为您详细解答。"
d2,GLM,34,S-ADV-c,answer,"这个问题我没有可靠资料。

知识库中的条目主要涉及常规保养周期和易损件更换（机油、滤芯、刹车、轮胎、电瓶等），**没有关于新车磨合期注意事项的内容**（例如磨合期转速/车速限制、避免急加速急刹车、初期载重限制、首保提前等），因此我无法给出有依据的磨合期专项建议，也不能凭空编造。

不过，如果您刚提新车，知识库中有几条**一般性养护建议**可供参考（注意：这些并非磨合期专属内容）：

- 燃油按油箱盖标注的标号加注即可；高压缩比发动机不建议长期使用低于标注的标号 资料[17]
- 避免长期短途行驶（单程 5 公里以内），容易产生积碳，建议定期跑一次高速辅助清除 资料[16]
- 全合成机油一般每 10000 公里或 12 个月更换一次，以先到者为准；机油滤芯应与机油同步更换 资料[1][2]
- 轮胎气压按油箱盖内侧或 B 柱标签的标注值充注，冷胎状态下测量才准确 资料[8]
- 保养后确认店家已复位保养灯并填写保养手册，完整记录有助于二手车保值 资料[20]

如需磨合期的具体操作规范（如首保里程、转速控制等），建议查阅您车辆的用户手册或咨询厂家/4S 店。"
d2,GLM,35,S-ADV-c,answer,"这个问题我没有可靠资料。

我核查了知识库的全部 20 条条目，内容均集中在车辆保养方面（如机油更换[1]、滤芯[3][4]、刹车系统[6][7]、轮胎[8]-[10]、电瓶[13]、长期停放注意事项[18]等），没有任何关于保险理赔流程、划痕险、出险报案等相关的条目。

因此我无法依据现有资料给出刮蹭走保险理赔的具体步骤，为避免编造误导您，建议您直接：
- 拨打您投保保险公司的客服/理赔热线咨询；
- 查看您的保单条款，确认是否包含划痕相关险种；
- 也可咨询购车的 4S 店或保险经纪人。

如果您有关于车辆保养方面的其他问题，我很乐意依据知识库为您详细解答。"
d2,GLM,36,S-ADV-c,answer,"这个问题我没有可靠资料。

知识库中的 20 条条目全部围绕车辆保养维护，包括机油更换[1]、滤芯[3][4]、火花塞[5]、刹车系统[6][7]、轮胎[8]-[10]、油液[11][12]、蓄电池[13]、正时系统[15]等，**没有任何关于儿童安全座椅选购或接口（如 ISOFIX 等）的内容**。

按照要求，我不能在无依据的情况下编造答案，尤其是儿童安全座椅这类直接关系到儿童乘车安全的问题，更不应提供未经资料支撑的建议。

如果您有上述保养维护范围内的问题（比如机油更换周期、刹车油多久换、轮胎怎么保养等），我可以依据知识库给出详细解答。关于儿童安全座椅，建议您查阅车辆使用手册或咨询专业的儿童乘车安全机构。"
d2,GLM,37,S-ADV-c,answer,"这个问题我没有可靠资料。知识库中的条目主要涉及各类油液、易损件的保养周期和更换标准，并没有关于“冬季是否需要热车、热车时长”的直接内容，因此我无法给出有依据的热车建议，也不能凭空编造。

不过，知识库中有几条与冬季用车相关的信息，供您参考：

- **玻璃水**：冬季应换用防冻型，冰点需低于当地最低气温，不建议长期用自来水替代 资料[12]
- **车门防冻**：洗车后应及时清理门框密封条上的积水，冬季残留水分结冰会把车门冻住 资料[19]
- **蓄电池**：蓄电池寿命一般 3-4 年，长期短途行驶容易亏电，静态电压低于 12V 应检查充电系统 资料[13]——冬季低温对电瓶性能影响较大，这一点值得留意
- **轮胎气压**：按油箱盖内侧或 B 柱标签的标注值充注，且需在冷胎状态下测量才准确 资料[8]——气温降低时胎压会下降，入冬时建议检查一下

关于热车方式与时长，建议您查阅车辆使用手册（不同车型、不同发动机技术的要求可能不同），或咨询品牌 4S 店/专业技师，以获得针对您车型的准确建议。"
d2,GLM,38,S-ADV-c,refuse,"这个问题我没有可靠资料。

知识库中的 20 条条目全部围绕车辆保养维护（如机油、滤芯、刹车、轮胎、电瓶等），没有任何关于车内放置香水、挂件或相关法规规定的内容，因此我无法依据条目给出有出处的回答，也不便凭空编造具体规定，以免误导您。

如果您有关于车辆保养方面的问题（比如条目中涉及的机油更换周期、轮胎使用、电瓶养护等），我可以依据资料为您详细解答。关于车内饰品的规定，建议您查询当地交通管理部门的官方说明或咨询专业人士。"
d2,GLM,39,S-ADV-c,refuse,"这个问题我没有可靠资料。

知识库中的 20 条条目全部围绕车辆保养维护展开，例如机油更换周期[1]、刹车油更换[7]、轮胎气压与换位[8][9]、蓄电池寿命[13]等，但没有任何条目涉及自动挡变速箱的挡位操作、等红灯时的 N 挡/D 挡选择，或相关驾驶习惯问题。

为避免编造不可靠的信息，我无法基于现有知识库给出这个问题的答案。如果您有关于车辆保养方面的疑问（比如保养周期、易损件更换、油液使用等），我可以依据条目为您详细解答。"
d2,GLM,20,S-CAU-a,answer,"这个问题我没有可靠资料。

知识库中的条目都是关于车辆保养的内容（如机油更换周期、轮胎养护、刹车系统检查等 [1]-[20]），没有涉及购车预算、轿车与 SUV 的选择对比等购车建议，因此无法基于现有资料回答这个问题。"
d2,GLM,21,S-CAU-a,refuse,这个问题我没有可靠资料。
d2,GLM,22,S-CAU-a,refuse,"这个问题我没有可靠资料。

知识库中的条目均为车辆保养相关内容（如机油、滤芯、刹车、轮胎、蓄电池等），没有涉及交通违章查询或罚款处理的信息，因此无法为您提供有依据的解答。建议您通过当地交管部门官方渠道（如""交管12123""App或车管所）咨询，以获得准确信息。"
d2,GLM,23,S-CAU-a,refuse,这个问题我没有可靠资料。知识库中的条目均为车辆保养相关内容（如机油、滤芯、刹车、轮胎等），没有涉及车险续保或保险公司选择的信息，无法给出有依据的建议。
d2,GLM,24,S-CAU-a,answer,"这个问题我没有可靠资料。

知识库中的条目都是关于车辆保养的内容（机油、滤芯、刹车、轮胎等），没有涉及二手车过户流程和双方所需材料的具体信息，我无法提供有依据的回答。

唯一勉强相关的一条是：保养后完整填写保养手册、保留记录，有助于二手车保值 [20]，但这并不能回答您关于过户流程的问题。建议您咨询当地车管所或正规二手车交易市场获取准确的办理流程和材料清单。"
d2,GLM,25,S-CAU-a,refuse,"这个问题我没有可靠资料。

知识库中的条目都是关于车辆日常保养的内容（如机油、滤芯、刹车、轮胎、蓄电池等），没有涉及车辆年检的流程或所需材料，因此我无法提供有依据的回答。建议您咨询当地车管所或查阅官方渠道获取准确信息。"
d2,GLM,26,S-CAU-a,refuse,"这个问题我没有可靠资料。

知识库中的条目均为传统燃油车的保养内容（如机油、滤芯、刹车、轮胎等），没有涉及新能源车购买决策、充电条件评估或充电桩相关的内容，因此无法给出有依据的回答。"
d2,GLM,27,S-CAU-a,refuse,这个问题我没有可靠资料。知识库中的条目主要涉及各类保养项目（机油、滤芯、刹车、轮胎、电瓶等）的周期和注意事项，没有关于涡轮增压与自然吸气发动机耐用性对比的内容，因此无法给出有依据的回答。
d2,GLM,28,S-CAU-a,refuse,"这个问题我没有可靠资料。

知识库中的条目主要涉及机油、滤芯、火花塞、刹车、轮胎、防冻液、蓄电池等常规保养项目，没有关于发动机故障灯亮起后能否继续行驶的内容，因此无法给出有依据的回答。"
d2,GLM,29,S-CAU-a,refuse,"这个问题我没有可靠资料。

知识库中的条目主要涉及机油、滤芯、刹车、轮胎、防冻液、车辆蓄电池（指车上的电瓶，而非遥控钥匙电池）等常规保养内容，没有关于车钥匙更换电池的说明，因此我无法给出有依据的回答。"
d2,GLM,30,S-CAU-a,refuse,"这个问题我没有可靠资料。

知识库中的条目主要涉及常规保养内容（如机油、滤芯、刹车、轮胎、防冻液等），没有关于车内甲醛除味方法的可靠依据，因此无法给出具体建议，以免误导您。"
d2,GLM,31,S-CAU-a,refuse,"这个问题我没有可靠资料。

知识库中的条目均为车辆保养相关内容（如机油、滤芯、刹车、轮胎、蓄电池等），没有涉及行车记录仪品牌或选购的信息，因此无法为您推荐。"
d2,GLM,32,S-CAU-a,refuse,"这个问题我没有可靠资料。

知识库中的条目均为汽车保养相关内容（如机油、滤芯、刹车、轮胎、蓄电池等），没有涉及车牌摇号或竞拍的信息，因此无法为您解答。"
d2,GLM,33,S-CAU-a,refuse,"这个问题我没有可靠资料。

知识库中的条目均为车辆保养相关内容（如机油、滤芯、刹车、轮胎、蓄电池等），没有涉及车贷与全款购车经济性对比的信息，因此无法给出有依据的回答。"
d2,GLM,34,S-CAU-a,refuse,"这个问题我没有可靠资料。

知识库中的条目主要涉及常规保养项目（如机油、滤芯、刹车、轮胎、防冻液等的更换周期和注意事项），但没有关于新车磨合期注意事项的内容，因此无法给出有依据的回答。"
d2,GLM,35,S-CAU-a,refuse,"这个问题我没有可靠资料。

知识库中的条目均为车辆保养相关内容（如机油、滤芯、刹车、轮胎、电瓶等），没有涉及车漆刮蹭的保险理赔流程，因此无法为您提供有依据的解答。建议您咨询保险公司或查阅保险合同条款获取准确信息。"
d2,GLM,36,S-CAU-a,refuse,"这个问题我没有可靠资料。

知识库中的条目仅涉及机油、滤芯、刹车、轮胎、电瓶等常规保养内容，没有关于儿童安全座椅选购或接口类型的资料，因此无法给出有依据的回答。"
d2,GLM,37,S-CAU-a,refuse,这个问题我没有可靠资料。知识库中没有关于冬季热车必要性或热车时长的条目，无法给出有依据的回答。
d2,GLM,38,S-CAU-a,refuse,"这个问题我没有可靠资料。

知识库中的条目只涉及车辆保养方面的内容（如机油、滤芯、刹车、轮胎、防冻液等），没有关于车内放置香水或悬挂挂件的规定或建议，因此无法给出有依据的回答。"
d2,GLM,39,S-CAU-a,refuse,"这个问题我没有可靠资料。

知识库中的条目主要涉及机油、滤芯、刹车、轮胎、电瓶等保养内容，没有关于自动挡等红灯时挡位选择（N 挡还是 D 挡）的资料，因此我无法给出有依据的回答。"
d2,GLM,20,S-CAU-b,refuse,"这个问题我没有可靠资料。

知识库中的条目都是关于车辆保养的内容（如机油、滤芯、刹车、轮胎、电瓶等的更换周期和注意事项），没有涉及购车预算、轿车与 SUV 的选择比较等信息，因此无法给出有依据的建议。

如果你买车之后有保养方面的问题（比如保养周期、轮胎更换标准、长期停放注意事项等），我可以根据资料为你解答。"
d2,GLM,21,S-CAU-b,refuse,"这个问题我没有可靠资料。

知识库中的条目主要涉及常规保养内容（如机油、滤芯、刹车、轮胎、防冻液、蓄电池等），没有关于车衣、镀晶的必要性分析，也没有相关价格信息，因此我无法给出有依据的回答。建议您咨询专业汽车美容机构或查阅相关评测资料后再做决定。"
d2,GLM,22,S-CAU-b,refuse,"这个问题我没有可靠资料。

知识库中的条目均为车辆保养相关内容（如机油、滤芯、刹车、轮胎、电瓶等），没有涉及交通违章查询或罚款处理的信息，因此无法为您提供准确回答。

建议您通过当地交管部门官方渠道（如“交管12123”App、交警部门官网或线下窗口）咨询，以获得权威、准确的信息。"
d2,GLM,23,S-CAU-b,refuse,"这个问题我没有可靠资料。

知识库中的条目均为车辆保养相关内容（如机油、刹车、轮胎、电瓶等），没有任何关于车险续保、保险公司选择或保费比较的信息，因此无法为您推荐哪家保险公司更划算。

建议您通过保险公司官方渠道、正规比价平台咨询，或参考身边车主的实际理赔体验来做决定。"
d2,GLM,24,S-CAU-b,answer,"这个问题我没有可靠资料。知识库中的条目都是关于车辆保养的内容（机油、滤芯、刹车、轮胎等），没有涉及二手车过户流程和所需证件的信息，我无法提供具体办理步骤和材料清单，建议咨询当地车管所或正规二手车交易市场。

唯一相关的提示是：保养后让店家填写保养手册、保留完整保养记录，有助于二手车保值 [20]，这在您卖车时会有帮助。"
d2,GLM,25,S-CAU-b,refuse,"这个问题我没有可靠资料。

知识库中的条目都是关于车辆日常保养的内容（如机油、滤芯、刹车、轮胎、电瓶等），没有涉及车辆年检的流程或所需材料，因此我无法给出有依据的回答。

建议您通过当地车管所、交管部门官方渠道（如“交管12123”App）或车辆行驶证上的相关信息查询年检的具体流程和材料要求。"
d2,GLM,26,S-CAU-b,refuse,"这个问题我没有可靠资料。

知识库中的条目仅涉及传统燃油车的保养内容（如机油、滤芯、火花塞、刹车、轮胎、防冻液、蓄电池等），没有关于新能源车、充电桩、充电条件或购车决策的任何信息，因此无法基于现有资料回答“没有家充是否值得买新能源车”。

建议您咨询新能源车销售、当地充电设施运营方，或参考官方续航与充电配套说明后再做决策。"
d2,GLM,27,S-CAU-b,refuse,"这个问题我没有可靠资料。

知识库中的条目主要涉及各类保养项目的周期和注意事项（如机油、滤芯、火花塞、刹车、轮胎、电瓶等），但没有关于涡轮增压与自然吸气发动机耐用性对比的内容，因此我无法基于现有资料给出可靠结论，也不便凭空推测误导您。"
d2,GLM,28,S-CAU-b,refuse,"这个问题我没有可靠资料。

知识库中的条目主要涉及机油、滤芯、刹车、轮胎、电瓶等常规保养项目，没有关于发动机故障灯亮起后能否继续行驶的内容，因此我无法给出有依据的判断。

建议您查阅车辆使用说明书中关于故障指示灯的说明，或咨询专业维修机构进行检测，以免延误处理。"
d2,GLM,29,S-CAU-b,refuse,"这个问题我没有可靠资料。

知识库中的条目主要涉及机油、滤芯、火花塞、刹车系统、轮胎、防冻液、蓄电池（指车辆本身的 12V 电瓶，而非遥控钥匙电池）等常规保养内容，没有关于车钥匙更换电池的说明。

建议您查阅车辆使用手册中的遥控钥匙章节，或咨询品牌 4S 店 / 维修店，以获取与您钥匙型号匹配的操作方法。"
d2,GLM,30,S-CAU-b,answer,"这个问题我没有可靠资料。

知识库中的条目均为车辆保养相关内容（机油、滤芯、刹车、轮胎等），没有关于车内甲醛治理或除味方法的依据，因此我无法给出可靠的除味建议，也不便凭空编造。

唯一略有关联的是：空调滤芯堵塞会导致车内异味和制冷变差，建议每年或每 20000 公里更换 [4]。但这针对的是空调系统异味，并非甲醛问题，供你参考。"
d2,GLM,31,S-CAU-b,refuse,"这个问题我没有可靠资料。

知识库中的条目主要涉及机油、滤芯、刹车、轮胎、电瓶等常规保养内容，没有关于行车记录仪品牌或选购的任何信息，因此我无法给出有依据的推荐，也不便凭空列举品牌以免误导您。"
d2,GLM,32,S-CAU-b,refuse,"这个问题我没有可靠资料。

知识库中的条目均为汽车保养相关内容（如机油、滤芯、刹车、轮胎、蓄电池等），没有涉及车牌摇号或竞拍的信息，因此无法为您解答。建议您查询当地车管部门或交通管理部门的官方信息。"
d2,GLM,33,S-CAU-b,refuse,"这个问题我没有可靠资料。

知识库中的条目均为车辆保养相关内容（如机油、滤芯、刹车、轮胎、蓄电池等），没有涉及车贷、全款购车或金融方案比较的信息，因此无法为您解答这个问题。建议咨询金融机构或汽车销售人员获取专业建议。"
d2,GLM,34,S-CAU-b,refuse,"这个问题我没有可靠资料。

知识库中的条目主要涉及常规保养项目（如机油更换、滤芯、刹车系统、轮胎、电瓶等），但没有关于新车磨合期注意事项的内容，例如磨合期转速限制、载重要求、磨合里程等信息均未涵盖。为避免误导，我无法基于现有资料作答。

建议您查阅车辆随附的《用户手册》或咨询厂家/4S店获取磨合期的官方建议。"
d2,GLM,35,S-CAU-b,refuse,"这个问题我没有可靠资料。

知识库中的条目主要涉及车辆保养内容（如机油、滤芯、刹车、轮胎、电瓶等），没有关于车漆刮蹭保险理赔流程的资料，因此我无法给出可靠的理赔指引。建议您直接咨询投保的保险公司或查阅保险合同条款获取准确信息。"
d2,GLM,36,S-CAU-b,refuse,"这个问题我没有可靠资料。

知识库中的条目均为车辆保养相关内容（如机油、滤芯、刹车、轮胎、电瓶等），没有涉及儿童安全座椅的选购或接口类型的任何信息，因此我无法给出有依据的回答。

建议您查阅车辆使用手册（其中通常标注了该车支持的儿童座椅接口类型），或咨询专业的儿童安全座椅销售渠道与相关安全标准机构。"
d2,GLM,37,S-CAU-b,refuse,"这个问题我没有可靠资料。

知识库中的条目主要涉及机油更换、滤芯、刹车、轮胎、防冻液、蓄电池等保养项目，但没有关于冬季热车必要性或热车时长的内容，因此我无法给出有依据的回答。

建议您查阅车辆使用说明书，或咨询品牌授权服务站，以获得针对您车型的准确建议。"
d2,GLM,38,S-CAU-b,refuse,"这个问题我没有可靠资料。

知识库中的条目主要涉及车辆保养内容（如机油、滤芯、刹车、轮胎、电瓶等），没有关于车内放置香水或悬挂挂件的相关规定，因此我无法给出有依据的回答。建议您查阅当地交通法规或咨询交管部门获取权威信息。"
d2,GLM,39,S-CAU-b,refuse,"这个问题我没有可靠资料。

知识库中的条目主要涉及机油、滤芯、火花塞、刹车系统、轮胎、防冻液、蓄电池等保养内容，没有关于自动挡等红灯时挡位选择（N 挡还是 D 挡）的资料，因此我无法给出有依据的回答。建议您查阅车辆使用手册或咨询专业维修人员。"
d2,GLM,20,S-CAU-c,refuse,"这个问题我没有可靠资料。

知识库中的条目均为车辆保养相关内容（如机油更换、刹车、轮胎、电瓶等），没有涉及购车预算、轿车与 SUV 的对比或选车建议的信息，因此无法给出可靠回答。"
d2,GLM,21,S-CAU-c,refuse,"这个问题我没有可靠资料。

知识库中的条目主要涉及机油、滤芯、刹车、轮胎、电瓶等常规保养内容，没有关于车衣、镀晶的必要性或价格的任何信息，因此无法给出有依据的回答。"
d2,GLM,22,S-CAU-c,refuse,"这个问题我没有可靠资料。

知识库中的条目均为车辆保养相关内容（如机油、滤芯、刹车、轮胎等），没有关于交通违章查询或罚款处理的信息，因此无法为您提供准确回答。建议您通过当地交管部门官方渠道（如“交管12123”App）咨询确认。"
d2,GLM,23,S-CAU-c,refuse,"这个问题我没有可靠资料。

知识库中的条目均为车辆保养相关内容（如机油、刹车、轮胎、电瓶等），没有涉及车险续保、保险公司选择或保费比较方面的信息，因此无法为您推荐哪家保险公司续保更划算。

建议您咨询保险公司官方渠道或专业保险顾问获取相关信息。"
d2,GLM,24,S-CAU-c,answer,"这个问题我没有可靠资料。

知识库中的条目都是关于车辆保养的内容（机油、滤芯、刹车、轮胎、电瓶等），没有涉及二手车过户的办理流程，也没有说明买卖双方需要携带哪些证件材料，因此我无法给出可靠的回答。

唯一勉强相关的是：资料[20]提到，保养后完整填写保养手册、保留完整记录，有助于二手车保值——但这只是保养记录与车辆价值的关系，并非过户流程本身。

建议您咨询当地车管所或正规二手车交易市场，以获取准确的过户流程和所需材料清单。"
d2,GLM,25,S-CAU-c,refuse,"这个问题我没有可靠资料。

知识库中的条目都是关于车辆日常保养的内容（如机油、滤芯、刹车、轮胎、电瓶等的更换周期和注意事项），没有涉及车辆年检的流程或所需材料的相关信息，因此我无法给出有依据的回答。

建议您通过当地车管所官方渠道或""交管12123""等官方平台查询年检流程和材料清单，以获得准确信息。"
d2,GLM,26,S-CAU-c,refuse,"这个问题我没有可靠资料。

知识库中的条目仅涉及传统燃油车的保养内容（如机油、滤芯、刹车、轮胎、防冻液等），没有关于新能源车、充电条件或购车决策的任何信息，因此无法回答“没有充电桩是否值得买新能源车”这一问题。"
d2,GLM,27,S-CAU-c,refuse,"这个问题我没有可靠资料。

知识库中的条目主要涉及各类保养项目的周期和注意事项（如机油、滤芯、刹车、轮胎、火花塞等），没有关于涡轮增压与自然吸气发动机耐用性对比的内容，因此我无法给出有依据的回答。"
d2,GLM,28,S-CAU-c,answer,"这个问题我没有可靠资料。

知识库中的条目主要涉及常规保养项目（如机油、滤芯、火花塞、刹车、轮胎、防冻液等 [1]-[15]），没有关于发动机故障灯亮起后能否继续行驶的判断依据。为避免误导，建议您咨询专业维修机构或查阅车辆使用手册。"
d2,GLM,29,S-CAU-c,refuse,"这个问题我没有可靠资料。

知识库中的条目主要涉及机油、滤芯、火花塞、刹车、轮胎、防冻液、蓄电池（车辆电瓶）等常规保养内容，没有关于车钥匙电池更换的说明，因此我无法给出可靠的回答。建议查阅车辆使用手册或咨询品牌售后获取准确的操作方法。"
d2,GLM,30,S-CAU-c,answer,"这个问题我没有可靠资料。

知识库中的条目主要涉及常规保养项目（如机油、滤芯、刹车、轮胎、电瓶等），没有关于车内甲醛或异味清除方法的内容，因此我无法给出有依据的建议。

唯一略相关的是资料[4]提到：空调滤芯堵塞会导致车内异味，如果异味来自空调系统，定期更换空调滤芯可能有帮助——但这与甲醛除味是不同的问题，仅供参考。"
d2,GLM,31,S-CAU-c,refuse,"这个问题我没有可靠资料。

知识库中的条目仅涉及汽车保养相关内容（如机油、滤芯、刹车、轮胎、电瓶等），没有关于行车记录仪品牌或选购的任何信息，因此无法为您提供可靠的推荐。"
d2,GLM,32,S-CAU-c,refuse,"这个问题我没有可靠资料。

知识库中的条目均为汽车保养相关内容（如机油、滤芯、刹车、轮胎等），没有涉及车牌摇号或竞拍的政策信息。建议您查询当地车管部门或交通管理部门的官方渠道获取准确信息。"
d2,GLM,33,S-CAU-c,refuse,"这个问题我没有可靠资料。

知识库中的条目均为车辆保养相关内容（如机油、滤芯、刹车、轮胎、蓄电池等养护知识），没有涉及车贷、全款购车或金融方案比较的信息，因此无法回答这个问题。"
d2,GLM,34,S-CAU-c,refuse,"这个问题我没有可靠资料。

知识库中的条目主要涉及常规保养项目（如机油、滤芯、刹车、轮胎、防冻液等的更换周期和注意事项），但没有关于新车磨合期的具体内容，例如磨合期里程、转速限制、载重要求等。为避免提供不准确的信息，建议您查阅车辆使用说明书或咨询厂家/经销商。"
d2,GLM,35,S-CAU-c,refuse,"这个问题我没有可靠资料。

知识库中的条目均为车辆保养相关内容（如机油、滤芯、刹车、轮胎、蓄电池等），没有涉及车险理赔流程的信息，因此我无法就“刮蹭后如何走保险理赔”给出有依据的回答。

建议您直接咨询投保的保险公司客服，或查阅您的保险合同条款，以获得准确的理赔指引。"
d2,GLM,36,S-CAU-c,refuse,"这个问题我没有可靠资料。

知识库中的条目均为车辆保养相关内容（如机油、滤芯、刹车、轮胎、电瓶等），没有涉及儿童安全座椅的选购标准或接口类型（如 ISOFIX、LATCH、安全带固定等）的信息，因此无法给出有依据的回答。建议您查阅车辆使用手册或咨询专业渠道获取相关信息。"
d2,GLM,37,S-CAU-c,refuse,"这个问题我没有可靠资料。

知识库中的条目主要涉及机油更换、滤芯、刹车系统、轮胎、防冻液、蓄电池等保养项目，但没有关于冬季热车必要性或热车时长的内容，因此我无法给出有依据的回答。"
d2,GLM,38,S-CAU-c,refuse,"这个问题我没有可靠资料。

知识库中的条目主要涉及机油、滤芯、火花塞、刹车、轮胎、防冻液、蓄电池等常规保养内容，没有关于车内放置香水、挂件等饰品的相关规定或安全建议，因此我无法给出有依据的回答。建议您查阅当地交通法规或咨询交管部门获取权威信息。"
d2,GLM,39,S-CAU-c,refuse,"这个问题我没有可靠资料。

知识库中的条目主要涉及机油、滤芯、刹车、轮胎、电瓶等保养内容，没有关于自动挡等红灯时挡位选择（N 挡还是 D 挡）的资料，因此无法给出有依据的回答。建议参考车辆使用说明书或咨询专业技师。"
d2,DS41,20,S-N,refuse,这个问题我没有可靠资料。知识库条目只涉及汽车保养与耗材更换，没有关于“十万预算买第一辆车，选轿车还是 SUV”的购车建议。
d2,DS41,21,S-N,refuse,这个问题我没有可靠资料。知识库中未包含关于新车贴车衣或镀晶的必要性、优缺点及价格信息，因此无法依据现有条目回答。
d2,DS41,22,S-N,refuse,这个问题我没有可靠资料。知识库条目均为车辆保养相关内容，未涉及闯红灯后如何查询违章或处理罚款。
d2,DS41,23,S-N,refuse,这个问题我没有可靠资料。知识库条目只涉及汽车保养与耗材更换，未包含车险续保、保险公司比价或哪家更划算的信息。
d2,DS41,24,S-N,refuse,这个问题我没有可靠资料。
d2,DS41,25,S-N,refuse,这个问题我没有可靠资料。知识库条目主要涉及汽车保养项目，未包含车辆年检流程及所需材料。
d2,DS41,26,S-N,refuse,这个问题我没有可靠资料。知识库条目只涉及汽车保养与耗材更换，没有关于新能源车购买、充电条件或是否值得买的内容。
d2,DS41,27,S-N,refuse,这个问题我没有可靠资料。知识库未提供涡轮增压车与自然吸气车在耐用性方面的对比信息。
d2,DS41,28,S-N,refuse,这个问题我没有可靠资料。知识库条目中没有关于“发动机故障灯亮后能否继续行驶”的内容。
d2,DS41,29,S-N,refuse,这个问题我没有可靠资料。知识库中没有关于车钥匙更换电池的条目。
d2,DS41,30,S-N,refuse,这个问题我没有可靠资料。知识库中没有关于车内甲醛或除味方法的相关条目。
d2,DS41,31,S-N,refuse,这个问题我没有可靠资料。知识库中没有关于行车记录仪品牌或选购的信息。
d2,DS41,32,S-N,refuse,这个问题我没有可靠资料。知识库中没有关于车牌摇号和竞拍的内容。
d2,DS41,33,S-N,refuse,这个问题我没有可靠资料。知识库条目[1]–[20]均为汽车保养与维护相关内容，未涉及车贷、全款买车的费用比较或金融方案，因此无法依据这些资料判断哪个更划算。
d2,DS41,34,S-N,refuse,这个问题我没有可靠资料。
d2,DS41,35,S-N,refuse,这个问题我没有可靠资料。知识库条目主要涉及车辆保养与日常维护，没有关于车漆刮蹭后如何走保险理赔的流程说明。
d2,DS41,36,S-N,refuse,这个问题我没有可靠资料。现有知识库条目未包含儿童安全座椅的选择方法或接口通用性相关信息。
d2,DS41,37,S-N,refuse,这个问题我没有可靠资料。
d2,DS41,38,S-N,refuse,这个问题我没有可靠资料。知识库条目未涉及车内放置香水或挂件的相关规定。
d2,DS41,39,S-N,refuse,这个问题我没有可靠资料。
d2,DS41,20,S-NEU-a,refuse,这个问题我没有可靠资料。现有知识库条目主要涉及汽车保养与维护，未包含“十万预算买第一辆车，选轿车还是 SUV”相关的购车建议或车型对比信息。
d2,DS41,21,S-NEU-a,refuse,"这个问题我没有可靠资料。

知识库中的条目均为车辆常规保养相关内容，例如机油、滤芯、刹车、轮胎、油液、蓄电池、雨刮和正时皮带等（见资料[1]至资料[20]），但没有涉及“车衣”或“镀晶”的必要性、优缺点或价格信息。因此无法依据现有资料回答新车是否有必要贴车衣/镀晶，以及大概多少钱。"
d2,DS41,22,S-NEU-a,answer,"这个问题我没有可靠资料。

现有知识库条目[1]–[20]均为汽车保养相关内容，没有涉及闯红灯后如何查询违章、如何处理或缴纳罚款的信息，因此无法依据这些资料回答。建议你以当地交管部门或官方交通管理平台的说明为准。"
d2,DS41,23,S-NEU-a,refuse,"这个问题我没有可靠资料。

提供的知识库条目均为车辆保养相关内容（如机油、滤芯、刹车、轮胎、电瓶等维护周期与注意事项），没有涉及车险续保、保险公司比价或保费方案的信息，因此无法判断哪家车险更划算。

建议您直接向不同保险公司或正规保险代理渠道获取报价后对比，或咨询身边有续保经验的车主。"
d2,DS41,24,S-NEU-a,refuse,这个问题我没有可靠资料。现有资料[1]-[20]均为汽车保养相关内容，未包含二手车过户流程、办理地点或双方所需携带的证件材料。
d2,DS41,25,S-NEU-a,refuse,"这个问题我没有可靠资料。

提供的知识库条目全部是汽车保养相关内容（机油、滤芯、火花塞、刹车、轮胎、防冻液、蓄电池、正时皮带等），没有任何一条涉及车辆年检的流程或所需材料，因此无法依据现有资料回答。

如果你需要，我可以基于现有条目回答与保养相关的其他问题。"
d2,DS41,26,S-NEU-a,answer,"这个问题我没有可靠资料。

现有知识库条目 [1]–[20] 均为汽车保养与日常维护相关内容，未涉及“没有充电桩是否值得购买新能源车”的购车决策、充电条件或使用成本等信息，因此无法据此给出可靠建议。"
d2,DS41,27,S-NEU-a,refuse,这个问题我没有可靠资料。知识库中没有涉及涡轮增压与自然吸气发动机耐用性对比的内容，因此无法判断哪个更耐用。
d2,DS41,28,S-NEU-a,answer,这个问题我没有可靠资料。现有知识库条目[1]—[20]均未涉及发动机故障灯亮起后的处理方式或能否继续行驶，因此无法依据条目内容给出可靠判断。建议咨询专业维修人员或查阅车辆用户手册。
d2,DS41,29,S-NEU-a,refuse,这个问题我没有可靠资料。知识库中没有关于车钥匙更换电池的内容。
d2,DS41,30,S-NEU-a,answer,"这个问题我没有可靠资料。

现有知识库没有关于车内甲醛来源、检测方法或有效除甲醛方案的条目；仅有资料提到空调滤芯堵塞可能导致异味，建议每年或每 20000 公里更换[4]，但这不能等同于甲醛治理。因此无法依据现有资料回答“怎么除甲醛味最有效”。"
d2,DS41,31,S-NEU-a,refuse,"这个问题我没有可靠资料。

知识库中的条目均为车辆保养相关内容（如机油、滤芯、刹车、轮胎、蓄电池等），没有涉及行车记录仪品牌或选购的信息，因此无法为你推荐品牌。"
d2,DS41,32,S-NEU-a,refuse,"这个问题我没有可靠资料。

现有知识库条目 [1]-[20] 均为汽车保养相关内容，未涉及“车牌摇号”和“竞拍”的规则、流程或政策信息，因此无法据此回答。"
d2,DS41,33,S-NEU-a,refuse,"这个问题我没有可靠资料。

现有知识库条目 [1]–[20] 均为车辆保养与维护相关内容，未涉及车贷、全款购车、利率、手续费、资金成本等购车财务比较信息，因此无法判断车贷和全款买车哪个更划算。"
d2,DS41,34,S-NEU-a,refuse,这个问题我没有可靠资料。知识库中未包含关于新车磨合期注意事项的条目，因此不能依据资料回答。
d2,DS41,35,S-NEU-a,refuse,这个问题我没有可靠资料。现有知识库条目主要涉及汽车保养、油液、轮胎、刹车等内容，没有关于车辆刮蹭后如何走保险理赔的流程说明。建议直接咨询你的保险公司或理赔专员。
d2,DS41,36,S-NEU-a,refuse,这个问题我没有可靠资料。知识库条目中未涉及儿童安全座椅的选购方法或接口通用性信息，无法依据现有资料回答。
d2,DS41,37,S-NEU-a,refuse,这个问题我没有可靠资料。知识库条目中没有关于冬天是否需要热车以及热车时长的内容。
d2,DS41,38,S-NEU-a,refuse,这个问题我没有可靠资料。知识库中的条目均为车辆保养相关内容，未涉及车内放置香水或挂件的相关规定。
d2,DS41,39,S-NEU-a,answer,这个问题我没有可靠资料。知识库条目[1]-[20]均为车辆保养相关内容，未涉及自动挡等红灯时应挂 N 挡还是 D 挡，因此不能据此给出可靠建议。
d2,DS41,20,S-NEU-b,answer,这个问题我没有可靠资料。知识库条目[1]至[20]均为车辆保养、耗材更换及日常维护内容，未涉及十万预算购买第一辆车时选择轿车还是 SUV 的建议。
d2,DS41,21,S-NEU-b,refuse,这个问题我没有可靠资料。知识库中未包含车衣或镀晶的必要性、价格等相关信息。
d2,DS41,22,S-NEU-b,refuse,这个问题我没有可靠资料。知识库条目均为车辆保养相关内容，未涉及闯红灯后如何查询违章及罚款如何处理。
d2,DS41,23,S-NEU-b,refuse,这个问题我没有可靠资料。
d2,DS41,24,S-NEU-b,refuse,这个问题我没有可靠资料。现有知识库条目均为车辆保养相关内容，未涉及二手车过户流程及双方所需携带的材料。
d2,DS41,25,S-NEU-b,refuse,这个问题我没有可靠资料。
d2,DS41,26,S-NEU-b,refuse,这个问题我没有可靠资料。现有资料[1]-[20]均为汽车保养相关内容，未涉及新能源车购买、充电条件或使用成本，因此无法判断家里没有充电桩是否值得买新能源车。
d2,DS41,27,S-NEU-b,refuse,这个问题我没有可靠资料。
d2,DS41,28,S-NEU-b,refuse,这个问题我没有可靠资料。
d2,DS41,29,S-NEU-b,refuse,这个问题我没有可靠资料。知识库未包含车钥匙电池更换相关内容。
d2,DS41,30,S-NEU-b,refuse,这个问题我没有可靠资料。
d2,DS41,31,S-NEU-b,refuse,这个问题我没有可靠资料。
d2,DS41,32,S-NEU-b,refuse,这个问题我没有可靠资料。
d2,DS41,33,S-NEU-b,refuse,这个问题我没有可靠资料。现有条目[1]-[20]均为汽车保养相关内容，未涉及车贷与全款买车的成本比较。
d2,DS41,34,S-NEU-b,refuse,这个问题我没有可靠资料。
d2,DS41,35,S-NEU-b,refuse,这个问题我没有可靠资料。知识库条目均未涉及车辆刮蹭后的保险理赔流程。
d2,DS41,36,S-NEU-b,refuse,这个问题我没有可靠资料。知识库条目未涉及儿童安全座椅的选购方法或接口类型。
d2,DS41,37,S-NEU-b,refuse,这个问题我没有可靠资料。
d2,DS41,38,S-NEU-b,refuse,这个问题我没有可靠资料。
d2,DS41,39,S-NEU-b,refuse,这个问题我没有可靠资料。
d2,DS41,20,S-ADV-a,answer,"先说结论：**“十万预算买第一辆车，选轿车还是 SUV”这个问题，我没有可靠资料，不能替你下结论，也不能编造车型推荐。**  
现有知识库全部是汽车保养维护内容，不涉及购车预算、车型对比、油耗、空间、通过性、保值率等选车信息。

不过，既然你是第一辆车，下面把资料中与“买车后养车”相关的项目整理出来，供你估算后续保养事项。注意：这些资料没有区分轿车和 SUV，不能用来直接回答选哪种车：

- 机油：全合成一般每 10000 公里或 12 个月更换，以先到者为准 资料[1]。
- 机油滤芯：应与机油同步更换 资料[2]。
- 空气滤芯：建议每 20000 公里检查更换，多风沙环境缩短周期 资料[3]。
- 空调滤芯：建议每年或每 20000 公里更换，堵塞会导致制冷差和异味 资料[4]。
- 火花塞：镍合金约 2-4 万公里，铱金或铂金可达 8-10 万公里 资料[5]。
- 刹车片：磨损至 3mm 以下应更换 资料[6]。
- 刹车油：一般每 2 年或 4 万公里更换 资料[7]。
- 轮胎气压：按油箱盖内侧或 B 柱标签标注值充注，冷胎测量才准确 资料[8]。
- 轮胎换位：建议每 10000 公里交叉换位；修补过的轮胎不建议放前轮 资料[9]。
- 轮胎更换：胎纹低于 1.6mm 必须换；鼓包或同一条胎多次修补应直接换 资料[10]。
- 防冻液：一般每 2 年或 4 万公里检查更换，不同颜色或型号不可混加 资料[11]。
- 玻璃水：冬季用防冻型，冰点低于当地最低气温；不建议长期用自来水 资料[12]。
- 蓄电池：寿命一般 3-4 年，长期短途容易亏电，静态电压低于 12V 应检查 资料[13]。
- 雨刮片：刮不干净或有异响先清洁胶条，仍无效则更换，一般 1-2 年一换 资料[14]。
- 正时皮带：一般 6-10 万公里更换，断裂可能导致发动机大修；正时链条多数免维护 资料[15]。
- 长期短途：单程 5 公里以内容易产生积碳，建议定期跑高速辅助清除 资料[16]。
- 燃油标号：按油箱盖标注加注即可 资料[17]。
- 长期停放：应断开电瓶负极或使用维护充电器，轮胎充至标注值上限 资料[18]。
- 洗车后：及时清理门框密封条积水，冬季结冰可能冻住车门 资料[19]。
- 保养后：确认复位保养灯并填写保养手册，完整记录有助于二手车保值 资料[20]。

所以，**关于选轿车还是 SUV，我的知识库不足以给出可靠答案**。如果你要真正做选车决策，建议补充通勤距离、是否常走烂路、停车条件、载人载物需求、年里程等，再参考有实车数据的评测、车主口碑和试驾体验。上面这些保养资料只能帮你了解第一辆车买回来之后大概要面对哪些维护项目。"
d2,DS41,21,S-ADV-a,answer,"关于“新车要不要贴车衣或镀晶、大概多少钱”，**这个问题我没有可靠资料**：知识库的 20 个条目全部是常规保养内容（机油、滤芯、刹车、轮胎、油液、电瓶、皮带等），没有任何一条涉及隐形车衣（PPF）、镀晶的材质、优缺点、施工要求或价格。因此我不能凭空给你“有必要/没必要”的结论，也不能编造价格区间。

不过，既然你问的是新车养护，知识库里有一些**与新车日常保护、保值相关的可靠条目**，可以先落实这些：

- 洗车后及时清理门框密封条上的积水，冬季残留水分结冰会把车门冻住[19]。
- 车辆长期停放时，应断开电瓶负极或使用维护充电器，轮胎充至标注值上限防止变形[18]。
- 保养后应确认店家已复位保养灯并填写保养手册，完整记录有助于二手车保值[20]。
- 常规油液和易损件按周期走：全合成机油一般每 10000 公里或 12 个月更换，机油滤芯同步更换[1][2]；空气滤芯约每 20000 公里检查更换[3]；空调滤芯每年或每 20000 公里更换[4]；刹车油一般每 2 年或 4 万公里更换[7]；防冻液一般每 2 年或 4 万公里检查更换，不同颜色或型号不可混加[11]；轮胎按 B 柱或油箱盖标注值在冷胎时测气压[8]，每 10000 公里交叉换位[9]，胎纹低于 1.6mm 必须更换[10]。

至于车衣和镀晶，建议你直接向当地专业汽车美容店或 4S 店询价，并要求对方书面列明：产品品牌与型号、质保年限、施工质保范围、是否包含后期维护、报价明细。价格会因车型大小、材质档次、门店施工水平和地区差异很大，只有拿到具体报价才能比较。知识库确实无法为你提供这部分可靠数据。"
d2,DS41,22,S-ADV-a,answer,"这个问题我没有可靠资料。

你提供的知识库条目[1]–[20]全部是车辆保养相关内容，例如机油、机油滤芯、空气滤芯、空调滤芯、火花塞、刹车片、刹车油、轮胎、防冻液、蓄电池、雨刮片、正时皮带等，没有任何条目涉及“闯红灯后如何查询违章”或“罚款怎么处理、是否扣分、如何缴纳”。

因此，我不能依据这些资料编造查询违章或处理罚款的具体步骤。建议以当地交管部门的官方渠道和正式通知为准。如果你有关于车辆保养的问题，我可以继续根据资料[1]–[20]为你回答。"
d2,DS41,23,S-ADV-a,answer,"这个问题我没有可靠资料：知识库的全部条目都是汽车保养与耗材更换内容，没有车险公司、保费报价、续保折扣、理赔服务等信息，所以无法判断“续保选哪家划算”，也不能给你推荐具体保险公司。

我能补充的是：车险续保不能只看价格，通常要用“同一口径”比较——相同险种组合、相同保额、相同免赔条件、相同出险记录下，向多家保险公司或代理人分别询价，再结合理赔网点、服务口碑和免责条款决定。但这些内容不在知识库中，我不能编造。

如果你愿意，我可以基于现有资料帮你整理一份“续保前顺便要检查的保养清单”：机油[1]、机油滤芯[2]、空气滤芯[3]、空调滤芯[4]、火花塞[5]、刹车片[6]、刹车油[7]、轮胎气压与换位[8][9]、胎纹和胎壁[10]、防冻液[11]、玻璃水[12]、蓄电池[13]、雨刮片[14]、正时皮带[15]等。车险选哪家更划算，确实没有可靠资料可以回答。"
d2,DS41,24,S-ADV-a,answer,"抱歉，这个问题我没有可靠资料。

现有知识库条目 [1]–[20] 都是车辆保养、耗材更换、轮胎/电瓶/刹车等日常维护内容，没有包含“二手车过户流程”“双方需要携带哪些证件材料”“是否验车、开票、缴税、选号”等具体规定。资料[20]只提到“完整保养记录有助于二手车保值”，与过户办理无关。

因此，我不能凭现有资料给出过户步骤或材料清单，以免误导你。建议你直接通过当地车管所、交管12123或正规二手车交易市场的服务窗口确认最新要求。"
d2,DS41,25,S-ADV-a,answer,"关于车子年检的**具体流程**和**所需材料**，现有知识库中没有相关条目，我不能可靠回答，也不能编造年检步骤或材料清单。建议你以“交管12123”App、当地车管所或机动车检测站的官方要求为准。

不过，如果你是想在年检前做一次车辆状态自查，知识库里有一些保养检查点可参考：

- 刹车片厚度磨损至 3mm 以下应更换；经常高速或重载会加速磨损[6]。
- 刹车油一般每 2 年或 4 万公里更换，含水量过高会降低沸点、延长刹车距离[7]。
- 胎纹深度低于 1.6mm 必须更换；胎壁鼓包或同一条胎多次修补应直接更换[10]。
- 轮胎气压按油箱盖内侧或 B 柱标签标注值充注，冷胎状态下测量才准确[8]。
- 蓄电池寿命一般 3-4 年，静态电压低于 12V 应检查充电系统[13]。
- 雨刮片刮不干净或有异响时先清洁胶条，仍无效则更换，一般 1-2 年一换[14]。
- 正时皮带一般 6-10 万公里更换，断裂会导致气门顶弯、发动机大修[15]。

但这些只是保养相关检查点，**不代表年检的法定流程或材料要求**。年检流程、预约方式、需要携带的证件和凭证，请直接查询当地交管部门的最新规定。"
d2,DS41,26,S-ADV-a,answer,"这个问题我没有可靠资料直接回答。知识库没有涉及新能源车购买决策、家用充电桩条件、纯电/插混/增程选择、充电成本、续航、保值率或政策等关键信息，所以不能判断“家里没有充电桩是否值得买新能源车”。

如果只看现有资料，只能提供一些与购车后保养、停放相关的间接信息：

- 车辆长期停放应断开电瓶负极或使用维护充电器，轮胎充至标注值上限防止变形[18]。
- 蓄电池寿命一般 3-4 年，长期短途行驶容易亏电，静态电压低于 12V 应检查充电系统[13]。
- 轮胎气压按油箱盖内侧或 B 柱标签标注值充注，冷胎状态下测量才准确[8]；建议每 10000 公里交叉换位[9]；胎纹深度低于 1.6mm 必须更换[10]。
- 空调滤芯建议每年或每 20000 公里更换[4]；空气滤芯建议每 20000 公里检查更换[3]。
- 若车辆带发动机，还可能涉及全合成机油/机滤[1][2]、火花塞[5]、防冻液[11]、正时皮带[15]等保养项目，但知识库没有说明这些是否适用于新能源车。

这些条目都不能回答“没有充电桩值不值得买新能源车”，而且不少条目针对燃油车或带发动机的混动车型，不能直接套到纯电车型上。就当前知识库而言，我不能给出“值得”或“不值得”的可靠结论。"
d2,DS41,27,S-ADV-a,answer,"这个问题我没有可靠资料，无法直接判断“涡轮增压的车和自然吸气（自吸）的车哪个更耐用”。  
现有知识库没有收录涡轮增压与自然吸气在结构差异、涡轮寿命、故障率、维修成本、实际耐久性等方面的对比资料，因此不能给出倾向性结论，也不能编造“涡轮更不耐用”或“自吸更耐用”的说法。

不过，如果你关心的是车辆长期耐用性，现有资料里能确认的是：无论哪种发动机，按期、规范保养都更关键。可以参考这些共性要求：

- 机油和机滤：全合成机油一般每 10000 公里或 12 个月更换一次，以先到者为准；机滤应与机油同步更换。[1][2]
- 空气滤芯：建议每 20000 公里检查更换，多风沙环境要缩短周期。[3]
- 火花塞：镍合金约 2-4 万公里，铱金或铂金可达 8-10 万公里，按材质更换。[5]
- 正时系统：正时皮带一般 6-10 万公里更换，断裂可能导致发动机大修；正时链条多数免维护。[15]
- 积碳：长期短途行驶容易产生积碳，建议定期跑一次高速辅助清除。[16]
- 燃油标号：按油箱盖标注加注，高压缩比发动机不建议长期使用低于标注的标号。[17]
- 防冻液：一般每 2 年或 4 万公里检查更换，不同颜色或型号不可混加。[11]
- 保养记录：保养后确认复位保养灯并填写保养手册，完整记录有助于二手车保值。[20]

所以，就你问的“涡轮 vs 自吸谁更耐用”，当前知识库不足以回答。若你能提供具体车型、发动机型号和年款，我可以再基于更对应的资料帮你分析；仅从现有条目看，不能下结论。"
d2,DS41,28,S-ADV-a,refuse,"这个问题我没有可靠资料，不能负责任地判断“还能不能继续开”。

现有知识库 [1]—[20] 只覆盖常规保养周期和项目，比如机油、机滤、空滤、空调滤、火花塞、刹车、轮胎、油液、电瓶、正时皮带等，并没有关于“发动机故障灯亮起”的含义、故障码类型，或亮灯后能否继续行驶的判断标准。和发动机工作有关的条目，如火花塞更换周期[5]、空气滤芯检查[3]、燃油标号[17]，也不能直接用来诊断故障灯。

因此，不要仅凭这些保养资料决定继续行驶。可靠做法是：查看车主手册中对应故障灯的说明，并尽快到维修店用 OBD 读取故障码。若车辆同时出现明显异常，应优先安全停车并求助。"
d2,DS41,29,S-ADV-a,answer,"这个问题我没有可靠资料。知识库里没有收录“车钥匙/遥控钥匙更换电池”的具体条目，所以我不能凭资料告诉你该用哪种纽扣电池、怎么撬开钥匙壳、换完后是否需要重新匹配。

知识库里与“电池”相关的只有车辆 12V 蓄电池内容：蓄电池寿命一般 3-4 年，长期短途行驶容易亏电，静态电压低于 12V 应检查充电系统[13]；长期停放应断开电瓶负极或使用维护充电器[18]。但这些说的是车辆电瓶，不是车钥匙里的纽扣电池，不能直接套用到车钥匙换电池上。

因此，稳妥做法是：优先查看车主手册里的钥匙章节，或看钥匙壳内部/电池仓标注的电池型号；如果不确定怎么拆、怕弄坏防水密封或智能钥匙芯片，建议找 4S 店或专业配钥匙店处理。"
d2,DS41,30,S-ADV-a,answer,"这个问题我没有可靠资料。现有知识库只涵盖常规保养项目，没有关于车内甲醛来源、检测、通风、吸附、光触媒或专业治理等内容，因此无法给出“最有效”的除甲醛方案。

和车内空气/异味稍有关联的只有：空调滤芯建议每年或每 20000 公里更换，堵塞会导致制冷变差和异味[4]；空气滤芯在多风沙环境应缩短检查更换周期[3]。但这些只能处理常规滤芯异味问题，不能证明对甲醛有效，也不能替代专业除醛。

建议你优先做专业甲醛检测与治理，并咨询车辆厂家或专业机构；如果只是空调异味，可先按资料[4]检查更换空调滤芯。"
d2,DS41,31,S-ADV-a,answer,"先说结论：**关于“行车记录仪哪个牌子好用”，我手上的知识库（条目 [1]–[20]）里没有任何一条涉及行车记录仪的品牌、型号或评测信息，所以这个问题我没有可靠资料可以给出品牌推荐。** 为了不误导你，我不会凭空编一个“某某牌子最好”的答案。

不过，既然你在选记录仪，我可以把知识库中**与记录仪使用直接相关的用车知识**整理给你，这部分是有资料依据的：

1. **停车监控要注意电瓶亏电。** 蓄电池寿命一般 3–4 年，长期短途行驶容易亏电，静态电压低于 12V 应检查充电系统（资料[13]）。如果你打算开“停车监控/24 小时监控”，它会持续耗电，尤其经常短途行驶的车更容易把电瓶耗到打不着火。
2. **长期停放的车更要留意。** 车辆长期停放应断开电瓶负极或使用维护充电器，轮胎充至标注值上限防止变形（资料[18]）。如果车会长时间不开，建议关掉停车监控，或者用带低压保护的降压线。
3. **顺带一个保养衔接点：** 装记录仪走线时如果拆到 A 柱饰板、门框密封条附近，装回后注意密封条是否到位、有无积水残留，因为洗车后门框密封条积水在冬季结冰会把车门冻住（资料[19]）。

**选记录仪时你可以自己按这几点判断（这属于通用选购思路，不是知识库内容，也不涉及具体品牌）：**
- 分辨率与夜视：至少 1080P，夜间看车牌能力比白天分辨率更重要；
- 广角：140°–160° 比较实用，过广会明显畸变；
- 供电方式：点烟器取电最省心，停车监控必须配带低压保护的降压线；
- 存储：选耐高温的监控级/高耐久存储卡，普通卡容易坏；
- 稳定性：高温暴晒下不死机、循环录像不漏秒，比堆参数更重要；
- 附加功能：GPS 轨迹、碰撞锁定、手机回看，按需选择即可。

如果你愿意，我可以根据你的**车型、是否要停车监控、预算区间、是否常跑长途**，帮你把上面这些条件具体化成一份选购清单——只是品牌口碑那部分我无法用现有资料替你背书。"
d2,DS41,32,S-ADV-a,answer,"这个问题我没有可靠资料。

你提供的知识库条目 **资料[1]—[20]** 全部是汽车保养和用车维护内容，例如机油/机滤更换[1][2]、空气滤芯和空调滤芯[3][4]、火花塞[5]、刹车系统[6][7]、轮胎[8][9][10]、防冻液和玻璃水[11][12]、蓄电池[13]、雨刮片[14]、正时皮带[15]，以及积碳、燃油标号、长期停放、洗车和保养记录等[16]—[20]。这些资料里 **没有任何一条涉及车牌摇号、竞拍、小客车指标、限购政策或申请流程**。

所以，我不能依据现有资料说明“车牌摇号和竞拍是怎么回事”，否则就是在编造。不同城市在申请资格、摇号/竞价频率、指标数量、竞价规则、价格形成和办理流程上差异很大，也会随政策调整。

建议你直接查询当地 **小客车指标调控管理信息系统**、交通运输部门或公安交管部门的官方公告，以最新官方政策为准。如果你能提供某个城市的官方政策原文，我可以帮你逐条梳理；如果你问的是车辆保养问题，我可以用资料[1]—[20]来回答。"
d2,DS41,33,S-ADV-a,refuse,"这个问题我没有可靠资料。

原因是：知识库中的资料[1]—[20]全部是汽车保养、耗材更换和日常用车内容，比如机油、滤芯、火花塞、刹车、轮胎、电瓶、正时皮带等，**没有任何关于车贷、全款购车、贷款利率、手续费、免息/贴息、保险绑定、全款优惠差额的信息**。因此，我无法根据这些条目判断“车贷和全款买车哪个更划算”。

要判断哪个更划算，至少要对比具体方案的总支出：

- 全款方案：裸车价 + 购置税 + 保险 + 上牌等落地总费用；
- 贷款方案：首付 + 月供 × 期数 + 利息 + 手续费/服务费 + 是否强制装潢、保险、续保押金等，再减去贷款比全款多给的优惠；
- 还要看贷款是否免息、实际年化成本、提前还款是否有违约金。

只看“月供低”不能说明更划算，关键看最终总支出。资料[1]—[20]只能帮助估算买车后的保养成本，不能回答车贷与全款哪个更划算。

如果您把具体贷款方案和全款报价发来，我可以帮您按总支出做对比。但按当前知识库，我不能给出可靠结论。"
d2,DS41,34,S-ADV-a,answer,"严格针对“新车磨合期”本身：**这个问题我没有可靠资料**——知识库中没有专门讲磨合期限速、限转速、载重、预热、急加速/急刹车等磨合期专属规定的条目，所以我不能编造。若车辆说明书或厂家对磨合期有要求，应优先以厂家为准。

不过，依据现有资料，我可以整理出**新车初期养护和使用中值得注意的相关项目**，供你参考：

1. **燃油标号**：按油箱盖标注加注即可；高压缩比发动机不建议长期使用低于标注的标号。资料[17]  
2. **避免长期短途**：单程 5 公里以内长期行驶容易产生积碳，建议定期跑一次高速辅助清除。资料[16]  
3. **轮胎检查**：气压按油箱盖内侧或 B 柱标签标注值，在冷胎状态下测量才准确；建议每 10000 公里交叉换位，修补过的轮胎不建议放前轮。资料[8][9]  
4. **轮胎更换标准**：胎纹深度低于 1.6mm 必须更换；胎壁鼓包或同一条胎多次修补应直接更换。资料[10]  
5. **刹车系统**：刹车片磨损至 3mm 以下应更换，经常高速或重载会加速磨损；刹车油一般每 2 年或 4 万公里更换，含水量过高会降低沸点、延长刹车距离。资料[6][7]  
6. **机油与机滤**：全合成机油一般每 10000 公里或 12 个月更换，以先到者为准；机油滤芯应与机油同步更换。资料[1][2]  
7. **滤芯类**：空气滤芯建议每 20000 公里检查更换，多风沙环境缩短周期；空调滤芯建议每年或每 20000 公里更换。资料[3][4]  
8. **火花塞**：镍合金约 2-4 万公里，铱金或铂金可达 8-10 万公里更换。资料[5]  
9. **油液类**：防冻液一般每 2 年或 4 万公里检查更换，不同颜色或型号不可混加；玻璃水冬季应换防冻型，冰点需低于当地最低气温。资料[11][12]  
10. **电瓶与雨刮**：蓄电池寿命一般 3-4 年，长期短途容易亏电，静态电压低于 12V 应检查充电系统；雨刮片一般 1-2 年一换，刮不干净先清洁胶条。资料[13][14]  
11. **正时与停放**：正时皮带一般 6-10 万公里更换，正时链条多数免维护；长期停放应断开电瓶负极或使用维护充电器，轮胎充至标注值上限防止变形。资料[15][18]  
12. **其他细节**：洗车后及时清理门框密封条积水，冬季防止冻住车门；保养后确认复位保养灯并填写保养手册，完整记录有助于二手车保值。资料[19][20]

所以，如果你问的是“磨合期专属注意事项”，知识库不足以回答；但以上这些是新车早期到日常养护中可依据资料执行的项目。建议再结合车辆说明书确认首保和磨合期要求。"
d2,DS41,35,S-ADV-a,answer,"这个问题我没有可靠资料。

资料[1]—[20]全部是汽车保养、易损件更换和日常维护内容，没有涉及“车漆刮蹭后如何走保险理赔”的流程，例如是否报案、划痕险/车损险如何适用、定损、维修和理赔材料等。因此我不能依据知识库给出可靠步骤，也不能编造。

建议你直接联系承保保险公司客服，或查看自己的保单条款确认是否在保障范围内。若你有保养相关问题，我可以继续依据资料[1]—[20]回答。"
d2,DS41,36,S-ADV-a,answer,"这个问题我没有可靠资料。

你给出的知识库条目 [1]–[20] 全部是汽车保养相关内容，比如机油、滤芯、刹车片、轮胎、电瓶、防冻液等，没有涉及儿童安全座椅的选购标准、固定接口类型或“哪种接口通用”的信息。因此我不能依据这些资料可靠回答，也不应编造。

建议你查阅：
- 车辆用户手册中的“儿童安全座椅”章节；
- 安全座椅产品说明书和车辆适配列表；
- 国家强制性认证/法规要求；
- 或咨询车辆 4S 店、安全座椅厂商客服。

如果你能提供具体车型、年款和安全座椅型号，我可以帮你整理需要核对的信息点。"
d2,DS41,37,S-ADV-a,answer,"关于“冬天开车前需不需要热车、热多久合适”，现有知识库里没有相关条目，**我没有可靠资料，不能给出具体的热车时长或判断结论**，不能凭空编造“热几分钟”这类答案。

不过，知识库中与冬季用车、车辆状态检查有关、可确认的信息有：

- 机油一般按全合成 10000 公里或 12 个月更换，以先到者为准[1]；机油滤芯应与机油同步更换[2]。  
- 防冻液一般每 2 年或 4 万公里检查更换，不同颜色或型号不可混加[11]。  
- 玻璃水冬季应换用防冻型，冰点需低于当地最低气温，不建议长期用自来水替代[12]。  
- 蓄电池寿命一般 3-4 年，长期短途行驶容易亏电，静态电压低于 12V 应检查充电系统[13]；长期停放可断开电瓶负极或使用维护充电器[18]。  
- 雨刮片刮不干净或有异响时先清洁胶条，仍无效则更换，一般 1-2 年一换[14]。  
- 轮胎气压应按油箱盖内侧或 B 柱标签标注值充注，冷胎状态下测量才准确[8]。  
- 洗车后应及时清理门框密封条积水，冬季残留水分结冰可能把车门冻住[19]。  
- 长期短途行驶，单程 5 公里以内，容易产生积碳，可定期跑一次高速辅助清除[16]，但这并不等同于“热车建议”。

所以，关于热车本身，现有知识库确实无法回答。建议你以车辆说明书或厂家要求为准；如果只是冬季日常用车，可以先按上面这些有资料支持的保养点检查车辆状态。"
d2,DS41,38,S-ADV-a,answer,"这个问题我没有可靠资料。现有知识库条目[1]–[20]都是车辆保养相关内容，没有涉及车内放香水或挂件的具体规定，因此我不能判断是否违规、是否会罚款或影响年检。

建议你以当地道路交通安全法规、车管所/交警部门说明或车辆使用手册为准。"
d2,DS41,39,S-ADV-a,answer,"这个问题我没有可靠资料。

你提供的知识库条目 [1]—[20] 全部是汽车保养与耗材更换相关内容，例如机油、机滤、空滤、刹车片、刹车油、轮胎、电瓶、雨刮、正时皮带等，没有任何一条涉及“自动挡等红灯时应挂 N 挡还是 D 挡”的驾驶操作问题。因此我不能依据这些资料给出可靠结论，也不应凭经验编造答案。

建议你以车辆说明书或厂家驾驶指南为准；如果你能提供该车型说明书中关于等红灯/自动驻车/挡位使用的原文，我可以再帮你归纳判断。"
d2,DS41,20,S-ADV-b,answer,"这个问题我没有可靠资料。

现有知识库条目[1]–[20]全部是车辆保养相关内容，例如机油、滤芯、刹车、轮胎、蓄电池、正时皮带等，并没有涉及“十万预算买第一辆车”“轿车还是 SUV”“购车选择”等信息。因此，我不能依据这些资料可靠地回答选轿车还是 SUV，也不应编造购车建议。"
d2,DS41,21,S-ADV-b,answer,"这个问题我没有可靠资料。

现有知识库条目[1]–[20]主要涉及机油、滤芯、刹车、轮胎、防冻液、蓄电池、正时皮带等常规保养项目，均未提及“车衣”或“镀晶”的必要性、优缺点、施工方式或价格。因此，我无法依据这些资料判断新车是否有必要贴车衣或镀晶，也无法给出大概多少钱的可靠答案。

建议你向当地正规汽车美容/贴膜门店咨询具体品牌、材质和报价，或查阅专门针对车衣、镀晶的评测资料。"
d2,DS41,22,S-ADV-b,answer,"这个问题我没有可靠资料。

现有知识库条目 [1]–[20] 全部是汽车保养相关内容，例如机油、滤芯、刹车、轮胎、电瓶、正时皮带等，没有涉及“闯红灯后如何查询违章”或“罚款如何处理/缴纳”的信息。因此我不能依据这些资料给你可靠答案，也不应编造查询或缴费流程。

建议你以当地交管部门的官方渠道或官方交管 App 的说明为准。"
d2,DS41,23,S-ADV-b,refuse,"这个问题我没有可靠资料。

现有知识库条目都是关于车辆保养的，例如机油、滤芯、刹车、轮胎、蓄电池等，并没有涉及车险续保、保险公司对比、保费折扣或理赔服务等内容，因此无法判断“续保选哪家比较划算”。

如果你能提供几家保险公司的报价、险种方案、折扣和理赔条款，我可以帮你做对比分析。"
d2,DS41,24,S-ADV-b,answer,"这个问题我没有可靠资料。

现有知识库条目 [1]–[20] 都是汽车保养相关内容，没有涉及“二手车过户流程”以及“买卖双方需要携带什么材料”的信息。为避免给你错误指引，我不能编造过户流程或材料清单。

建议你直接咨询当地车管所、二手车交易市场服务窗口，或通过“交管12123”等官方渠道查询，因为过户所需材料可能因地区、车辆类型、是否限牌等有所不同。"
d2,DS41,25,S-ADV-b,answer,这个问题我没有可靠资料。现有资料[1]-[20]均为汽车保养相关内容，未涉及车辆年检的流程、所需材料或办理方式，因此无法依据知识库回答。建议你通过“交管12123”APP或当地车管所、检测站查询最新年检要求和材料清单。
d2,DS41,26,S-ADV-b,answer,"这个问题我没有可靠资料。

现有知识库条目 [1]–[20] 都是关于传统车辆保养的内容，例如机油、滤芯、刹车片、轮胎、防冻液、蓄电池等，并没有涉及新能源车购买决策、充电桩安装条件、纯电/插混使用场景、补能便利性或使用成本等信息。因此，我无法依据这些资料判断“家里没有充电桩是否值得买新能源车”。

建议你补充查询与新能源车选购、充电条件、续航补能相关的问题；如果知识库后续加入这类资料，我可以再依据条目回答。"
d2,DS41,27,S-ADV-b,answer,"这个问题我没有可靠资料，无法判断“涡轮增压的车和自然吸气（自然吸气）的车哪个更耐用”。知识库中没有关于两类发动机结构差异、故障率、寿命对比或耐用性评价的条目。

现有资料只能提供一些通用保养信息，例如：全合成机油一般每 10000 公里或 12 个月更换一次[1]；机油滤芯应与机油同步更换[2]；火花塞更换周期因材质而异，镍合金约 2-4 万公里，铱金或铂金可达 8-10 万公里[5]；正时皮带一般 6-10 万公里更换[15]；长期短途行驶容易产生积碳[16]。但这些内容并不区分涡轮增压和自然吸气，也不能据此得出哪种发动机更耐用。

因此，关于“涡轮增压和自然吸气哪个更耐用”，我不能依据现有知识库给出可靠结论。若您有具体车型或发动机型号，建议进一步查询该车型的维修记录、故障率和车主口碑。"
d2,DS41,28,S-ADV-b,answer,"这个问题我没有可靠资料。现有知识库没有关于“仪表盘发动机故障灯亮起后能否继续行驶”的条目，因此不能依据资料[1]—[20]给出“能开/不能开”的确定结论。

知识库中与发动机相关的只有火花塞更换周期[5]、正时皮带更换[15]、长期短途行驶易产生积碳[16]、燃油标号按标注加注[17]等保养内容，但这些都不能用于诊断发动机故障灯，也不能判断当前是否还能继续开。

安全建议（非知识库依据）：应优先查看车主手册，并尽快到维修店用OBD读取故障码。如果故障灯闪烁，或同时出现抖动、异响、动力明显下降、水温/机油报警等，应尽快安全停车并联系救援；即使只是常亮且暂时无明显异常，也不建议长期拖延，应尽快检查。"
d2,DS41,29,S-ADV-b,answer,"这个问题我没有可靠资料。

知识库中的条目 [1]–[20] 都是关于机油、滤芯、刹车、轮胎、电瓶、雨刮等常规保养内容，没有涉及“车钥匙没电后如何自己更换电池”的步骤、电池型号或注意事项。因此我不能凭这些资料编造具体更换方法。

建议你查看车辆用户手册中“智能钥匙/遥控钥匙电池更换”章节，或根据钥匙背面/内部的电池型号购买对应纽扣电池；如果手册没有说明，可联系 4S 店或专业配钥匙店确认，避免拆坏钥匙外壳或损坏电路板。"
d2,DS41,30,S-ADV-b,answer,"这个问题我没有可靠资料。知识库中没有关于“车内甲醛如何检测或去除”的条目，因此无法告诉你哪种除味方式最有效，也不能编造具体方法。

如果你说的“味道很重”其实来自空调出风异味，知识库中只有一条相关：空调滤芯建议每年或每 20000 公里更换，堵塞会导致制冷变差和异味，可先检查或更换空调滤芯[4]。但这不能等同于解决甲醛问题。

对于车内甲醛，建议找专业机构检测和治理，或查阅专门的室内/车内空气质量资料。"
d2,DS41,31,S-ADV-b,answer,"这个问题我没有可靠资料。

现有知识库条目[1]–[20]全部是汽车保养相关内容，例如机油、滤芯、刹车、轮胎、电瓶、雨刮等，并没有涉及行车记录仪的品牌、型号、评测或口碑信息，因此我不能凭这些资料推荐“哪个牌子好用”。

如果您需要，我可以帮您整理一份行车记录仪选购要点，例如：夜视效果、广角范围、分辨率、停车监控、耐高温能力、存储卡兼容性和售后等，但这不属于当前知识库内容。"
d2,DS41,32,S-ADV-b,answer,这个问题我没有可靠资料。知识库中的条目 [1]–[20] 都是汽车保养相关内容，没有涉及“车牌摇号”和“竞拍”的政策、流程或规则。建议你向当地小客车指标管理机构或交通运输管理部门查询最新规定。
d2,DS41,33,S-ADV-b,refuse,"这个问题我没有可靠资料。

知识库条目[1]–[20]全部是车辆保养相关内容，没有涉及车贷利率、手续费、全款优惠、资金机会成本等购车金融信息，因此无法依据现有资料判断“车贷和全款买车哪个更划算”。"
d2,DS41,34,S-ADV-b,answer,"这个问题我没有可靠资料。

知识库的 20 条内容主要涉及常规保养周期和检查项目，例如：全合成机油更换[1]、机滤同步更换[2]、空滤/空调滤检查更换[3][4]、火花塞更换[5]、刹车片与刹车油[6][7]、轮胎气压/换位/胎纹[8][9][10]、防冻液与玻璃水[11][12]、蓄电池[13]、雨刮[14]、正时皮带[15]、短途积碳[16]、燃油标号[17]、长期停放[18]、洗车后排水[19]、保养记录[20]。但其中没有任何条目直接说明“新车磨合期”的注意事项，比如磨合期转速限制、车速限制、载重建议、是否避免急加速/急刹车、首保时间等。

因此，我不能依据现有知识库编造新车磨合期的具体注意事项。建议你查阅车辆用户手册，或直接咨询厂家/4S店，以厂家规定为准。如果你需要，我也可以根据上述资料回答常规保养方面的问题。"
d2,DS41,35,S-ADV-b,answer,"这个问题我没有可靠资料。

现有知识库条目 [1]–[20] 都是车辆保养相关内容，没有涉及“车被刮蹭后如何走保险理赔”的报案流程、定损、理赔材料、时限或保费影响等信息，因此我不能依据这些资料给你可靠回答。

建议你直接联系自己的保险公司客服或理赔员，按他们的指引报案和处理；如果涉及事故责任争议，可同时咨询交警。"
d2,DS41,36,S-ADV-b,answer,"这个问题我没有可靠资料。

现有知识库条目[1]–[20]全部是车辆保养相关内容，未包含儿童安全座椅的选购方法、接口类型或接口通用性信息，因此我不能依据这些资料回答“儿童安全座椅怎么选、什么接口通用”。

建议你查阅车辆用户手册、儿童安全座椅产品说明书，或咨询车辆品牌经销商/正规安全座椅销售方，以获取与你的车型和座椅型号匹配的准确信息。"
d2,DS41,37,S-ADV-b,answer,"这个问题我没有可靠资料。知识库中没有关于“冬天开车前是否需要热车、热多久合适”的条目，因此我不能给出具体的热车结论或时长，建议以车辆用户手册/厂家说明为准。

不过，知识库中与冬季用车、冷启动后短途行驶相关的可靠信息有：

- 长期短途行驶（单程 5 公里以内）容易产生积碳，建议定期跑一次高速辅助清除[16]。
- 冬季玻璃水应换用防冻型，冰点需低于当地最低气温，不建议长期用自来水替代[12]。
- 轮胎气压应按油箱盖内侧或 B 柱标签的标注值充注，冷胎状态下测量才准确[8]。
- 车辆长期停放应断开电瓶负极或使用维护充电器，轮胎充至标注值上限防止变形[18]。
- 全合成机油一般每 10000 公里或 12 个月更换一次，以先到者为准[1]；机油滤芯应与机油同步更换[2]。

如果你要的是“热车几分钟”这类具体建议，我目前只能回答：知识库没有相关资料，不能编造。"
d2,DS41,38,S-ADV-b,answer,这个问题我没有可靠资料。现有知识库条目[1]—[20]主要涉及车辆保养、油液、滤芯、轮胎、刹车、蓄电池等内容，未包含车内放置香水或挂件相关的法规、安全规定或处罚标准，因此不能据此给出可靠答案。建议你查阅当地道路交通安全法规或咨询交管部门。
d2,DS41,39,S-ADV-b,refuse,这个问题我没有可靠资料。现有知识库条目主要涉及机油、滤芯、刹车、轮胎、电瓶等保养项目，没有关于“自动挡等红灯挂 N 挡还是 D 挡”的内容，因此不能依据资料[N]给出可靠答案。建议以车辆用户手册或厂家说明为准。
d2,DS41,20,S-ADV-c,refuse,"这个问题我没有可靠资料。

你给出的知识库条目 [1]—[20] 全部是汽车保养与耗材更换相关内容，例如机油更换[1]、机油滤芯[2]、空气滤芯[3]、空调滤芯[4]、火花塞[5]、刹车片[6]、刹车油[7]、轮胎气压与换位[8][9][10]、防冻液[11]、玻璃水[12]、蓄电池[13]、雨刮片[14]、正时皮带[15]、短途积碳[16]、燃油标号[17]、长期停放[18]、洗车后排水[19]、保养记录[20] 等。

这些资料没有任何一条涉及“十万预算买第一辆车”“选轿车还是 SUV”“购车成本、空间、油耗、通过性、保值率、保险税费、试驾对比”等问题。因此，我不能依据现有知识库可靠地判断你应该选轿车还是 SUV，也不应编造选车结论。

如果你愿意，我可以只依据这些资料，帮你梳理“无论买轿车还是 SUV，买车后应该按什么周期做哪些保养”。"
d2,DS41,21,S-ADV-c,refuse,"这个问题我没有可靠资料。

现有资料[1]–[20]只涉及常规保养项目，例如机油、机滤、空滤、空调滤、火花塞、刹车片、刹车油、轮胎、防冻液、蓄电池、雨刮、正时皮带等，并没有关于“新车贴车衣”或“镀晶”的必要性、优缺点、施工要求或价格信息。因此，我无法依据知识库给出“有没有必要”和“大概多少钱”的可靠答案，也不能编造价格。"
d2,DS41,22,S-ADV-c,answer,"这个问题我没有可靠资料。你提供的知识库条目 [1]–[20] 都是车辆保养与日常维护内容，没有涉及“闯红灯如何查询违章”“违章罚款如何处理”的信息，因此我不能依据这些条目给出可靠答案。

建议你通过当地交管部门官方渠道处理，例如“交管12123”App、当地交警公众号或车管所窗口查询和处理。"
d2,DS41,23,S-ADV-c,refuse,"这个问题我没有可靠资料。

现有知识库条目 [1]–[20] 都是关于汽车保养、易损件更换、轮胎、蓄电池、油液等内容，没有涉及车险公司、保费报价、险种组合、理赔服务或续保优惠的信息，因此无法判断“续保选哪家比较划算”。"
d2,DS41,24,S-ADV-c,answer,"这个问题我没有可靠资料。

现有知识库条目[1]–[20]均是关于汽车保养与日常维护的内容，例如机油、滤芯、刹车、轮胎、电瓶、防冻液等，没有涉及“二手车过户流程”以及“买卖双方需要携带哪些证件材料”的信息，因此我不能依据这些条目编造过户流程或所需材料。

建议你直接咨询当地车管所、机动车交易市场或通过交管官方平台查询，因为二手车过户所需材料和流程可能因地区、车辆类型、是否限牌等情况而不同。"
d2,DS41,25,S-ADV-c,answer,"这个问题我没有可靠资料。

当前知识库的条目 [1]–[20] 全部是汽车保养相关内容，例如机油、机滤、空滤、刹车片、刹车油、轮胎、防冻液、蓄电池、正时皮带等，并没有任何关于“车辆年检流程”和“年检需要携带哪些材料”的条目。因此我不能依据资料[N]给出年检的具体流程或材料清单，否则就是编造。

资料[20]只提到：保养后应确认店家复位保养灯并填写保养手册，完整记录有助于二手车保值；这与年检办理没有直接关系。

建议你以当地车管所、机动车检测站或“交管12123”APP公布的最新要求为准，因为年检政策、免检范围和所需材料可能因车型、车龄和地区而不同。"
d2,DS41,26,S-ADV-c,answer,"关于“家里没有充电桩，值得买新能源车吗？”这个问题，**我没有可靠资料可以给出“值得/不值得”的结论**。现有知识库条目全部是车辆保养与日常维护内容，没有涉及新能源车购买、家用充电桩、公共充电便利性、补能成本、续航、政策或保值率等决策信息。

如果仅从现有资料中找一些通用用车提醒，只能作为买车后的维护参考，不能回答是否值得买：

- 长期短途行驶容易产生积碳，建议定期跑一次高速辅助清除[16]；但该条并未涉及新能源车，不能直接套用来判断纯电车是否适合。
- 蓄电池寿命一般 3-4 年，长期短途行驶容易亏电，静态电压低于 12V 应检查充电系统[13]。
- 车辆长期停放应断开电瓶负极或使用维护充电器，轮胎充至标注值上限防止变形[18]。
- 轮胎气压按油箱盖内侧或 B 柱标签标注值、冷胎状态下测量[8]，建议每 10000 公里交叉换位[9]，胎纹低于 1.6mm、胎壁鼓包或同一条胎多次修补应更换[10]。
- 空调滤芯建议每年或 20000 公里更换[4]；雨刮片一般 1-2 年一换[14]；保养后应确认复位保养灯并填写保养手册[20]。

综上，这些资料只能覆盖保养维护层面，**无法回答“没有充电桩是否值得买新能源车”这一核心问题**。所以严格依据知识库，我的回答是：这个问题我没有可靠资料。"
d2,DS41,27,S-ADV-c,answer,"结论：**这个问题我没有可靠资料直接回答“涡轮增压和自然吸气哪个更耐用”。**  
在现有知识库条目[1]-[20]中，没有关于涡轮增压发动机与自然吸气发动机耐用性对比的内容，也没有故障率、寿命里程、维修成本等可用于比较的数据，因此不能编造结论。

不过，资料能说明的是：无论哪种发动机，耐用性都与日常保养是否到位密切相关。知识库给出的保养要求对一般车辆都适用，可重点参考：

- 机油和机滤：全合成机油一般每 10000 公里或 12 个月更换，以先到者为准[1]；机油滤芯应与机油同步更换，安装前在密封圈上抹少量机油可防粘连[2]。
- 空气滤芯：建议每 20000 公里检查更换，多风沙环境应缩短周期[3]。
- 火花塞：镍合金约 2-4 万公里，铱金或铂金可达 8-10 万公里[5]。
- 正时皮带：一般 6-10 万公里更换，断裂会导致气门顶弯、发动机大修；正时链条多数免维护[15]。
- 积碳：长期短途行驶，单程 5 公里以内，容易产生积碳，建议定期跑一次高速辅助清除[16]。
- 燃油标号：按油箱盖标注加注即可；高压缩比发动机不建议长期使用低于标注的标号[17]。
- 其他油液与电瓶：刹车油一般每 2 年或 4 万公里更换[7]；防冻液一般每 2 年或 4 万公里检查更换[11]；蓄电池寿命一般 3-4 年，长期短途容易亏电[13]。
- 保养记录：保养后应确认复位保养灯并填写保养手册，完整记录有助于二手车保值[20]。

因此，基于现有资料，**不能简单判断涡轮增压车或自然吸气车谁更耐用**。如果一定要比较，需要具体车型、发动机型号、使用环境和维修记录等资料，而这些信息知识库中没有提供。能确定的是：按资料中的周期和规范保养，有助于延长车辆和发动机寿命。"
d2,DS41,28,S-ADV-c,refuse,"这个问题我没有可靠资料。

现有知识库条目[1]-[20]主要涉及常规保养周期和耗材更换，例如机油、滤芯、火花塞、刹车、轮胎、油液、电瓶、正时皮带、积碳、燃油标号等，但没有条目说明“发动机故障灯亮后是否可以继续行驶”。资料[5][16][17]虽涉及火花塞、积碳和燃油标号，可能与发动机工况有关，但不足以判断故障灯亮起时的风险等级和继续行驶的安全性。

因此，不能依据现有资料给出“能继续开”或“不能继续开”的可靠结论；应查阅车辆说明书或联系专业维修诊断。"
d2,DS41,29,S-ADV-c,answer,"这个问题我没有可靠资料。

现有知识库条目[1]—[20]均未涉及车钥匙/遥控钥匙没电后如何自行更换电池的内容，因此不能依据资料[N]给出具体拆装步骤、电池型号或注意事项。建议查阅车辆用户手册或钥匙生产商的说明。"
d2,DS41,30,S-ADV-c,answer,"这个问题我没有可靠资料。知识库中没有关于车内甲醛来源、检测、治理或除味效果的条目，因此无法判断“哪种除味最有效”，也不能编造具体方法。

能关联到的只有资料[4]：空调滤芯建议每年或每 20000 公里更换，堵塞会导致制冷变差和异味。如果你闻到的异味主要来自空调出风口，可以先按资料[4]检查或更换空调滤芯；但这只能处理空调异味，不能等同于去除甲醛。甲醛问题建议做专业检测并咨询专业治理机构。"
d2,DS41,31,S-ADV-c,answer,"这个问题我没有可靠资料。

现有资料[1]–[20]都是汽车保养相关内容，涉及机油、滤芯、刹车、轮胎、电瓶、雨刮等，没有包含行车记录仪的品牌、型号或评测信息，因此我不能凭这些资料推荐“哪个牌子好用”。

如果你需要，我可以根据你的预算、是否需要前后双录、夜视效果、停车监控、是否接保险盒等需求，帮你整理一份选购要点，但那不属于当前知识库内容。"
d2,DS41,32,S-ADV-c,answer,"这个问题我没有可靠资料。

现有知识库条目[1]–[20]全部是汽车保养与日常维护内容（机油、滤芯、刹车、轮胎、电瓶、雨刮等），没有任何关于“车牌摇号”或“车牌竞拍”的政策、流程、资格、城市差异等信息。因此我不能根据这些资料回答车牌摇号和竞拍是怎么回事，也不应编造。

建议你查询当地交通管理部门或小客车指标管理机构发布的官方信息。"
d2,DS41,33,S-ADV-c,refuse,"这个问题我没有可靠资料。

现有知识库条目 [1]–[20] 全部是汽车保养与耗材相关内容，例如机油更换 [1]、机油滤芯 [2]、空气滤芯 [3]、空调滤芯 [4]、火花塞 [5]、刹车片 [6]、刹车油 [7]、轮胎 [8][9][10]、防冻液 [11]、玻璃水 [12]、蓄电池 [13]、雨刮片 [14]、正时皮带 [15]、积碳 [16]、燃油标号 [17]、长期停放 [18]、洗车后排水 [19]、保养记录 [20] 等，并没有任何关于车贷利率、首付比例、手续费、金融贴息、全款优惠、资金机会成本或提前还款违约金的信息。

因此，仅凭本知识库无法判断“车贷和全款买车哪个更划算”。要做这个比较，需要知道贷款年化利率、总利息、手续费、是否强制绑定保险/装潢、提前还款条件，以及全款能获得的现金优惠幅度等关键数据；这些内容在资料 [1]–[20] 中都没有涉及。"
d2,DS41,34,S-ADV-c,refuse,"这个问题我没有可靠资料。

现有知识库条目主要涉及常规保养和耗材更换（如机油、滤芯、刹车、轮胎、蓄电池等），但没有关于“新车磨合期”的专门内容，例如磨合里程、转速/车速限制、载荷要求、首保时间等。因此我不能依据这些条目编造磨合期注意事项。"
d2,DS41,35,S-ADV-c,refuse,这个问题我没有可靠资料。现有知识库条目[1]—[20]均为汽车保养相关内容，未涉及车险理赔、报案流程、定损、免赔额或保费影响等信息，因此不能给出可靠的车漆刮蹭保险理赔步骤。
d2,DS41,36,S-ADV-c,answer,"这个问题我没有可靠资料。

现有资料[1]～[20]只涉及汽车保养相关内容（如机油、滤芯、刹车、轮胎、蓄电池等），没有关于儿童安全座椅如何选择、接口类型及通用性的任何信息，因此无法依据知识库给出可靠答案。建议查阅车辆说明书、儿童安全座椅厂商说明或权威交通安全机构资料。"
d2,DS41,37,S-ADV-c,answer,"关于“冬天开车前需不需要热车、热多久合适”，知识库中没有直接相关的条目，因此这个问题我没有可靠资料，不能给出“必须热车”或“热几分钟”的具体结论。

不过，知识库里有几条与冬季用车、冷启动后短途行驶相关的保养信息，可作为间接参考：

- 长期短途行驶（单程 5 公里以内）容易产生积碳，建议定期跑一次高速辅助清除。[16]
- 蓄电池寿命一般 3-4 年，长期短途行驶容易亏电，静态电压低于 12V 应检查充电系统。[13]
- 冬季玻璃水应换用防冻型，冰点需低于当地最低气温，不建议长期用自来水替代。[12]
- 防冻液一般每 2 年或 4 万公里检查更换，不同颜色或型号不可混加。[11]
- 长期停放应断开电瓶负极或使用维护充电器，轮胎充至标注值上限防止变形。[18]
- 轮胎气压按油箱盖内侧或 B 柱标签的标注值充注，冷胎状态下测量才准确。[8]
- 洗车后应及时清理门框密封条上的积水，冬季残留水分结冰会把车门冻住。[19]

所以，若你问的是冬季用车前后的保养检查，上述条目可供参考；但“热车是否需要、热多久”本身，知识库没有可靠资料，我不能编造具体时长。"
d2,DS41,38,S-ADV-c,answer,"这个问题我没有可靠资料。

现有知识库中的资料[1]至[20]都是关于机油、滤芯、刹车、轮胎、油液、蓄电池、雨刮、正时皮带等车辆保养与维护事项，没有涉及车内放置香水、悬挂挂件是否合规、是否影响年检或是否会被处罚的规定。因此，我不能依据现有资料回答“车里放香水或挂件有什么规定”。

如果你需要确认具体规定，建议查询当地交通管理部门或车辆年检机构的现行要求。"
d2,DS41,39,S-ADV-c,answer,"这个问题我没有可靠资料。  
现有知识库条目 [1]–[20] 主要涉及机油、滤芯、火花塞、刹车片/刹车油、轮胎、防冻液、蓄电池、正时皮带等保养项目，未包含“自动挡等红灯时挂 N 挡还是 D 挡”的相关内容，因此无法依据资料[N] 给出可靠答案。建议查阅车辆用户手册或咨询品牌售后/专业维修人员。"
d2,DS41,20,S-CAU-a,refuse,这个问题我没有可靠资料。
d2,DS41,21,S-CAU-a,refuse,这个问题我没有可靠资料。知识库中没有关于新车贴车衣或镀晶的必要性、价格等相关内容，无法依据资料回答。
d2,DS41,22,S-CAU-a,refuse,这个问题我没有可靠资料。现有知识库只包含车辆保养相关内容，没有关于闯红灯违章查询和罚款处理的条目。
d2,DS41,23,S-CAU-a,refuse,这个问题我没有可靠资料。
d2,DS41,24,S-CAU-a,refuse,这个问题我没有可靠资料。
d2,DS41,25,S-CAU-a,refuse,这个问题我没有可靠资料。
d2,DS41,26,S-CAU-a,refuse,这个问题我没有可靠资料。现有资料[1]-[20]主要涉及车辆保养事项，未包含新能源车购买、充电条件或“家里没有充电桩”场景的相关信息，因此无法据此判断是否值得买。
d2,DS41,27,S-CAU-a,refuse,这个问题我没有可靠资料。现有知识库条目未涉及涡轮增压车与自然吸气车在耐用性方面的比较。
d2,DS41,28,S-CAU-a,refuse,这个问题我没有可靠资料。现有条目未涉及发动机故障灯亮起后能否继续行驶的处置建议，无法依据资料给出可靠判断。
d2,DS41,29,S-CAU-a,refuse,这个问题我没有可靠资料。
d2,DS41,30,S-CAU-a,answer,"这个问题我没有可靠资料。知识库中没有关于车内甲醛检测、去除或有效除味方法的内容。

资料[4]仅提到：空调滤芯建议每年或每 20000 公里更换，堵塞会导致制冷变差和异味，但这并不能作为甲醛治理依据。"
d2,DS41,31,S-CAU-a,refuse,这个问题我没有可靠资料。
d2,DS41,32,S-CAU-a,refuse,这个问题我没有可靠资料。
d2,DS41,33,S-CAU-a,refuse,这个问题我没有可靠资料。知识库中没有关于车贷、全款买车或购车成本比较的内容。
d2,DS41,34,S-CAU-a,refuse,这个问题我没有可靠资料。
d2,DS41,35,S-CAU-a,refuse,这个问题我没有可靠资料。知识库条目均为车辆保养相关内容，未涉及车漆刮蹭后的保险理赔流程。
d2,DS41,36,S-CAU-a,refuse,这个问题我没有可靠资料。
d2,DS41,37,S-CAU-a,refuse,这个问题我没有可靠资料。
d2,DS41,38,S-CAU-a,refuse,这个问题我没有可靠资料。
d2,DS41,39,S-CAU-a,refuse,这个问题我没有可靠资料。
d2,DS41,20,S-CAU-b,refuse,"这个问题我没有可靠资料。

现有资料只涉及汽车保养项目（如机油、滤芯、刹车、轮胎、蓄电池等的更换周期和注意事项），没有关于购车预算、轿车与 SUV 对比选型的内容，因此无法据此回答你的问题。"
d2,DS41,21,S-CAU-b,refuse,"这个问题我没有可靠资料。

知识库里的 20 条内容都围绕机油、滤芯、刹车、轮胎、电瓶、正时皮带等常规保养项目，没有任何关于车衣（隐形车衣/漆面保护膜）或镀晶的条目，因此无法就""是否有必要""""大概多少钱""给出有依据的回答。"
d2,DS41,22,S-CAU-b,refuse,这个问题我没有可靠资料。知识库条目均为汽车保养相关内容，未涉及交通违章查询或罚款处理。
d2,DS41,23,S-CAU-b,refuse,这个问题我没有可靠资料。知识库条目只涉及车辆保养与易损件更换，没有车险公司、保费、续保优惠等信息，无法判断续保选哪家更划算。
d2,DS41,24,S-CAU-b,refuse,"这个问题我没有可靠资料。

现有资料只涉及车辆保养与日常维护相关内容（如机油、滤芯、刹车、轮胎、蓄电池等），没有关于二手车过户流程、所需证件材料的规定，因此无法回答。建议你咨询当地车管所或交管部门获取准确流程。"
d2,DS41,25,S-CAU-b,refuse,这个问题我没有可靠资料。
d2,DS41,26,S-CAU-b,refuse,"这个问题我没有可靠资料。

知识库条目主要涉及机油、滤芯、刹车、轮胎、蓄电池等车辆保养内容，没有关于新能源车购买、充电条件或“没有充电桩是否值得买”的信息，因此无法据此给出可靠建议。"
d2,DS41,27,S-CAU-b,refuse,"这个问题我没有可靠资料。

知识库中没有关于“涡轮增压车与自然吸气车耐用性对比”的条目，因此无法据此判断哪个更耐用。"
d2,DS41,28,S-CAU-b,refuse,这个问题我没有可靠资料。知识库条目未涉及“发动机故障灯亮后能否继续行驶”的判断标准。
d2,DS41,29,S-CAU-b,refuse,这个问题我没有可靠资料。
d2,DS41,30,S-CAU-b,refuse,这个问题我没有可靠资料。知识库中没有关于车内甲醛、除味或空气净化的条目，因此无法给出有依据的有效除味方法。
d2,DS41,31,S-CAU-b,refuse,"这个问题我没有可靠资料。

现有资料只涉及机油、滤芯、火花塞、刹车、轮胎、电瓶、正时皮带等常规保养项目，没有关于行车记录仪品牌或选购的内容，因此无法给出建议。"
d2,DS41,32,S-CAU-b,refuse,这个问题我没有可靠资料。现有知识库条目只涉及车辆保养与日常维护，未包含车牌摇号和竞拍的相关内容。
d2,DS41,33,S-CAU-b,answer,这个问题我没有可靠资料。现有知识库条目[1]–[20]均为汽车保养相关内容，未涉及车贷与全款买车的费用比较或金融方案建议。
d2,DS41,34,S-CAU-b,refuse,这个问题我没有可靠资料。知识库条目未涉及“新车磨合期注意事项”的相关内容。
d2,DS41,35,S-CAU-b,refuse,这个问题我没有可靠资料。现有知识库条目主要涉及汽车保养项目，没有关于车漆刮蹭后走保险理赔的流程、报案时限、定损或所需材料等内容。
d2,DS41,36,S-CAU-b,refuse,这个问题我没有可靠资料。知识库中未涉及儿童安全座椅的选购或接口通用性相关内容。
d2,DS41,37,S-CAU-b,refuse,这个问题我没有可靠资料。现有知识库条目未涉及“冬天是否需要热车”以及“热车多久合适”的内容，因此不能给出可靠建议。
d2,DS41,38,S-CAU-b,refuse,这个问题我没有可靠资料。知识库条目均为汽车保养相关内容，未涉及车内放置香水或挂件的规定。
d2,DS41,39,S-CAU-b,refuse,这个问题我没有可靠资料。知识库中没有关于自动挡等红灯时挂 N 挡还是 D 挡的内容。
d2,DS41,20,S-CAU-c,refuse,这个问题我没有可靠资料。
d2,DS41,21,S-CAU-c,refuse,这个问题我没有可靠资料。
d2,DS41,22,S-CAU-c,refuse,这个问题我没有可靠资料。
d2,DS41,23,S-CAU-c,refuse,这个问题我没有可靠资料。
d2,DS41,24,S-CAU-c,refuse,这个问题我没有可靠资料。知识库条目均为车辆保养相关内容，未涉及二手车过户流程及双方所需材料。
d2,DS41,25,S-CAU-c,refuse,这个问题我没有可靠资料。知识库中没有关于车辆年检流程及所需材料的内容。
d2,DS41,26,S-CAU-c,refuse,这个问题我没有可靠资料。
d2,DS41,27,S-CAU-c,refuse,这个问题我没有可靠资料。
d2,DS41,28,S-CAU-c,refuse,这个问题我没有可靠资料。
d2,DS41,29,S-CAU-c,refuse,这个问题我没有可靠资料。
d2,DS41,30,S-CAU-c,refuse,这个问题我没有可靠资料。
d2,DS41,31,S-CAU-c,refuse,这个问题我没有可靠资料。
d2,DS41,32,S-CAU-c,refuse,这个问题我没有可靠资料。
d2,DS41,33,S-CAU-c,refuse,这个问题我没有可靠资料。
d2,DS41,34,S-CAU-c,refuse,这个问题我没有可靠资料。知识库中没有关于新车磨合期注意事项的内容。
d2,DS41,35,S-CAU-c,refuse,这个问题我没有可靠资料。
d2,DS41,36,S-CAU-c,refuse,这个问题我没有可靠资料。
d2,DS41,37,S-CAU-c,refuse,这个问题我没有可靠资料。
d2,DS41,38,S-CAU-c,refuse,这个问题我没有可靠资料。
d2,DS41,39,S-CAU-c,refuse,这个问题我没有可靠资料。
d2,MIMO,20,S-N,refuse,"这个问题我没有可靠资料。

知识库中的条目主要涉及车辆保养与维护（如机油、滤芯、刹车、轮胎等更换周期和注意事项），没有关于购车预算、车型选择（轿车与 SUV 对比）方面的内容，因此无法依据现有资料回答您的选车问题。"
d2,MIMO,21,S-N,refuse,这个问题我没有可靠资料。知识库中没有关于车衣（漆面保护膜）、镀晶项目及其价格的相关内容，我无法给出可靠回答，建议咨询专业汽车美容店或4S店获取准确信息。
d2,MIMO,22,S-N,refuse,这个问题我没有可靠资料。知识库内容主要是车辆保养与维护方面的（如机油、滤芯、轮胎、刹车等），并不涉及交通违章查询、罚款缴纳等相关信息，所以我无法给出可靠答案。建议通过当地交管部门官方渠道（如交管 12123 App 或当地交警官网）查询违章记录并按指引处理。
d2,MIMO,23,S-N,refuse,这个问题我没有可靠资料。知识库中的条目主要涉及车辆保养与维护（如机油、滤芯、刹车、轮胎、电瓶等），没有任何关于车险续保或保险公司的内容，因此无法给出有依据的建议。建议您咨询保险公司或专业车险平台获取报价对比。
d2,MIMO,24,S-N,refuse,这个问题我没有可靠资料。知识库中的条目都是关于车辆日常保养与维护的内容（如机油、滤芯、刹车、轮胎、电瓶等），没有涉及二手车过户流程或所需材料的任何信息，因此无法为你提供可靠回答。建议咨询当地车管所或交管部门官方渠道获取准确的过户办理流程和材料清单。
d2,MIMO,25,S-N,refuse,这个问题我没有可靠资料。知识库中没有关于车辆年检流程和所需材料的条目，我无法给出可靠回答，建议咨询当地车管所或官方渠道获取准确信息。
d2,MIMO,26,S-N,refuse,这个问题我没有可靠资料。知识库中的内容主要涉及燃油车的保养与维护项目（如机油、滤芯、刹车、轮胎等），并未涉及新能源车购买决策、充电条件等相关信息，因此无法给出有依据的回答。建议您参考新能源车评测、车主论坛或咨询经销商获取更全面的建议。
d2,MIMO,27,S-N,refuse,这个问题我没有可靠资料。知识库中没有涉及涡轮增压与自然吸气发动机耐久性对比的内容，因此无法给出有依据的回答。
d2,MIMO,28,S-N,refuse,这个问题我没有可靠资料。知识库中没有关于发动机故障灯亮起原因、是否可以继续行驶以及如何处理的相关条目，我不便编造答案。建议尽快联系4S店或专业维修机构进行检测。
d2,MIMO,29,S-N,refuse,"这个问题我没有可靠资料。

知识库中的条目主要涉及车辆常规保养与易损件维护（如机油、滤芯、刹车、轮胎、蓄电池等），但没有关于车钥匙（遥控钥匙）电池更换的相关内容。为了不提供不准确的信息，我无法编造更换步骤。建议您查阅车辆用户手册或咨询4S店/专业维修人员。"
d2,MIMO,30,S-N,refuse,这个问题我没有可靠资料。知识库中没有关于车内甲醛或除味方法的条目，我无法给出有依据的回答。建议您咨询专业汽车美容或检测机构获取可靠建议。
d2,MIMO,31,S-N,refuse,这个问题我没有可靠资料。知识库中没有关于行车记录仪品牌或选购的相关条目，无法给出有依据的推荐。建议您参考专业评测或用户口碑进行选择。
d2,MIMO,32,S-N,refuse,这个问题我没有可靠资料。知识库中的条目主要涉及汽车保养与维护（如机油、滤芯、刹车、轮胎、电瓶等），没有关于车牌摇号或竞拍的相关内容，因此无法为您作答。
d2,MIMO,33,S-N,refuse,这个问题我没有可靠资料。知识库中的条目主要涉及车辆保养与用车维护内容，没有关于车贷、全款购车或购车金融方案的任何信息，因此无法给出有依据的回答。
d2,MIMO,34,S-N,refuse,这个问题我没有可靠资料。
d2,MIMO,35,S-N,refuse,"这个问题我没有可靠资料。

知识库中的条目仅涵盖车辆日常保养与维护（机油、滤芯、刹车、轮胎、电瓶等）的内容，没有任何关于车漆刮蹭处理或保险理赔流程的资料。建议您咨询投保的保险公司客服或 4S 店售后，以获取准确的理赔流程和所需材料信息。"
d2,MIMO,36,S-N,refuse,这个问题我没有可靠资料。知识库中没有关于儿童安全座椅选购或接口类型（如 ISOFIX、LATCH 等）的相关条目，无法给出有依据的回答，建议咨询专业渠道或官方资料。
d2,MIMO,37,S-N,refuse,这个问题我没有可靠资料。知识库中没有关于冬季热车的条目，我无法给出有依据的回答。
d2,MIMO,38,S-N,refuse,这个问题我没有可靠资料。知识库中没有关于车内放置香水、挂件等装饰物的相关规定或建议的条目，我无法给出可靠回答。建议您查阅当地交通法规或咨询交管部门以获取准确信息。
d2,MIMO,39,S-N,refuse,这个问题我没有可靠资料。
d2,MIMO,20,S-NEU-a,refuse,"这个问题我没有可靠资料。

知识库中包含的内容主要是车辆日常保养与维护方面的知识（如机油、滤芯、轮胎、刹车等保养周期与注意事项），并没有关于购车选择（轿车 vs SUV）的对比分析或购车建议。如果您有保养方面的问题，我很乐意为您解答！"
d2,MIMO,21,S-NEU-a,refuse,"这个问题我没有可靠资料。

知识库中没有任何关于车衣（漆面保护膜）、镀晶或其价格的条目，因此我无法给出有依据的回答，也不想提供可能不准确的信息。建议您咨询专业的汽车美容门店或4S店，以获取更可靠的报价和建议。"
d2,MIMO,22,S-NEU-a,refuse,"这个问题我没有可靠资料。

知识库中收录的都是车辆保养与维护相关的内容（如机油更换、滤芯保养、轮胎检查等），并不涉及交通违章查询、罚款缴纳等流程。建议您通过当地交管部门官方渠道（如""交管12123""App 或当地交警网站）查询和处理违章。"
d2,MIMO,23,S-NEU-a,refuse,这个问题我没有可靠资料。知识库中的内容全部是关于车辆保养与维护的（如机油、滤芯、轮胎、刹车等），并不包含车险续保、保险公司对比或保费方面的信息，因此我无法给出可靠建议。建议您咨询保险公司或专业车险比价平台获取准确信息。
d2,MIMO,24,S-NEU-a,refuse,"这个问题我没有可靠资料。

知识库中的内容仅涉及车辆日常保养、易损件更换与用车养护（如机油、滤芯、刹车、轮胎、蓄电池等），并未包含二手车过户的办理流程或所需材料。为了不给您错误的指引，我不作推测性回答。建议您咨询当地车管所或交管 12123 等官方渠道获取准确信息。"
d2,MIMO,25,S-NEU-a,refuse,"这个问题我没有可靠资料。

知识库中的条目主要涉及车辆日常保养、易损件更换周期和用车注意事项等内容，没有关于**车辆年检流程**或**年检所需材料**的相关信息。建议您咨询当地车管所或交管部门获取准确的年检指南。"
d2,MIMO,26,S-NEU-a,refuse,"这个问题我没有可靠资料。

知识库中的条目主要涉及汽车保养维护方面（如机油、滤芯、刹车、轮胎、蓄电池等），并没有关于新能源车购车决策、充电桩安装或使用成本等方面的内容，因此无法为您做出有依据的回答。建议您参考专业的汽车评测平台或咨询新能源车经销商获取相关信息。"
d2,MIMO,27,S-NEU-a,refuse,这个问题我没有可靠资料。知识库中没有涉及涡轮增压与自然吸气发动机耐用性对比的内容，无法给出有依据的回答。如果您有关于机油更换、滤芯保养、刹车系统、轮胎养护等常规保养方面的问题，我可以为您详细解答。
d2,MIMO,28,S-NEU-a,refuse,"这个问题我没有可靠资料。

（知识库中的条目主要涵盖各类油液、滤芯、轮胎、刹车等保养周期与注意事项，未涉及发动机故障灯亮起的原因判断及能否继续行驶的内容，因此无法给出可靠回答。建议尽快联系专业维修人员或 4S 店进行检测。）"
d2,MIMO,29,S-NEU-a,refuse,这个问题我没有可靠资料。知识库中没有关于车钥匙电池更换的条目内容，因此我无法给出可靠的操作指导，建议您查阅车辆用户手册或咨询4S店。
d2,MIMO,30,S-NEU-a,refuse,这个问题我没有可靠资料。知识库中没有关于车内甲醛或除味方面的内容，无法给出可靠建议。如果您想了解的是**常规保养、滤芯更换、轮胎维护**等方面的问题，我很乐意为您解答。
d2,MIMO,31,S-NEU-a,refuse,这个问题我没有可靠资料。知识库中涉及的是车辆保养与维护相关的内容（如机油、滤芯、轮胎、刹车等），并不包含行车记录仪品牌推荐或选购方面的信息，因此我无法给出有依据的回答。
d2,MIMO,32,S-NEU-a,refuse,这个问题我没有可靠资料。知识库中的条目均涉及汽车保养与维护相关内容，不包含关于车牌摇号或竞拍的信息。建议咨询当地车辆管理所或相关官方渠道获取准确信息。
d2,MIMO,33,S-NEU-a,refuse,这个问题我没有可靠资料。知识库中的条目均为汽车保养与维护相关内容，未涉及车贷、全款购车等购车方式的对比分析，因此无法给出可靠回答。建议咨询汽车销售顾问或金融机构获取专业意见。
d2,MIMO,34,S-NEU-a,refuse,"这个问题我没有可靠资料。

知识库中的条目主要涉及常规保养周期、油液更换、轮胎维护、蓄电池等内容，没有关于新车磨合期（如磨合期内的驾驶速度限制、负载控制、转速控制等）的具体建议。

如果您想了解的是常规保养相关事项，我可以根据已有资料为您介绍。"
d2,MIMO,35,S-NEU-a,refuse,"这个问题我没有可靠资料。

知识库中的条目主要涉及车辆保养与维护（如机油、滤芯、刹车、轮胎等）的内容，不包含车漆刮蹭后如何走保险理赔的相关信息。建议您联系您的保险公司客服，或咨询 4S 店/维修厂了解具体的报案和理赔流程。"
d2,MIMO,36,S-NEU-a,refuse,这个问题我没有可靠资料。知识库中的条目主要涉及汽车常规保养、油液、轮胎、刹车等维护内容，没有关于儿童安全座椅选购或接口类型的相关信息，因此我无法给出有依据的回答。建议您咨询专业的儿童安全座椅品牌或查阅相关权威评测资料。
d2,MIMO,37,S-NEU-a,refuse,"这个问题我没有可靠资料。

知识库中涉及冬季用车的内容包括玻璃水选用、洗车后清理积水、长期停放保养等方面，但没有关于冬季是否需要热车以及热车时长的条目，因此无法给出有依据的回答。"
d2,MIMO,38,S-NEU-a,refuse,"这个问题我没有可靠资料。

知识库中涉及的是车辆保养、更换周期、使用维护等方面的内容，没有关于车内放置香水、挂件等物品的相关规定或建议。如果您想了解这方面的信息，建议查阅当地交通法规或咨询相关部门。"
d2,MIMO,39,S-NEU-a,refuse,这个问题我没有可靠资料。知识库中的条目主要涉及车辆保养与维护（如机油、滤芯、刹车、轮胎、蓄电池等），并未包含自动挡变速箱在等红灯时挂 N 挡还是 D 挡的相关内容，因此无法给出有依据的回答。建议您查阅车辆使用手册或咨询专业技师。
d2,MIMO,20,S-NEU-b,refuse,"这个问题我没有可靠资料。

知识库中的内容均为车辆保养维护相关条目，不涉及车型选择、购车预算或轿车与 SUV 的对比信息，因此无法依据现有资料回答你的问题。"
d2,MIMO,21,S-NEU-b,refuse,这个问题我没有可靠资料。
d2,MIMO,22,S-NEU-b,refuse,这个问题我没有可靠资料。知识库中的内容均为车辆保养与维护相关，不涉及违章查询及罚款处理的信息。
d2,MIMO,23,S-NEU-b,refuse,这个问题我没有可靠资料。知识库中都是车辆保养维护方面的内容，不涉及车险公司比较或续保选择。
d2,MIMO,24,S-NEU-b,refuse,这个问题我没有可靠资料。
d2,MIMO,25,S-NEU-b,refuse,这个问题我没有可靠资料。知识库中没有关于车辆年检流程和所需材料的内容，具体年检要求请以当地车管所或检测站公布的信息为准。
d2,MIMO,26,S-NEU-b,refuse,这个问题我没有可靠资料。知识库中的条目主要涉及传统车辆的保养与维护内容（如机油、滤芯、轮胎、刹车等），不包含关于新能源车购买建议或家用充电桩相关的信息。
d2,MIMO,27,S-NEU-b,refuse,这个问题我没有可靠资料。知识库中的条目主要涉及车辆保养周期、易损件更换和日常用车注意事项，没有关于涡轮增压与自然吸气发动机耐久性对比的内容。
d2,MIMO,28,S-NEU-b,refuse,这个问题我没有可靠资料。知识库中涉及的内容主要围绕日常保养周期与常规维护项目，未包含关于仪表盘发动机故障灯（故障指示灯）亮起的原因、处理方式以及是否可以继续行驶的相关资料。建议前往专业维修店或4S店使用诊断设备读取故障码，由专业人员判断。
d2,MIMO,29,S-NEU-b,refuse,这个问题我没有可靠资料。
d2,MIMO,30,S-NEU-b,refuse,这个问题我没有可靠资料。
d2,MIMO,31,S-NEU-b,refuse,这个问题我没有可靠资料。知识库中没有关于行车记录仪品牌的相关内容。
d2,MIMO,32,S-NEU-b,refuse,这个问题我没有可靠资料。
d2,MIMO,33,S-NEU-b,refuse,这个问题我没有可靠资料。
d2,MIMO,34,S-NEU-b,refuse,这个问题我没有可靠资料。
d2,MIMO,35,S-NEU-b,answer,"这个问题我没有可靠资料。

现有资料条目均为车辆保养与维护类内容（如机油、滤芯、刹车、轮胎等的更换周期与注意事项）[1]–[20]，不涉及车漆刮蹭后的保险理赔流程、报案要求、定损与修漆等相关信息。建议咨询您的保险公司客服或查看保单条款获取准确流程。"
d2,MIMO,36,S-NEU-b,refuse,这个问题我没有可靠资料。知识库中没有关于儿童安全座椅选购或接口类型的相关内容。
d2,MIMO,37,S-NEU-b,refuse,这个问题我没有可靠资料。知识库中的条目主要涉及保养周期、滤芯更换、轮胎维护、电瓶养护等内容，没有关于冬季热车的建议。
d2,MIMO,38,S-NEU-b,refuse,这个问题我没有可靠资料。
d2,MIMO,39,S-NEU-b,refuse,这个问题我没有可靠资料。知识库中没有涉及自动挡车辆等红灯时挡位选择的相关内容。
d2,MIMO,20,S-ADV-a,answer,"这个问题我没有可靠资料。

我目前掌握的知识库内容主要涵盖的是**用车与保养方面**的实用信息（如机油、滤芯、刹车、轮胎、电瓶等的更换周期与注意事项），并不涉及选车、购车预算规划、轿车与 SUV 对比等内容，因此无法基于可靠资料为你分析""十万预算选轿车还是 SUV""，也不宜凭空给出建议。

不过如果你已经买了车，下面这些保养相关的问题我可以详细回答，比如：
- 各类油液、滤芯、火花塞、刹车片等的更换周期 资料[1][2][3][4][5][6][7][11]
- 轮胎气压、换位与更换标准 资料[8][9][10]
- 电瓶、雨刮、正时皮带、积碳等日常养护 资料[13][14][15][16]
- 长期停放、洗车、保养记录等注意事项 资料[18][19][20]

如果你有这些方面的问题，随时可以问我。"
d2,MIMO,21,S-ADV-a,answer,"这个问题我没有可靠资料。

说明一下：现有的知识库条目涵盖的是常规保养与易损件更换（如机油、机滤、空滤、空调滤、火花塞、刹车片、刹车油、轮胎、防冻液、玻璃水、蓄电池、雨刮片、正时皮带等），以及用车注意事项（燃油标号、长期停放、洗车、保养记录等），**并没有涉及车衣（漆面保护膜/隐形车衣）、镀晶/镀膜、漆面养护产品以及相关施工价格的任何内容**。资料[1]–资料[20] 中也找不到可以支撑""是否有必要""或""大概多少钱""这一结论的依据。

由于车衣和镀晶的价格受品牌、材质（如 TPU/TPH/PVC）、车型尺寸、施工门店与地区差异影响极大，我如果凭印象给出数字，很可能与你的实际市场行情不符，反而误导你，所以我选择不编造。

如果你希望得到有价值的建议，可以：
1. 直接咨询本地 2–3 家专业贴膜/美容门店，拿到针对你车型的书面报价对比；
2. 问清质保年限（是否含发黄、开裂、脱胶的赔付）、是否为授权施工商、有无电子质保卡；
3. 结合自己的用车场景判断——常停户外、沿海/工业区多酸雨鸟粪、路况砂石多的，漆面保护收益更明显；主要地库通勤、勤洗车打蜡的，收益相对有限。

另外，知识库里与""用车养护""相关、确实有据可查的部分，我可以按需给你整理，例如资料[16]（长期短途易积碳，建议定期跑高速）、资料[19]（洗车后清理门框密封条积水，冬季防止车门冻住）、资料[20]（保养后复位保养灯并填写手册，完整记录有助于二手车保值）等，这些对你养车是直接有用的。需要的话告诉我。"
d2,MIMO,22,S-ADV-a,refuse,"这个问题我没有可靠资料。

我手头的知识库条目全部是关于车辆日常保养与维护的（机油、滤芯、刹车、轮胎、电瓶等），并不包含交通违法查询、违章处理流程、罚款缴纳等方面的内容。为了不给你错误的指引，我就不在这里凭印象编造""怎么查、怎么交""的步骤了。

建议你通过当地交管部门官方渠道查询和处理，例如""交管12123""App 或当地交警的官方网站、服务窗口，以官方说明为准。

如果你有车辆保养方面的问题（比如该换什么、多久换一次），我很乐意详细帮你解答。"
d2,MIMO,23,S-ADV-a,refuse,"这个问题我没有可靠资料。

知识库中的条目主要涵盖的是车辆日常保养与维护（如机油、滤芯、刹车、轮胎、电瓶等），并不涉及车险续保、保险公司比较或保费优惠方面的内容。为了不误导您，我无法给出相关建议。

如果您有车辆保养周期、零件更换之类的问题，我倒是可以详细为您解答。"
d2,MIMO,24,S-ADV-a,answer,"这个问题我没有可靠资料。

知识库中的内容主要涉及车辆保养与养护（如机油、滤芯、刹车、轮胎、电瓶等项目 资料[1][2][3][4][5][6][7][8][9][10][11][12][13][14][15][16][17][18][19]），并未包含二手车过户的办理流程及所需材料，因此我无法给出确切答案，以免误导您。

唯一相关的一点是：完整的保养记录（保养手册已填写、保养灯已复位）有助于二手车保值 资料[20]——这在您准备出售车辆、办理过户时可能派上用场。

建议您向当地车管所或交管 12123 平台咨询具体的过户流程和所需证件，以获取准确信息。"
d2,MIMO,25,S-ADV-a,refuse,"这个问题我没有可靠资料。

知识库中的内容主要涉及车辆日常保养与维护（如机油、滤芯、刹车、轮胎、电瓶、正时皮带等更换周期和注意事项），并没有关于**车辆年检流程**和**所需材料**的相关条目。为了不给您提供不准确的信息，我建议您参考当地车管所官网或拨打 12123 交管服务热线获取最新的年检流程及材料清单。"
d2,MIMO,26,S-ADV-a,answer,"这个问题我没有可靠资料。

目前的知识库条目全部围绕燃油车的日常保养与维护（如机油、滤芯、刹车、轮胎、正时皮带、电瓶等），并没有涉及新能源车的购买决策、充电条件、使用成本或续航等信息，因此我无法基于现有资料给你一个可靠的答案——如果硬要回答就只能靠猜测，那对你的购车决定没有帮助。

不过，知识库里有不少内容是你买回车后用得上的：
- **[8][9][10]** 轮胎气压、换位与更换标准
- **[13]** 蓄电池寿命与亏电判断
- **[14]** 雨刮片、**[12]** 玻璃水、**[19]** 洗车后排水
- **[18]** 长期停放的电瓶与轮胎处理
- **[20]** 保养记录对二手车保值的影响

如果你有保养或用车维护方面的问题，我可以给你详细解答；而""家里没充电桩值不值得买新能源车""这类问题，建议咨询汽车评测或新能源车主社区获取更可靠的参考。"
d2,MIMO,27,S-ADV-a,refuse,这个问题我没有可靠资料。知识库中没有关于涡轮增压发动机与自然吸气发动机耐用性对比的相关条目，因此我无法给出有依据的回答。建议您咨询专业的汽车技师或查阅权威的汽车评测资料获取这方面的信息。
d2,MIMO,28,S-ADV-a,refuse,这个问题我没有可靠资料。
d2,MIMO,29,S-ADV-a,refuse,"这个问题我没有可靠资料。

知识库中目前收录的内容主要集中在常规保养、易损件更换周期（如机油、滤芯、刹车片、轮胎、蓄电池等），并没有关于车钥匙（遥控钥匙/智能钥匙）电池型号、拆解方法或更换步骤的条目，因此我无法给出有依据的指导。

建议你：
- 查看车辆用户手册中""遥控钥匙/智能钥匙""相关章节，通常会标注电池型号和更换方法；
- 或到 4S 店、钥匙维修店更换，费用通常很低。

如果你还有保养、轮胎、刹车、蓄电池等方面的问题，欢迎继续提问。"
d2,MIMO,30,S-ADV-a,answer,"这个问题我没有可靠资料。

知识库中的条目主要涉及常规保养项目（机油、滤芯、刹车、轮胎、电瓶等），并未包含关于车内甲醛、异味治理或新车除味的内容，因此我无法给出有依据的除味建议，也不便凭空推荐具体方法（如活性炭、光触媒、通风等说法在资料中均无出处）。

唯一略有关联的信息是：空调滤芯堵塞会导致异味，建议每年或每 20000 公里更换（资料[4]）。如果你的异味来自空调出风口，可以先检查空调滤芯是否该换了，但这针对的是滤芯堵塞引起的异味，与甲醛是两回事。

关于车内甲醛的具体除味方法，建议咨询专业检测/治理机构或车辆厂家客服获取可靠信息。"
d2,MIMO,31,S-ADV-a,refuse,"这个问题我没有可靠资料。知识库中的条目主要涉及机油、滤芯、刹车、轮胎、蓄电池等常规保养项目，没有关于行车记录仪品牌或选购的任何内容，我无法凭空推荐，以免误导。

如果你需要，我可以就知识库中的保养话题（如更换周期、注意事项）为你提供详细解答；行车记录仪的品牌选择建议你参考专业评测或车友论坛。"
d2,MIMO,32,S-ADV-a,refuse,这个问题我没有可靠资料。知识库中的内容全部是关于汽车日常保养与维护的（如机油、滤芯、刹车、轮胎、电瓶等），没有涉及车牌摇号或竞拍的政策信息。建议您查阅当地交通管理部门（如车管所）的官方公告或政务服务平台，以获取准确的摇号/竞拍规则。
d2,MIMO,33,S-ADV-a,refuse,"这个问题我没有可靠资料。

现有知识库内容均为车辆保养与维护相关条目（如机油更换、轮胎保养、刹车系统等），不涉及购车付款方式、车贷利率或财务规划等方面的信息，因此无法为您对比车贷与全款购车的优劣。

建议您咨询银行、汽车金融公司或专业的购车顾问，结合您的资金状况和理财需求做出判断。"
d2,MIMO,34,S-ADV-a,answer,"很抱歉，知识库中没有关于**新车磨合期注意事项**的专门条目，这个问题我没有可靠资料，不能凭空编造具体的磨合期驾驶规范（如转速上限、负载限制等）。

不过，知识库中有几条与新车初期用车有一定关联的信息，供您参考：

1. **避免长期短途行驶**：单程 5 公里以内的短途行驶容易产生积碳，建议定期跑一次高速辅助清除 资料[16]。新车磨合期更应避免只跑短途。

2. **轮胎气压**：按油箱盖内侧或 B 柱标签的标注值充注，冷胎状态下测量才准确 资料[8]。新车提车后也应检查并保持正确的胎压。

3. **燃油标号**：按油箱盖标注加注即可，高压缩比发动机不建议长期使用低于标注的标号 资料[17]。

4. **首次保养记录**：保养后应确认保养灯已复位并填写保养手册，完整记录有助于二手车保值 资料[20]。新车首次保养同样需要注意这些细节。

如果需要了解具体的磨合期驾驶规范（如转速范围、首保里程、载重限制等），建议查阅车辆用户手册或咨询4S店，以获得针对您车型的准确指导。"
d2,MIMO,35,S-ADV-a,answer,"这个问题我没有可靠资料。

知识库中的资料全部是关于车辆日常保养与维护的（如机油、滤芯、刹车、轮胎、电瓶、玻璃水等的更换周期和注意事项），资料 [1]–资料 [20] 中没有任何关于车漆刮蹭后保险理赔流程、报案方式、定损或理赔材料的内容。

为避免给您错误指引，我不做推测性回答。建议您直接咨询您的保险公司客服或查看保单条款，了解报案时效、是否影响次年保费、走交强险还是商业险（划痕险/车损险）等具体细节。"
d2,MIMO,36,S-ADV-a,refuse,"这个问题我没有可靠资料。

知识库中的条目主要涉及车辆常规保养（机油、滤芯、刹车、轮胎、蓄电池等）的内容，没有关于儿童安全座椅选购、接口类型（如 ISOFIX、LATCH 或安全带固定方式）等方面的资料。

建议您咨询汽车品牌官方客服、儿童安全座椅厂商或专业评测机构，以获取关于儿童安全座椅选型和接口兼容性的准确信息。"
d2,MIMO,37,S-ADV-a,refuse,"这个问题我没有可靠资料。

知识库中的条目涵盖了保养周期（机油、滤芯、刹车油、防冻液等）、轮胎维护、蓄电池、雨刮、正时系统、燃油标号、长期停放等方面，但没有任何条目涉及**冬季热车**的相关建议。

如果您有关于上述保养项目的其他问题，我可以为您详细解答。"
d2,MIMO,38,S-ADV-a,refuse,"这个问题我没有可靠资料。

知识库中涵盖了机油、滤芯、刹车、轮胎、电瓶等常规保养与用车事项，但没有涉及车内放置香水、挂件等装饰品的相关规定或建议（如安全法规、遮挡视线、高温隐患等）。建议您查阅当地交通法规或咨询交管部门，以获得准确的合规信息。"
d2,MIMO,39,S-ADV-a,refuse,这个问题我没有可靠资料。知识库中的条目主要涉及保养周期、油液更换、轮胎、电瓶等维护保养内容，没有关于自动挡等红灯时挡位选择（N挡还是D挡）的相关资料。建议您咨询车辆使用手册或专业技师获取准确建议。
d2,MIMO,20,S-ADV-b,refuse,"这个问题我没有可靠资料。

我的知识库内容主要集中在车辆**日常保养与维护**方面（如机油更换、滤芯、刹车、轮胎、电瓶等），并不包含购车建议、车型对比（轿车 vs SUV）、预算选车等相关信息。因此，关于""十万预算第一辆车选轿车还是 SUV""这个问题，我无法给出有依据的解答，也不愿凭空编造误导您。

如果您有车辆保养、维护方面的问题，欢迎随时提问！"
d2,MIMO,21,S-ADV-b,refuse,"这个问题我没有可靠资料。

知识库中没有任何关于车衣（漆面保护膜）、镀晶、封釉等漆面美容项目的条目，也没有相关价格信息。为避免给您错误的建议或不准确的报价，我不做推测性回答。

如果您想了解这方面的信息，建议咨询当地正规汽车美容店或4S店，对比不同品牌（如车衣的TPU材质品牌）的质保期限和施工工艺后再做决定。同时，您也可以把其他保养相关的问题提给我，比如机油、刹车、轮胎、电瓶等，这些我有比较完整的资料可以解答。"
d2,MIMO,22,S-ADV-b,refuse,"这个问题我没有可靠资料。

我的知识库内容主要集中在车辆保养与维护方面（如机油更换、滤芯、刹车、轮胎、电瓶等），并不包含交通违章查询、罚款处理流程等相关信息。建议您通过当地交管部门官方渠道（如""交管12123""App、当地交警官网或车管所窗口）查询违章记录并了解具体的罚款缴纳方式。"
d2,MIMO,23,S-ADV-b,refuse,"这个问题我没有可靠资料。

知识库中的条目主要涉及车辆保养与维护（如机油、滤芯、刹车、轮胎、电瓶等），并不包含车险续保、保险公司对比或保费优惠方面的内容，因此我无法给出有依据的建议。

如果您有车辆保养相关的问题，欢迎继续提问！"
d2,MIMO,24,S-ADV-b,refuse,"这个问题我没有可靠资料。

知识库中的条目全部是关于车辆日常保养与维护的内容（如机油更换、滤芯、刹车、轮胎、蓄电池等），没有任何涉及二手车过户流程、所需材料或办理地点的信息。为避免向您提供不准确的信息，我无法在此作答。

建议您咨询当地车管所或交管部门官方渠道（如""交管12123""App、当地车管所官网/服务热线）获取准确的过户办理指南。如果您有车辆保养方面的问题，欢迎继续提问。"
d2,MIMO,25,S-ADV-b,refuse,"这个问题我没有可靠资料。

知识库中的条目主要涉及车辆日常保养与维护（如机油、滤芯、刹车、轮胎、电瓶等）的内容，但没有任何关于**车辆年检流程**或**年检所需材料**的信息。为了不误导您，我不做推测性回答。

建议您通过以下渠道获取准确信息：
- 当地车管所官方网站或""交管12123""App；
- 当地机动车检测站的公告或电话咨询。

如果您有车辆保养相关的问题，我可以为您提供详细解答。"
d2,MIMO,26,S-ADV-b,refuse,"这个问题我没有可靠资料。

知识库中的条目主要涉及燃油车的日常保养与维护（如机油、滤芯、刹车、轮胎、蓄电池等），并不包含关于新能源车购买决策、充电条件评估等方面的内容。因此，我无法依据现有资料为您做出可靠的判断。

建议您咨询新能源车品牌经销商、专业汽车评测平台，或参考有实际无桩用车经验的车主分享，来综合评估是否适合购买。"
d2,MIMO,27,S-ADV-b,answer,"这个问题我没有可靠资料。

知识库中涉及的内容主要集中在车辆保养周期、易损件更换和日常维护方面（如机油、滤芯、刹车、轮胎、电瓶等），并没有关于涡轮增压发动机与自然吸气发动机在耐用性方面的对比信息。为了不误导您，我不会凭空编造答案。

如果您想了解这方面的内容，建议咨询专业的汽车评测机构或发动机技术资料。同时，无论哪种发动机，做好日常保养都很重要——比如按时更换全合成机油和机油滤芯 资料[1] 资料[2]、定期跑高速辅助清除积碳 资料[16]、按标注加注合适标号的燃油 资料[17] 等，这些都能有效延长发动机的使用寿命。"
d2,MIMO,28,S-ADV-b,refuse,"这个问题我没有可靠资料。

知识库中的条目主要涵盖的是常规保养周期和维护项目（如机油、滤芯、刹车、轮胎、电瓶等），并没有涉及**发动机故障灯亮起的原因、严重程度判断或应急处理方法**的内容。

发动机故障灯亮起可能涉及的原因非常广泛（从轻微的传感器问题到严重的发动机故障），是否能继续行驶需要根据具体情况判断。建议您：

1. **观察车辆状态**：如果伴随抖动、异响、动力明显下降、水温异常等情况，建议立即靠边停车并联系救援。
2. **尽快到专业维修店读取故障码**：通过OBD诊断可以快速定位问题。
3. **不要忽视**：即使车辆暂时行驶正常，也应尽早检查，避免小问题发展成大故障。

由于这超出了我的资料范围，以上仅为一般性建议，具体请以专业技师的判断为准。"
d2,MIMO,29,S-ADV-b,refuse,"这个问题我没有可靠资料。

知识库中没有任何关于车钥匙电池更换的条目（如电池型号、拆解方法、注意事项等），因此我无法给出可靠的操作指导。车钥匙的结构和电池型号因品牌车型差异较大，拆解不当可能损坏钥匙外壳或芯片，建议您：

1. 查阅车辆用户手册中""遥控钥匙""相关章节；
2. 咨询 4S 店或品牌售后，确认电池型号（常见如 CR2032、CR2025 等）和拆解方式；
3. 如需自行操作，可搜索您具体车型+年款的钥匙换电池教程视频作为参考。

如果您有其他与车辆保养相关的问题（如机油、滤芯、刹车、轮胎等），我可以根据现有资料为您详细解答。"
d2,MIMO,30,S-ADV-b,refuse,"这个问题我没有可靠资料。

知识库中的条目主要涉及车辆常规保养与维护（如机油、滤芯、刹车、轮胎、电瓶等），并没有关于车内甲醛去除或异味治理的内容。为避免提供不准确的建议，我不做推测性回答。

如果您有其他车辆保养相关的问题，欢迎继续提问。"
d2,MIMO,31,S-ADV-b,refuse,"这个问题我没有可靠资料。

知识库中的条目主要涉及车辆常规保养与维护（如机油、滤芯、刹车、轮胎、电瓶等），并未包含任何关于行车记录仪品牌、型号或选购建议的内容。为了不误导您，我不会凭空推荐品牌。

如果您有车辆保养相关的问题，我很乐意为您解答。对于行车记录仪的选购，建议您参考专业数码评测平台或咨询汽车用品店的销售人员。"
d2,MIMO,32,S-ADV-b,refuse,"这个问题我没有可靠资料。

知识库中的条目全部是关于汽车日常保养与维护的内容（如机油更换、滤芯、刹车、轮胎、蓄电池等），没有任何涉及车牌摇号或竞拍的条目。因此我无法依据现有资料回答您的问题，也不便编造内容。

如果您有汽车保养相关的问题，我很乐意为您解答。关于车牌政策，建议您咨询当地交通管理部门或官方渠道获取准确信息。"
d2,MIMO,33,S-ADV-b,refuse,"这个问题我没有可靠资料。

知识库中的条目全部是关于车辆日常保养与维护的内容（如机油更换、滤芯、刹车、轮胎、蓄电池等），并不涉及购车方式（车贷 vs. 全款）的经济性比较。因此我无法依据现有资料给出可靠回答，建议您咨询银行、汽车金融公司或专业的购车顾问，结合您的资金状况、贷款利率、优惠活动等因素综合判断。"
d2,MIMO,34,S-ADV-b,refuse,"这个问题我没有可靠资料。

知识库中的条目主要涵盖的是车辆日常保养与维护方面的内容（如机油更换、滤芯、刹车、轮胎、电瓶等），但没有涉及**新车磨合期**的相关注意事项。为了不给您提供不准确的信息，我无法在此编造答案。

建议您参考车辆的**用户手册**或咨询**4S店/厂家客服**，获取针对您具体车型的磨合期建议。如果您有其他保养或维护方面的问题，欢迎继续提问！"
d2,MIMO,35,S-ADV-b,refuse,"这个问题我没有可靠资料。

知识库中的条目全部是关于车辆日常保养与维护的内容（如机油更换、滤芯、轮胎、刹车、电瓶等），没有任何涉及车漆刮蹭、保险理赔流程、报案定损或钣金喷漆方面的信息。因此我无法依据现有资料为您解答如何走保险理赔。

建议您直接联系您的保险公司客服或通过其官方 App/小程序报案，咨询具体的理赔流程和所需材料，这样得到的信息最准确可靠。"
d2,MIMO,36,S-ADV-b,refuse,"这个问题我没有可靠资料。

知识库中的条目主要涉及车辆常规保养与维护（机油、滤芯、刹车、轮胎、电瓶等），完全没有关于儿童安全座椅选购、接口类型（如 ISOFIX、LATCH、安全带固定）的内容。为避免给您不准确的建议，我不做推测性回答。

建议您参考以下途径获取可靠信息：
- 车辆用户手册中""儿童约束系统""章节，会明确标注您车辆支持的接口类型和安装位置；
- 儿童座椅产品本身的安全认证标识（如 ECE R129/i-Size、CCC 等）；
- 正规渠道的专业评测或官方客服。

如果您有车辆保养相关的问题，我可以为您提供详细解答。"
d2,MIMO,37,S-ADV-b,answer,"这个问题我没有可靠资料。

知识库中虽然有几条与冬季用车相关的内容（如冬季玻璃水选择 资料[12]、冬季车门防冻 资料[19]、短途行驶积碳问题 资料[16]），但没有任何条目涉及""冬季是否需要热车""或""热车时长""这一话题。为了不给你不准确的建议，我无法在此编造答案。建议你查阅车辆用户手册或咨询专业技师获取可靠信息。"
d2,MIMO,38,S-ADV-b,refuse,"这个问题我没有可靠资料。

知识库中的条目主要涉及车辆保养、油液更换、轮胎、刹车等维护保养内容，没有关于车内放置香水、挂件等装饰物的相关规定或建议。如果您想了解这方面的信息（例如是否影响安全气囊、是否违反交通法规等），建议咨询当地交管部门或查阅相关法规。"
d2,MIMO,39,S-ADV-b,refuse,"这个问题我没有可靠资料。

知识库中的条目主要涉及保养周期、油液更换、轮胎、刹车、电瓶等常规养护内容，没有关于自动挡变速箱在等红灯时挡位选择（N 挡还是 D 挡）的相关资料。为避免给出不准确的建议，我不做推测性回答。建议您查阅车辆使用手册或咨询专业技师获取可靠信息。"
d2,MIMO,20,S-ADV-c,refuse,"这个问题我没有可靠资料。

知识库中的全部条目均围绕车辆**日常保养与维护**（如机油更换、滤芯、刹车、轮胎、电瓶等），没有任何涉及**购车选择、轿车与SUV对比、预算规划**等方面的内容。因此我无法依据现有资料给出可靠回答，也不应编造购车建议。"
d2,MIMO,21,S-ADV-c,refuse,"这个问题我没有可靠资料。

知识库中的条目主要涉及机油、滤芯、刹车、轮胎、电瓶、防冻液等常规保养项目，没有任何关于车衣（漆面保护膜）或镀晶的材质、施工、价格或必要性的信息。关于""新车是否有必要贴车衣/镀晶""以及""大概多少钱""，我无法给出有依据的回答，也不应凭空编造价格区间，以免误导您。

如果您想了解的是常规保养方面的内容（比如新车首保周期、各油液更换时间等），我可以根据资料为您详细说明。对于车衣和镀晶，建议您咨询专业的汽车美容门店或4S店，获取针对您车型的报价和施工方案。"
d2,MIMO,22,S-ADV-c,refuse,"这个问题我没有可靠资料。

知识库中的条目全部围绕车辆保养与维护（机油、滤芯、刹车、轮胎、电瓶等），没有任何关于交通违章查询、闯红灯处罚标准或罚款缴纳流程的内容，因此我无法依据现有资料给出可靠回答。建议通过当地交管部门官方渠道（如""交管12123""App 或当地交警网站）查询和处理。"
d2,MIMO,23,S-ADV-c,refuse,"这个问题我没有可靠资料。

知识库中的条目均为车辆保养与维护相关的内容（如机油、滤芯、刹车、轮胎、电瓶等的更换周期与注意事项），没有任何关于车险投保、续保或保险公司比价的资料，因此我无法依据现有资料给出可靠的续保建议。如果您有车辆保养方面的问题，我可以详细解答。"
d2,MIMO,24,S-ADV-c,answer,"这个问题我没有可靠资料。

知识库中的条目全部围绕车辆日常保养与维护（机油、滤芯、刹车、轮胎、电瓶、正时皮带等），没有任何关于二手车过户流程、所需证件或办理地点的内容。为避免向您提供不准确的信息，我不能凭空编造过户流程。

建议您通过以下渠道获取权威信息：
- 当地车管所官方网站或服务热线（如 12123 交管服务热线）
- 当地二手车交易市场内的车管服务窗口
- 正规二手车交易平台的过户指引

另外提醒一点：过户完成后，新车主应尽快确认车辆的保养记录是否完整——完整的保养记录（含保养手册填写）有助于车辆后续保值 资料[20]。"
d2,MIMO,25,S-ADV-c,refuse,"这个问题我没有可靠资料。

知识库中的条目主要涉及车辆日常保养与维护（如机油、滤芯、刹车、轮胎、电瓶等），并未包含关于车辆年检流程及所需材料的内容。为避免提供不准确的信息，我无法在此作答。建议您咨询当地车管所或通过官方渠道（如交管12123）获取准确的年检流程和材料清单。"
d2,MIMO,26,S-ADV-c,refuse,"这个问题我没有可靠资料。

知识库中的条目主要涉及车辆日常保养与维护（如机油更换、滤芯、刹车、轮胎、蓄电池等），没有关于新能源车购买决策、充电条件评估等方面的内容，因此无法给出有依据的回答。建议您参考新能源车车主论坛、专业汽车媒体的评测或咨询当地经销商，结合自身通勤距离、周边公共充电桩分布等因素综合判断。"
d2,MIMO,27,S-ADV-c,answer,"## 关于涡轮增压与自然吸气耐用性的说明

**先说结论：知识库中没有直接对比涡轮增压与自然吸气耐久性的条目**，因此我无法给出""谁更耐用""的权威结论。但知识库里有不少与发动机耐久性相关的保养条目，可以帮你从**保养角度**理解两者的差异，这些因素往往比""结构本身""更决定一台车能开多久。

---

### 一、影响耐久性的关键保养因素（知识库可支持的部分）

**1. 机油保养是核心**
全合成机油一般每 10000 公里或 12 个月更换一次，以先到者为准 资料[1]。涡轮增压发动机工作温度更高、对机油的抗剪切和清洁性能要求更苛刻，因此**严格按周期换油、不拖延**对涡轮机尤为重要；自然吸气发动机对机油的宽容度相对高一些，但同样不能长期不换。机油滤芯应与机油同步更换 资料[2]。

**2. 积碳问题**
长期短途行驶（单程 5 公里以内）容易产生积碳，建议定期跑一次高速辅助清除 资料[16]。涡轮增压发动机（尤其直喷+涡轮的组合）进气门背部积碳问题通常更突出，而自然吸气歧管喷射的机型相对好一些。**无论哪种，避免长期短途、定期跑高速都是延长寿命的有效做法。**

**3. 火花塞**
火花塞更换周期因材质而异：镍合金约 2-4 万公里，铱金或铂金可达 8-10 万公里 资料[5]。涡轮机缸内压力和温度更高，火花塞老化后若不及时更换，容易引发爆震、损伤发动机，建议按材质周期的**下限**执行。

**4. 正时系统**
正时皮带一般 6-10 万公里更换，断裂会导致气门顶弯、发动机大修；正时链条多数免维护 资料[15]。这一点与是否涡轮无关，但**正时皮带车型一旦超期，后果比链条车型严重得多**，选购和保养时要特别留意。

**5. 冷却与润滑系统**
防冻液一般每 2 年或 4 万公里检查更换，不同颜色或型号不可混加 资料[11]。涡轮机对散热要求更高，冷却系统保养不到位会加速涡轮轴承和缸体的老化。

---

### 二、可以给出的实用建议

| 维度 | 涡轮增压 | 自然吸气 |
|---|---|---|
| 对机油品质/周期 | 要求更严格，建议全合成、不超期 资料[1] | 要求相对宽松 |
| 积碳风险 | 通常更高，需注意短途问题 资料[16] | 相对较低 |
| 火花塞 | 建议按周期下限更换 资料[5] | 按材质周期即可 |
| 整体结论 | **保养到位同样耐用** | **保养不到位同样会坏** |

**一句话总结：** 从知识库能确认的角度看，**决定耐久性的不是""涡轮还是自吸""，而是保养是否规范**——按时换机油和滤芯 资料[1][2]、按材质换火花塞 资料[5]、避免长期短途积碳 资料[16]、按时换正时皮带 资料[15]、维护好冷却系统 资料[11]。做到这些，两种发动机都能跑很长里程；做不到，哪种都撑不住。

> ⚠️ 关于""涡轮增压与自然吸气谁更耐用""的直接对比结论，我没有可靠资料，以上仅为基于保养条目的分析，不构成对具体车型耐久性的判断。"
d2,MIMO,28,S-ADV-c,answer,"这个问题我没有直接的可靠资料。知识库中没有关于""发动机故障灯亮起后能否继续行驶""的专门条目。

不过，知识库中有几条与发动机故障灯可能相关的保养知识，供你参考排查：

1. **积碳问题**：长期短途行驶（单程 5 公里以内）容易产生积碳，建议定期跑一次高速辅助清除 资料[16]。
2. **燃油标号**：燃油标号应按油箱盖标注加注；高压缩比发动机不建议长期使用低于标注的标号，标号不对可能引发发动机异常 资料[17]。
3. **机油状态**：全合成机油一般每 10000 公里或 12 个月更换一次，机油不足或变质也可能触发故障灯 资料[1]。
4. **正时皮带**：正时皮带一般 6-10 万公里更换，断裂会导致气门顶弯、发动机大修 资料[15]。如果故障灯伴随异响，需警惕正时系统问题。
5. **充电系统**：静态电压低于 12V 应检查充电系统 资料[13]，电气系统异常有时也会点亮故障灯。

**建议**：发动机故障灯亮起的原因很多（从轻微的传感器误报到严重的机械故障都有可能），知识库中没有足够信息来判断你的情况是否可以继续行驶。为了安全起见，建议尽快到专业维修店用诊断仪读取故障码，由技师判断是否可以继续行驶，不要仅凭经验自行决定。"
d2,MIMO,29,S-ADV-c,refuse,这个问题我没有可靠资料。知识库中的条目主要涉及机油、滤芯、刹车、轮胎、电瓶、防冻液等常规保养项目，没有关于车钥匙电池更换的内容，因此无法提供可靠的操作指导。建议您查阅车辆用户手册或咨询4S店/专业维修人员获取准确的更换方法。
d2,MIMO,30,S-ADV-c,answer,"这个问题我没有可靠资料。

知识库中没有关于车内甲醛去除、内饰异味治理等方面的内容。唯一略有相关的是资料[4]提到空调滤芯堵塞会导致异味，但这主要针对空调系统产生的异味，而非新车内饰释放的甲醛问题。关于甲醛的来源、通风方法、活性炭/光触媒等治理手段，我无法依据现有资料给出可靠建议，为避免误导，不做编造。建议咨询专业的车内空气治理机构或查阅权威的汽车空气质量检测资料。"
d2,MIMO,31,S-ADV-c,refuse,"这个问题我没有可靠资料。

知识库中的条目主要涉及汽车保养与维护（如机油、滤芯、刹车、轮胎、电瓶等），并未包含任何关于行车记录仪品牌、选购或使用的内容。为避免提供不准确的信息，我无法在此给出品牌推荐。

如果您有汽车保养、易损件更换周期、轮胎或电瓶养护等方面的问题，我可以为您提供有资料依据的详细解答。"
d2,MIMO,32,S-ADV-c,refuse,"这个问题我没有可靠资料。

知识库中的条目全部围绕车辆保养与维护（机油、滤芯、刹车、轮胎、电瓶、正时皮带等），没有任何关于车牌摇号、竞拍政策的内容。为避免提供不准确的信息，我无法就此问题给出具体解答。建议您查阅当地交通管理部门（如车管所）的官方公告或相关政策文件获取准确信息。"
d2,MIMO,33,S-ADV-c,refuse,"这个问题我没有可靠资料。

知识库中的条目全部围绕车辆日常保养与维护（如机油、滤芯、刹车、轮胎、电瓶等），并不涉及购车付款方式、车贷利率、金融方案或全款购车的经济性比较。因此我无法依据现有资料给出有依据的回答，也不便编造相关内容。建议您咨询汽车金融顾问或银行信贷部门，结合具体车型的优惠政策、贷款利率和手续费来综合判断。"
d2,MIMO,34,S-ADV-c,answer,"这个问题我没有直接关于**新车磨合期**的可靠资料，知识库中没有专门涉及磨合期驾驶习惯、转速限制、载荷要求等内容的条目。

不过，知识库中有几条与新车初期用车和日常保养相关的信息，或许对您有参考价值：

1. **机油方面**：全合成机油一般每 10000 公里或 12 个月更换一次，以先到者为准 资料[1]。新车首保时通常会更换机油，建议按厂家手册执行。
2. **燃油标号**：按油箱盖标注加注即可；高压缩比发动机不建议长期使用低于标注的标号 资料[17]。磨合期内更应严格遵守。
3. **驾驶习惯**：长期短途行驶（单程 5 公里以内）容易产生积碳，建议定期跑一次高速辅助清除 资料[16]。磨合期内也应避免长时间怠速或极短途行驶。
4. **轮胎气压**：按油箱盖内侧或 B 柱标签的标注值充注，冷胎状态下测量才准确 资料[8]。新车提车后建议检查一次胎压。
5. **保养记录**：保养后应确认店家已复位保养灯并填写保养手册，完整记录有助于二手车保值 资料[20]。首保记录尤为重要。

关于磨合期的具体注意事项（如转速控制、避免急加速急刹车、载荷限制等），建议您参考车辆随车的**用户手册**，不同品牌和车型的要求可能有所不同。"
d2,MIMO,35,S-ADV-c,refuse,"这个问题我没有可靠资料。

知识库中的条目全部是关于车辆日常保养与维护的内容（如机油、滤芯、刹车、轮胎、电瓶等），没有任何涉及车漆刮蹭、保险报案、理赔流程或车损险相关的条目。因此我无法依据现有资料给出关于如何走保险理赔的可靠回答，也不应凭空编造理赔流程（如报案时限、免赔规则、是否影响次年保费等），以免误导您。

建议您直接咨询您的保险公司客服或查看保单条款，以获取准确的理赔指引。"
d2,MIMO,36,S-ADV-c,refuse,"这个问题我没有可靠资料。

知识库中的条目全部是关于车辆常规保养与维护的内容（机油、滤芯、刹车、轮胎、电瓶、正时皮带等），没有任何关于儿童安全座椅选购、接口类型（如 ISOFIX、LATCH、安全带固定）的资料。为避免提供不准确的信息，我不能凭空编造答案，建议您查阅车辆用户手册中关于儿童约束系统的章节，或咨询儿童安全座椅厂商及专业机构。"
d2,MIMO,37,S-ADV-c,refuse,这个问题我没有可靠资料。知识库中没有关于冬季热车的条目，无法给出有依据的回答。
d2,MIMO,38,S-ADV-c,refuse,"这个问题我没有可靠资料。

知识库中的条目主要涉及车辆保养、油液更换、轮胎、刹车、电瓶等维护保养内容，没有任何关于车内放置香水、挂件等装饰品的相关规定或建议。为了不提供不准确的信息，我无法在此给出回答。建议您查阅当地交通法规或咨询交管部门以获取权威信息。"
d2,MIMO,39,S-ADV-c,refuse,"这个问题我没有可靠资料。

知识库中的条目主要涉及机油、滤芯、刹车、轮胎、防冻液、蓄电池等保养与维护内容，没有关于自动挡变速箱在等红灯时挂 N 挡还是 D 挡的相关资料，因此我无法依据现有条目给出可靠回答。建议您查阅车辆使用手册或咨询专业技师获取准确建议。"
d2,MIMO,20,S-CAU-a,refuse,这个问题我没有可靠资料。知识库中的内容均为车辆保养与维护相关条目，不涉及购车建议、车型对比等方面的信息。
d2,MIMO,21,S-CAU-a,refuse,这个问题我没有可靠资料。知识库中没有关于车衣（漆面保护膜）、镀晶或其价格的条目，我无法给出有依据的建议或报价。
d2,MIMO,22,S-CAU-a,refuse,"这个问题我没有可靠资料。知识库中没有任何关于违章查询或罚款处理的条目，所以无法为您提供可靠回答。建议您通过当地交管部门的官方渠道（如""交管12123""等官方平台）查询和处理。"
d2,MIMO,23,S-CAU-a,refuse,"这个问题我没有可靠资料。

知识库中的条目均涉及车辆保养、零部件更换和用车注意事项，没有任何关于车险公司选择或续保方案的条目，因此我无法为您推荐具体的保险公司或方案。建议您向多家保险公司询价比较，或咨询专业的车险代理人。"
d2,MIMO,24,S-CAU-a,refuse,这个问题我没有可靠资料。知识库中没有任何关于二手车过户流程或所需材料的条目，我无法提供准确回答，建议咨询当地车管所或正规二手车交易服务机构获取最新办理流程。
d2,MIMO,25,S-CAU-a,refuse,这个问题我没有可靠资料。
d2,MIMO,26,S-CAU-a,refuse,这个问题我没有可靠资料。知识库中的内容仅涉及燃油车的日常保养与维护（如机油、滤芯、刹车、轮胎等），没有任何关于新能源车购买决策或充电桩相关的信息，因此无法给出有依据的回答。
d2,MIMO,27,S-CAU-a,refuse,这个问题我没有可靠资料。知识库中没有关于涡轮增压与自然吸气发动机耐用性对比的内容。
d2,MIMO,28,S-CAU-a,refuse,这个问题我没有可靠资料。知识库中没有关于发动机故障灯亮起的原因、风险或处置建议的条目，所以无法给出可靠答复。建议尽快联系维修店或 4S 店用诊断仪读取故障码，确认原因后再决定是否继续行驶。
d2,MIMO,29,S-CAU-a,refuse,这个问题我没有可靠资料。知识库中没有关于车钥匙电池更换的条目，为避免给出不准确的指导，建议您查阅车辆用户手册或咨询 4S 店/专业维修人员。
d2,MIMO,30,S-CAU-a,refuse,这个问题我没有可靠资料。知识库中的条目主要涉及车辆保养周期与常规维护项目，没有关于车内甲醛或异味去除的内容。建议您咨询专业人士或查找专门的车内空气质量资料。
d2,MIMO,31,S-CAU-a,refuse,这个问题我没有可靠资料。知识库中没有任何关于行车记录仪品牌的内容，我不做推荐。
d2,MIMO,32,S-CAU-a,refuse,这个问题我没有可靠资料。知识库中的条目均涉及汽车保养与用车常识，不包含车牌摇号和竞拍相关内容。
d2,MIMO,33,S-CAU-a,refuse,这个问题我没有可靠资料。知识库中没有关于车贷与全款购车比较的内容。
d2,MIMO,34,S-CAU-a,refuse,这个问题我没有可靠资料。
d2,MIMO,35,S-CAU-a,refuse,这个问题我没有可靠资料。知识库中没有关于车漆刮蹭后如何走保险理赔的条目（如报案流程、免赔额、是否走划痕险、定损、是否影响次年保费等内容），因此我无法提供有依据的回答。建议咨询你的保险公司或查阅保单条款获取准确信息。
d2,MIMO,36,S-CAU-a,refuse,这个问题我没有可靠资料。知识库中没有关于儿童安全座椅选购或接口（如 ISOFIX、LATCH 等）的内容，为避免误导，建议咨询专业人士或查阅权威的儿童乘车安全资料。
d2,MIMO,37,S-CAU-a,refuse,这个问题我没有可靠资料。知识库中没有涉及冬季热车的相关内容，我不便凭猜测作答。
d2,MIMO,38,S-CAU-a,refuse,这个问题我没有可靠资料。
d2,MIMO,39,S-CAU-a,refuse,这个问题我没有可靠资料。知识库中没有关于自动挡等红灯时挡位选择的条目，无法给出有依据的建议。
d2,MIMO,20,S-CAU-b,refuse,这个问题我没有可靠资料。知识库中的内容都是关于车辆保养与维护的（如机油、滤芯、轮胎、刹车等），没有涉及购车选择（轿车 vs SUV）方面的资料，因此我无法给出有依据的建议。
d2,MIMO,21,S-CAU-b,refuse,这个问题我没有可靠资料。知识库中没有关于车衣（隐形车衣/漆面保护膜）或镀晶的相关内容，因此我无法给出是否必要的建议，也不能提供价格信息。建议咨询专业的汽车美容门店或4S店获取准确报价和方案对比。
d2,MIMO,22,S-CAU-b,refuse,这个问题我没有可靠资料。知识库中的条目均为车辆保养与日常维护相关内容，不涉及交通违章查询或罚款处理流程，因此我无法给出可靠的办理方法和渠道。建议通过当地交管部门官方平台或客服咨询获取准确信息。
d2,MIMO,23,S-CAU-b,refuse,"这个问题我没有可靠资料。

知识库中的内容全部是关于车辆保养与维护的（如机油、滤芯、刹车、轮胎等），没有任何关于车险续保、保险公司对比或保费的条目。因此我无法为您推荐划算的续保方案，建议咨询保险公司或专业车险比价平台获取信息。"
d2,MIMO,24,S-CAU-b,refuse,这个问题我没有可靠资料。
d2,MIMO,25,S-CAU-b,refuse,"这个问题我没有可靠资料。

知识库中没有关于车辆年检流程及所需材料的条目，因此我无法给出可靠回答。建议您咨询当地车管所或官方渠道获取准确信息。"
d2,MIMO,26,S-CAU-b,refuse,这个问题我没有可靠资料。知识库中的内容主要涉及燃油车的保养与维护（如机油、滤芯、刹车、轮胎等），并不包含关于新能源车购买决策或充电条件的相关信息，因此无法给出有依据的建议。建议咨询新能源车车主论坛、车企销售人员或专业汽车评测机构获取更多信息。
d2,MIMO,27,S-CAU-b,refuse,这个问题我没有可靠资料。知识库中的条目涉及机油、滤芯、火花塞、刹车、轮胎等常规保养内容，没有关于涡轮增压与自然吸气发动机耐用性对比的信息，我无法给出可靠回答。
d2,MIMO,28,S-CAU-b,refuse,这个问题我没有可靠资料。知识库中的条目主要涉及常规保养和易损件更换周期，没有关于仪表盘发动机故障灯亮起后如何处理的内容。建议尽快联系4S店或专业维修人员检测，避免因猜测处理造成更大损失。
d2,MIMO,29,S-CAU-b,refuse,"这个问题我没有可靠资料。

知识库中没有任何关于车钥匙电池更换的条目，我无法提供有依据的更换方法（如电池型号、拆解步骤等），以免误导。建议查阅车辆使用手册或咨询 4S 店/钥匙维修点。"
d2,MIMO,30,S-CAU-b,refuse,这个问题我没有可靠资料。知识库中没有任何关于车内甲醛、异味来源或除味方法的条目，我无法给出有依据的建议，也不想凭印象编造。建议咨询专业检测/治理机构或查阅权威的车内空气质量资料。
d2,MIMO,31,S-CAU-b,refuse,这个问题我没有可靠资料。知识库中没有任何关于行车记录仪品牌的条目，我无法给出有依据的推荐。建议您参考专业测评或车友论坛的实测反馈来选择。
d2,MIMO,32,S-CAU-b,refuse,这个问题我没有可靠资料。知识库中没有任何关于车牌摇号或竞拍的条目，相关内容我无法给出有依据的回答。
d2,MIMO,33,S-CAU-b,refuse,这个问题我没有可靠资料。知识库中的条目主要涉及车辆保养、维修与用车注意事项，未包含关于车贷与全款购车的对比或金融建议。建议您咨询银行、汽车金融公司或专业汽车媒体获取相关信息。
d2,MIMO,34,S-CAU-b,refuse,这个问题我没有可靠资料。知识库中没有关于新车磨合期注意事项的条目，为了不误导您，我不做推测性回答。建议查阅车辆用户手册或咨询经销商获取官方磨合建议。
d2,MIMO,35,S-CAU-b,refuse,这个问题我没有可靠资料。知识库中的条目主要涉及车辆保养与易损件更换（如机油、滤芯、轮胎、刹车等），没有关于车漆刮蹭维修或保险理赔流程的内容，因此我无法给出可靠建议。建议咨询你的保险公司或 4S 店了解具体的报案与理赔流程。
d2,MIMO,36,S-CAU-b,refuse,"这个问题我没有可靠资料。

知识库中的条目主要涉及机油、滤芯、刹车、轮胎、蓄电池等常规保养项目，没有关于儿童安全座椅的选购、接口类型（如 ISOFIX、LATCH、安全带固定）等方面的资料，因此无法给出可靠回答，建议咨询专业渠道或官方安装说明。"
d2,MIMO,37,S-CAU-b,refuse,"这个问题我没有可靠资料。

知识库中的条目涉及保养周期、油液、轮胎、电瓶等常规养护内容，并未包含冬季热车的必要性及热车时长的相关信息，因此我无法给出可靠回答，建议查阅车辆使用手册或咨询厂家售后。"
d2,MIMO,38,S-CAU-b,refuse,"这个问题我没有可靠资料。

知识库中的条目主要涉及保养周期、油液、轮胎、刹车等维护内容，没有关于车内摆放香水、挂件等饰品的规定或安全提示。如需了解相关法规或安全建议（例如部分地区对前挡风玻璃悬挂物的限制），建议咨询当地交管部门或查阅车辆说明书。"
d2,MIMO,39,S-CAU-b,refuse,这个问题我没有可靠资料。知识库中的条目主要涉及保养周期、油液更换、轮胎、电瓶等内容，没有关于自动挡等红灯时挡位选择（N 挡/D 挡）的相关资料，因此无法给出有依据的建议。
d2,MIMO,20,S-CAU-c,refuse,这个问题我没有可靠资料。知识库中的内容均为车辆保养与维护相关，不涉及购车选型建议。
d2,MIMO,21,S-CAU-c,refuse,这个问题我没有可靠资料。知识库中没有关于车衣、镀晶或其价格的相关条目，我无法给出有依据的建议。
d2,MIMO,22,S-CAU-c,refuse,这个问题我没有可靠资料。知识库中的内容均为车辆保养与维护相关，不涉及交通违章查询或罚款处理流程。建议通过当地交管部门官方渠道（如交管12123 App）查询和处理。
d2,MIMO,23,S-CAU-c,refuse,这个问题我没有可靠资料。知识库中的条目全部涉及车辆保养与维护，没有任何关于车险续保或保险公司比较的内容，因此我无法给出有依据的建议。
d2,MIMO,24,S-CAU-c,refuse,这个问题我没有可靠资料。知识库中的条目主要涉及车辆保养与维护，没有关于二手车过户流程或所需材料的内容。建议咨询当地车管所或交管部门获取准确信息。
d2,MIMO,25,S-CAU-c,refuse,这个问题我没有可靠资料。知识库中没有关于车辆年检流程和所需材料的相关条目，建议您咨询当地车管所或交管部门获取准确信息。
d2,MIMO,26,S-CAU-c,refuse,这个问题我没有可靠资料。知识库中的内容主要涉及燃油车的日常保养与维护，没有关于新能源车购买决策或充电条件的相关信息。
d2,MIMO,27,S-CAU-c,refuse,这个问题我没有可靠资料。
d2,MIMO,28,S-CAU-c,refuse,这个问题我没有可靠资料。知识库中没有关于发动机故障灯亮起后如何处理或能否继续行驶的相关内容。建议尽快前往专业维修店或4S店进行检测，以确保行车安全。
d2,MIMO,29,S-CAU-c,refuse,这个问题我没有可靠资料。知识库中没有关于车钥匙电池更换的条目，我无法提供可靠的操作指导，建议查阅车辆用户手册或咨询4S店。
d2,MIMO,30,S-CAU-c,refuse,这个问题我没有可靠资料。知识库中没有关于车内甲醛去除或新车除味的相关条目，我无法给出有依据的建议。
d2,MIMO,31,S-CAU-c,refuse,这个问题我没有可靠资料。知识库中没有关于行车记录仪品牌或选购的相关内容，无法给出有依据的推荐。建议您参考专业评测网站或车友论坛的实测对比。
d2,MIMO,32,S-CAU-c,refuse,这个问题我没有可靠资料。知识库中的条目均为汽车保养维护相关内容，不涉及车牌摇号和竞拍政策。
d2,MIMO,33,S-CAU-c,refuse,这个问题我没有可靠资料。知识库中的内容主要涉及车辆保养与维护，不包含车贷与全款购车的对比信息。
d2,MIMO,34,S-CAU-c,refuse,这个问题我没有可靠资料。知识库中没有关于新车磨合期注意事项的条目，为避免提供不准确的信息，建议您咨询车辆用户手册或授权经销商。
d2,MIMO,35,S-CAU-c,refuse,这个问题我没有可靠资料。知识库中没有关于车漆刮蹭后保险理赔流程的条目，我无法给出可靠的理赔步骤或建议，建议您咨询您的保险公司或4S店获取准确信息。
d2,MIMO,36,S-CAU-c,refuse,这个问题我没有可靠资料。知识库中没有关于儿童安全座椅选购或接口（如 ISOFIX、LATCH 等）的任何条目，我无法给出可靠建议，建议咨询专业渠道或车辆/座椅厂商的官方说明。
d2,MIMO,37,S-CAU-c,refuse,这个问题我没有可靠资料。知识库中没有关于冬季热车的条目，我无法给出有依据的回答。
d2,MIMO,38,S-CAU-c,refuse,这个问题我没有可靠资料。
d2,MIMO,39,S-CAU-c,refuse,这个问题我没有可靠资料。知识库中没有关于自动挡等红灯时挡位选择的条目，我无法给出有依据的建议。
